sku,produto,marca,categoria,nivel,nivel_auto,score,sinapi_codigo,sinapi_descricao,sinapi_unidade,preco_nao_desonerado,preco_desonerado,mes_referencia,revisao,url
6069,TOMADA TV TIPO F BR PVM410BC,LEGRAND,Interruptores e Tomadas,revisado,media,0.542,38105,"TOMADA PARA ANTENA DE TV, CABO COAXIAL DE 9 MM (APENAS MODULO)",UN,11.05,11.05,2026-08,"módulo TV, apenas módulo",https://universoeletrico.com.br/eletrico/produto/tomada-tv-tipo-f-br-pvm410bc/
6074,TOMADA RJ 45 CAT5E 1M BRANCO PVM430BC,LEGRAND,Interruptores e Tomadas,alta,alta,0.605,38104,"TOMADA RJ45, 8 FIOS, CAT 5E (APENAS MODULO)",UN,32.48,32.48,2026-08,,https://universoeletrico.com.br/eletrico/produto/tomada-rj-45-cat5e-1m-branco-pvm430bc/
6065,TOMADA 2P+T 20A 250V VERMELHA 1M BR PVM3163VM,LEGRAND,Interruptores e Tomadas,alta,alta,0.77,38102,"TOMADA 2P+T 20A, 250V (APENAS MODULO)",UN,10.09,10.09,2026-08,,https://universoeletrico.com.br/eletrico/produto/tomada-2pt-20a-250v-vermelha-1m-br-pvm3163vm/
6063,TOMADA 2P+T 20A 250V 1M BR PVM3161BC,LEGRAND,Interruptores e Tomadas,alta,alta,0.8,38102,"TOMADA 2P+T 20A, 250V (APENAS MODULO)",UN,10.09,10.09,2026-08,,https://universoeletrico.com.br/eletrico/produto/tomada-2pt-20a-250v-1m-br-pvm3161bc/
6062,TOMADA 2P+T 10A 250V 1M BR PVM3160BC,LEGRAND,Interruptores e Tomadas,alta,alta,0.789,38101,"TOMADA 2P+T 10A, 250V (APENAS MODULO)",UN,7.89,7.89,2026-08,,https://universoeletrico.com.br/eletrico/produto/tomada-2pt-10a-250v-1m-br-pvm3160bc/
6023,SAIDA DE FIO 1 M BR PV350BC,LEGRAND,Interruptores e Tomadas,sem_par,sem_par,0.382,,,,,,2026-08,,https://universoeletrico.com.br/eletrico/produto/saida-de-fio-1-m-br-pv350bc/
6059,PULSADOR (SEM PICTOGRAMA) 2A 1M BR PVM2310BC,LEGRAND,Interruptores e Tomadas,sem_par,baixa,0.416,,,,,,2026-08,pulsador sem item equivalente,https://universoeletrico.com.br/eletrico/produto/pulsador-sem-pictograma-2a-1m-br-pvm2310bc/
6016,PLACA CEGA 4X4 C/PRÉ CORTE 2XFURO10MM BR PV1106BC,LEGRAND,Interruptores e Tomadas,sem_par,sem_par,0.388,,,,,,2026-08,,https://universoeletrico.com.br/eletrico/produto/placa-cega-4x4-c-pre-corte-2xfuro10mm-br-pv1106bc/
6010,PLACA CEGA 4X2 C/PRÉ CORTE FURO 1MM BR PV1100BC,LEGRAND,Interruptores e Tomadas,revisado,media,0.542,38091,"ESPELHO / PLACA CEGA 4"" X 2"", PARA INSTALACAO DE TOMADAS E INTERRUPTORES",UN,2.44,2.44,2026-08,placa cega 4x2,https://universoeletrico.com.br/eletrico/produto/placa-cega-4x2-c-pre-corte-furo-1mm-br-pv1100bc/
6021,PLACA 3+3 POSTOS SEPARADOS 4X4 BR PV1133BC,LEGRAND,Interruptores e Tomadas,sem_par,sem_par,0.363,,,,,,2026-08,,https://universoeletrico.com.br/eletrico/produto/placa-33-postos-separados-4x4-br-pv1133bc/
6013,PLACA 3 POSTOS 4X2 BR PV1103BC,LEGRAND,Interruptores e Tomadas,alta,alta,0.71,38094,"ESPELHO / PLACA DE 3 POSTOS 4"" X 2"", PARA INSTALACAO DE TOMADAS E INTERRUPTORES",UN,2.94,2.94,2026-08,,https://universoeletrico.com.br/eletrico/produto/placa-3-postos-4x2-br-pv1103bc/
6020,PLACA 2+2 POSTOS SEPARADOS 4X4 BR PV1122BC,LEGRAND,Interruptores e Tomadas,alta,alta,0.634,38096,"ESPELHO / PLACA DE 2 POSTOS 4"" X 4"", PARA INSTALACAO DE TOMADAS E INTERRUPTORES",UN,5.56,5.56,2026-08,,https://universoeletrico.com.br/eletrico/produto/placa-22-postos-separados-4x4-br-pv1122bc/
6012,PLACA 2 POSTOS SEPARADOS 4X2 BR PV1102BC,LEGRAND,Interruptores e Tomadas,alta,alta,0.636,38093,"ESPELHO / PLACA DE 2 POSTOS 4"" X 2"", PARA INSTALACAO DE TOMADAS E INTERRUPTORES",UN,2.4,2.4,2026-08,,https://universoeletrico.com.br/eletrico/produto/placa-2-postos-separados-4x2-br-pv1102bc/
6019,PLACA 1+1 POSTOS 4X4 BR PV1111BC,LEGRAND,Interruptores e Tomadas,sem_par,sem_par,0.376,,,,,,2026-08,,https://universoeletrico.com.br/eletrico/produto/placa-11-postos-4x4-br-pv1111bc/
6011,PLACA 1 POSTO 4X2 BR PV1101BC,LEGRAND,Interruptores e Tomadas,alta,alta,0.731,38092,"ESPELHO / PLACA DE 1 POSTO 4"" X 2"", PARA INSTALACAO DE TOMADAS E INTERRUPTORES",UN,2.32,2.32,2026-08,,https://universoeletrico.com.br/eletrico/produto/placa-1-posto-4x2-br-pv1101bc/
6022,MODULO CEGO 1M BR PV150BC,LEGRAND,Interruptores e Tomadas,sem_par,sem_par,0.359,,,,,,2026-08,,https://universoeletrico.com.br/eletrico/produto/modulo-cego-1m-br-pv150bc/
6054,INTERRUPTOR SIMPLES 10A 250V 1 M BR PVM2110BC,LEGRAND,Interruptores e Tomadas,alta,alta,0.796,38112,"INTERRUPTOR SIMPLES 10A, 250V (APENAS MODULO)",UN,6.93,6.93,2026-08,,https://universoeletrico.com.br/eletrico/produto/interruptor-simples-10a-250v-1-m-br-pvm2110bc/
6057,INTERRUPTOR PARALELO 10A 250V 1M BR PVM2210BC,LEGRAND,Interruptores e Tomadas,alta,alta,0.804,38113,"INTERRUPTOR PARALELO 10A, 250V (APENAS MODULO)",UN,9.03,9.03,2026-08,,https://universoeletrico.com.br/eletrico/produto/interruptor-paralelo-10a-250v-1m-br-pvm2210bc/
6053,INTERRUPTOR INTERMEDIARIO 10A 250V 1M BR PVM2010BC,LEGRAND,Interruptores e Tomadas,alta,alta,0.811,38115,"INTERRUPTOR INTERMEDIARIO 10 A, 250 V (APENAS MODULO)",UN,19.18,19.18,2026-08,,https://universoeletrico.com.br/eletrico/produto/interruptor-intermediario-10a-250v-1m-br-pvm2010bc/
6056,INTERRUPTOR BIPOLAR SIMPLES 25A 1M BR PVM2114BC,LEGRAND,Interruptores e Tomadas,sem_par,sem_par,0.22,,,,,,2026-08,,https://universoeletrico.com.br/eletrico/produto/interruptor-bipolar-simples-25a-1m-br-pvm2114bc/
6055,INTERRUPTOR BIPOLAR SIMP 10A 250V 1M BR PVM2113BC,LEGRAND,Interruptores e Tomadas,alta,alta,0.649,38114,"INTERRUPTOR BIPOLAR SIMPLES 10 A, 250 V (APENAS MODULO)",UN,17.96,17.96,2026-08,,https://universoeletrico.com.br/eletrico/produto/interruptor-bipolar-simp-10a-250v-1m-br-pvm2113bc/
6058,INTERRUPTOR BIPOLAR PARALELO 10A 1M BR PVM2215BC,LEGRAND,Interruptores e Tomadas,sem_par,media,0.588,,,,,,2026-08,bipolar paralelo inexistente,https://universoeletrico.com.br/eletrico/produto/interruptor-bipolar-paralelo-10a-1m-br-pvm2215bc/
6066,"CARREGADOR USB TIPO A 1M 7,5W BR PVM3408BC",LEGRAND,Interruptores e Tomadas,sem_par,sem_par,0.101,,,,,,2026-08,,https://universoeletrico.com.br/eletrico/produto/carregador-usb-tipo-a-1m-75w-br-pvm3408bc/
6072,CAMPAINHA CIGARRA 127V 1M BR PVM613BC,LEGRAND,Interruptores e Tomadas,alta,alta,0.732,38106,CAMPAINHA CIGARRA 127 V / 220 V (APENAS MODULO),UN,18.57,18.57,2026-08,,https://universoeletrico.com.br/eletrico/produto/campainha-cigarra-127v-1m-br-pvm613bc/
6028,3 INTERRUPTORES SIMPLES 10A 250V 4X2 BR PVC2130BC,LEGRAND,Interruptores e Tomadas,alta,alta,0.73,38071,"INTERRUPTORES SIMPLES (3 MODULOS) 10A, 250V, CONJUNTO MONTADO PARA EMBUTIR 4"" X 2"" (PLACA + SUPORTE + MODULOS)",UN,17.46,17.46,2026-08,,https://universoeletrico.com.br/eletrico/produto/3-interruptores-simples-10a-250v-4x2-br-pvc2130bc/
6042,2 TOMADAS 2P+T 20A 250V 4X2 BR PVC3171BC,LEGRAND,Interruptores e Tomadas,familia,baixa,0.582,38076,"TOMADAS (2 MODULOS) 2P+T 10A, 250V, CONJUNTO MONTADO PARA EMBUTIR 4"" X 2"" (PLACA + SUPORTE + MODULOS)",UN,18.0,18.0,2026-08,"duas tomadas 20A, só 10A",https://universoeletrico.com.br/eletrico/produto/2-tomadas-2pt-20a-250v-4x2-br-pvc3171bc/
6041,2 TOMADAS 2P+T 10A 250V 4X2 BR PVC3170BC,LEGRAND,Interruptores e Tomadas,alta,alta,0.714,38076,"TOMADAS (2 MODULOS) 2P+T 10A, 250V, CONJUNTO MONTADO PARA EMBUTIR 4"" X 2"" (PLACA + SUPORTE + MODULOS)",UN,18.0,18.0,2026-08,,https://universoeletrico.com.br/eletrico/produto/2-tomadas-2pt-10a-250v-4x2-br-pvc3170bc/
6027,2 INTERRUPTORES SIMPLES 10A 250V 4X2 PVC2120BC,LEGRAND,Interruptores e Tomadas,alta,alta,0.738,38068,"INTERRUPTORES SIMPLES (2 MODULOS) 10A, 250V, CONJUNTO MONTADO PARA EMBUTIR 4"" X 2"" (PLACA + SUPORTE + MODULOS)",UN,14.61,14.61,2026-08,,https://universoeletrico.com.br/eletrico/produto/2-interruptores-simples-10a-250v-4x2-pvc2120bc/
6030,2 INTERRUPTORES PARALEL 10A 250V 4X2 BR PVC2220BC,LEGRAND,Interruptores e Tomadas,revisado,media,0.556,38070,"INTERRUPTORES PARALELOS (2 MODULOS) 10A, 250V, CONJUNTO MONTADO PARA EMBUTIR 4"" X 2"" (PLACA + SUPORTE + MODULOS)",UN,16.87,16.87,2026-08,2 interruptores paralelos conjunto,https://universoeletrico.com.br/eletrico/produto/2-interruptores-paralel-10a-250v-4x2-br-pvc2220bc/
6040,1 TOMADA 2P+T 20A 250V 4X2 BR PVC3161BC,LEGRAND,Interruptores e Tomadas,alta,alta,0.739,38075,"TOMADA 2P+T 20A 250V, CONJUNTO MONTADO PARA EMBUTIR 4"" X 2"" (PLACA + SUPORTE + MODULO)",UN,16.06,16.06,2026-08,,https://universoeletrico.com.br/eletrico/produto/1-tomada-2pt-20a-250v-4x2-br-pvc3161bc/
6039,1 TOMADA 2P+T 10A 250V 4X2 BR PVC3160BC,LEGRAND,Interruptores e Tomadas,alta,alta,0.737,12147,"TOMADA 2P+T 10A, 250V, CONJUNTO MONTADO PARA SOBREPOR 4"" X 2"" (CAIXA + MODULO)",UN,14.13,14.13,2026-08,,https://universoeletrico.com.br/eletrico/produto/1-tomada-2pt-10a-250v-4x2-br-pvc3160bc/
6025,1 INTERRUPTOR SIMPLES 10A 250V 4X2 BR PVC2110BC,LEGRAND,Interruptores e Tomadas,alta,alta,0.748,12128,"INTERRUPTOR SIMPLES 10A, 250V, CONJUNTO MONTADO PARA SOBREPOR 4"" X 2"" (CAIXA + MODULO)",UN,9.51,9.51,2026-08,,https://universoeletrico.com.br/eletrico/produto/1-interruptor-simples-10a-250v-4x2-br-pvc2110bc/
6029,1 INTERRUPTOR PARALELO 10A 250V 4X2 PVC2210BC,LEGRAND,Interruptores e Tomadas,alta,alta,0.757,38063,"INTERRUPTOR PARALELO 10A, 250V, CONJUNTO MONTADO PARA EMBUTIR 4"" X 2"" (PLACA + SUPORTE + MODULO)",UN,9.69,9.69,2026-08,,https://universoeletrico.com.br/eletrico/produto/1-interruptor-paralelo-10a-250v-4x2-pvc2210bc/
6035,1 INTER SIMPLES 10A + 1 PARAL 10A 4X2 BR PVC2921BC,LEGRAND,Interruptores e Tomadas,sem_par,sem_par,0.355,,,,,,2026-08,,https://universoeletrico.com.br/eletrico/produto/1-inter-simples-10a-1-paral-10a-4x2-br-pvc2921bc/
6049,1 INTER SIMP 10A+1 TOMADA 2P+T20A 4X2 BR PVC7103BC,LEGRAND,Interruptores e Tomadas,sem_par,sem_par,0.34,,,,,,2026-08,,https://universoeletrico.com.br/eletrico/produto/1-inter-simp-10a1-tomada-2pt20a-4x2-br-pvc7103bc/
6047,1 INTER SIMP 10A+1 TOMADA 2P+T10A 4X2 BR PVC7101BC,LEGRAND,Interruptores e Tomadas,sem_par,sem_par,0.386,,,,,,2026-08,,https://universoeletrico.com.br/eletrico/produto/1-inter-simp-10a1-tomada-2pt10a-4x2-br-pvc7101bc/
59228,*CARREGADOR 2X USB TIPO A+C 3A BRANCO 615095BC,LEGRAND,Interruptores e Tomadas,sem_par,sem_par,0.247,,,,,,2026-08,,https://universoeletrico.com.br/eletrico/produto/carregador-2x-usb-tipo-ac-3a-branco-615095bc/
98042,TOMADA RJ45 CAT 5E UTP LCS2 1 MODULO 680158,LEGRAND,Interruptores e Tomadas,revisado,media,0.572,38104,"TOMADA RJ45, 8 FIOS, CAT 5E (APENAS MODULO)",UN,32.48,32.48,2026-08,RJ45 cat5e módulo,https://universoeletrico.com.br/eletrico/produto/tomada-rj45-cat-5e-utp-lcs2-1-modulo-680158/
98040,TOMADA RJ11 1 MODULO 680156,LEGRAND,Interruptores e Tomadas,alta,alta,0.745,38103,"TOMADA RJ11, 2 FIOS (APENAS MODULO)",UN,16.59,16.59,2026-08,,https://universoeletrico.com.br/eletrico/produto/tomada-rj11-1-modulo-680156/
45054,TOMADA P/INFOR. RJ45 C/CAIXA SISTEMA X 675018,LEGRAND,Interruptores e Tomadas,familia,baixa,0.467,38104,"TOMADA RJ45, 8 FIOS, CAT 5E (APENAS MODULO)",UN,32.48,32.48,2026-08,"RJ45 sobrepor, sem variante",https://universoeletrico.com.br/eletrico/produto/tomada-p-infor-rj45-c-caixa-sistema-x-675018/
46128,TOMADA EMB. 2P+T 20A PADR. BRAS. S/PLACA 54333,LEGRAND,Interruptores e Tomadas,familia,media,0.593,38075,"TOMADA 2P+T 20A 250V, CONJUNTO MONTADO PARA EMBUTIR 4"" X 2"" (PLACA + SUPORTE + MODULO)",UN,16.06,16.06,2026-08,"tomada 20A sem placa, sem módulo",https://universoeletrico.com.br/eletrico/produto/tomada-emb-2pt-20a-padr-bras-s-placa-54333/
46127,TOMADA EMB. 2P+T 10A PADR. BRAS. S/PLACA 54328,LEGRAND,Interruptores e Tomadas,familia,media,0.581,7528,"TOMADA 2P+T 10A, 250V, CONJUNTO MONTADO PARA EMBUTIR 4"" X 2"" (PLACA + SUPORTE + MODULO)",UN,9.27,9.27,2026-08,"tomada 10A sem placa, sem módulo",https://universoeletrico.com.br/eletrico/produto/tomada-emb-2pt-10a-padr-bras-s-placa-54328/
98138,TOMADA DADOS RJ45 CAT 5E UTP LCS2 1M PT 680158PT,LEGRAND,Interruptores e Tomadas,revisado,media,0.532,38104,"TOMADA RJ45, 8 FIOS, CAT 5E (APENAS MODULO)",UN,32.48,32.48,2026-08,RJ45 cat5e módulo,https://universoeletrico.com.br/eletrico/produto/tomada-dados-rj45-cat-5e-utp-lcs2-1m-pt-680158pt/
98137,TOMADA DADOS RJ45 CAT 5E UTP LCS2 1M CZ 680158CZ,LEGRAND,Interruptores e Tomadas,revisado,media,0.527,38104,"TOMADA RJ45, 8 FIOS, CAT 5E (APENAS MODULO)",UN,32.48,32.48,2026-08,RJ45 cat5e módulo,https://universoeletrico.com.br/eletrico/produto/tomada-dados-rj45-cat-5e-utp-lcs2-1m-cz-680158cz/
47010,TOMADA COM TRAVA 3P+T 30A SEM PLACA 56403,LEGRAND,Interruptores e Tomadas,alta,alta,0.789,7524,"TOMADA INDUSTRIAL DE EMBUTIR 3P+T 30 A, 440 V, COM TRAVA, SEM PLACA",UN,43.01,43.01,2026-08,,https://universoeletrico.com.br/eletrico/produto/tomada-com-trava-3pt-30a-sem-placa-56403/
98136,TOMADA ANTENA TV TIPO F 1M PRETA 680157PT,LEGRAND,Interruptores e Tomadas,alta,alta,0.667,38105,"TOMADA PARA ANTENA DE TV, CABO COAXIAL DE 9 MM (APENAS MODULO)",UN,11.05,11.05,2026-08,,https://universoeletrico.com.br/eletrico/produto/tomada-antena-tv-tipo-f-1m-preta-680157pt/
98135,TOMADA ANTENA TV TIPO F 1M CINZA 680157CZ,LEGRAND,Interruptores e Tomadas,alta,alta,0.679,38105,"TOMADA PARA ANTENA DE TV, CABO COAXIAL DE 9 MM (APENAS MODULO)",UN,11.05,11.05,2026-08,,https://universoeletrico.com.br/eletrico/produto/tomada-antena-tv-tipo-f-1m-cinza-680157cz/
98041,TOMADA ANTENA TV 1 MODULO 680157,LEGRAND,Interruptores e Tomadas,alta,alta,0.715,38105,"TOMADA PARA ANTENA DE TV, CABO COAXIAL DE 9 MM (APENAS MODULO)",UN,11.05,11.05,2026-08,,https://universoeletrico.com.br/eletrico/produto/tomada-antena-tv-1-modulo-680157/
45074,TOMADA 2P+T 20A PADRAO BRAS. SISTEMA X 675061,LEGRAND,Interruptores e Tomadas,revisado,media,0.538,38102,"TOMADA 2P+T 20A, 250V (APENAS MODULO)",UN,10.09,10.09,2026-08,tomada 20A módulo,https://universoeletrico.com.br/eletrico/produto/tomada-2pt-20a-padrao-bras-sistema-x-675061/
47018,TOMADA 2P+T 20A P. BRASILEIRO AQUATIC 64219,LEGRAND,Interruptores e Tomadas,revisado,baixa,0.462,38102,"TOMADA 2P+T 20A, 250V (APENAS MODULO)",UN,10.09,10.09,2026-08,tomada 20A módulo,https://universoeletrico.com.br/eletrico/produto/tomada-2pt-20a-p-brasileiro-aquatic-64219/
98142,TOMADA 2P+T 20A 250V PRETA 680161PT,LEGRAND,Interruptores e Tomadas,alta,alta,0.801,38102,"TOMADA 2P+T 20A, 250V (APENAS MODULO)",UN,10.09,10.09,2026-08,,https://universoeletrico.com.br/eletrico/produto/tomada-2pt-20a-250v-preta-680161pt/
98141,TOMADA 2P+T 20A 250V CINZA 680161CZ,LEGRAND,Interruptores e Tomadas,alta,alta,0.788,38102,"TOMADA 2P+T 20A, 250V (APENAS MODULO)",UN,10.09,10.09,2026-08,,https://universoeletrico.com.br/eletrico/produto/tomada-2pt-20a-250v-cinza-680161cz/
98059,TOMADA 2P+T 20A 1 MODULO VM 680161VM,LEGRAND,Interruptores e Tomadas,alta,alta,0.742,38102,"TOMADA 2P+T 20A, 250V (APENAS MODULO)",UN,10.09,10.09,2026-08,,https://universoeletrico.com.br/eletrico/produto/tomada-2pt-20a-1-modulo-vm-680161vm/
98044,TOMADA 2P+T 20A 1 MODULO 680161,LEGRAND,Interruptores e Tomadas,alta,alta,0.77,38102,"TOMADA 2P+T 20A, 250V (APENAS MODULO)",UN,10.09,10.09,2026-08,,https://universoeletrico.com.br/eletrico/produto/tomada-2pt-20a-1-modulo-680161/
46133,TOMADA 2P+T 10A PADRAO BRASIL. C/PLACA 54343,LEGRAND,Interruptores e Tomadas,revisado,baixa,0.494,7528,"TOMADA 2P+T 10A, 250V, CONJUNTO MONTADO PARA EMBUTIR 4"" X 2"" (PLACA + SUPORTE + MODULO)",UN,9.27,9.27,2026-08,tomada 10A com placa embutir,https://universoeletrico.com.br/eletrico/produto/tomada-2pt-10a-padrao-brasil-c-placa-54343/
46125,TOMADA 2P+T 10A PADR. BRAS. SOBREPOR 9997,LEGRAND,Interruptores e Tomadas,revisado,baixa,0.554,12147,"TOMADA 2P+T 10A, 250V, CONJUNTO MONTADO PARA SOBREPOR 4"" X 2"" (CAIXA + MODULO)",UN,14.13,14.13,2026-08,tomada 10A sobrepor,https://universoeletrico.com.br/eletrico/produto/tomada-2pt-10a-padr-bras-sobrepor-9997/
45073,TOMADA 2P+T 10A P. BRASILEIRO SISTEMA X 675060,LEGRAND,Interruptores e Tomadas,revisado,media,0.509,38101,"TOMADA 2P+T 10A, 250V (APENAS MODULO)",UN,7.89,7.89,2026-08,tomada 10A módulo,https://universoeletrico.com.br/eletrico/produto/tomada-2pt-10a-p-brasileiro-sistema-x-675060/
47017,TOMADA 2P+T 10A P. BRASILEIRO AQUATIC 64218,LEGRAND,Interruptores e Tomadas,revisado,baixa,0.45,38101,"TOMADA 2P+T 10A, 250V (APENAS MODULO)",UN,7.89,7.89,2026-08,tomada 10A módulo,https://universoeletrico.com.br/eletrico/produto/tomada-2pt-10a-p-brasileiro-aquatic-64218/
98140,TOMADA 2P+T 10A 250V PRETA 680160PT,LEGRAND,Interruptores e Tomadas,alta,alta,0.789,38101,"TOMADA 2P+T 10A, 250V (APENAS MODULO)",UN,7.89,7.89,2026-08,,https://universoeletrico.com.br/eletrico/produto/tomada-2pt-10a-250v-preta-680160pt/
98139,TOMADA 2P+T 10A 250V CINZA 680160CZ,LEGRAND,Interruptores e Tomadas,alta,alta,0.785,38101,"TOMADA 2P+T 10A, 250V (APENAS MODULO)",UN,7.89,7.89,2026-08,,https://universoeletrico.com.br/eletrico/produto/tomada-2pt-10a-250v-cinza-680160cz/
98084,TOMADA 2P+T 10A 250V 4X2 PRETA 680110PT,LEGRAND,Interruptores e Tomadas,alta,alta,0.756,12147,"TOMADA 2P+T 10A, 250V, CONJUNTO MONTADO PARA SOBREPOR 4"" X 2"" (CAIXA + MODULO)",UN,14.13,14.13,2026-08,,https://universoeletrico.com.br/eletrico/produto/tomada-2pt-10a-250v-4x2-preta-680110pt/
98083,TOMADA 2P+T 10A 250V 4X2 CINZA 680110CZ,LEGRAND,Interruptores e Tomadas,alta,alta,0.758,12147,"TOMADA 2P+T 10A, 250V, CONJUNTO MONTADO PARA SOBREPOR 4"" X 2"" (CAIXA + MODULO)",UN,14.13,14.13,2026-08,,https://universoeletrico.com.br/eletrico/produto/tomada-2pt-10a-250v-4x2-cinza-680110cz/
98043,TOMADA 2P+T 10A 1 MODULO 680160,LEGRAND,Interruptores e Tomadas,alta,alta,0.776,38101,"TOMADA 2P+T 10A, 250V (APENAS MODULO)",UN,7.89,7.89,2026-08,,https://universoeletrico.com.br/eletrico/produto/tomada-2pt-10a-1-modulo-680160/
45021,TE PARA CANALETA 20X12MM 30993X,LEGRAND,Interruptores e Tomadas,sem_par,sem_par,0.217,,,,,,2026-08,,https://universoeletrico.com.br/eletrico/produto/te-para-canaleta-20x12mm-30993x/
38078,TAMPA FLEXIVEL LARGURA 130MM X 2MT 10524,LEGRAND,Interruptores e Tomadas,sem_par,sem_par,0.267,,,,,,2026-08,,https://universoeletrico.com.br/eletrico/produto/tampa-flexivel-largura-130mm-x-2mt-10524/
38077,TAMPA FLEXIVEL LARGURA 65MM X 2MT 10521,LEGRAND,Interruptores e Tomadas,sem_par,sem_par,0.262,,,,,,2026-08,,https://universoeletrico.com.br/eletrico/produto/tampa-flexivel-largura-65mm-x-2mt-10521/
45001,TAMPA EXTREMIDADE PARA CANALETA 50X20MM 29900X,LEGRAND,Interruptores e Tomadas,sem_par,sem_par,0.238,,,,,,2026-08,,https://universoeletrico.com.br/eletrico/produto/tampa-extremidade-para-canaleta-50x20mm-29900x/
45011,TAMPA EXTREMIDADE PARA CANALETA 110X20MM 30400X,LEGRAND,Interruptores e Tomadas,sem_par,sem_par,0.262,,,,,,2026-08,,https://universoeletrico.com.br/eletrico/produto/tampa-extremidade-para-canaleta-110x20mm-30400x/
38104,TAMPA DE EXTREMIDADE P/CANALETA 80X50MM 10722,LEGRAND,Interruptores e Tomadas,sem_par,sem_par,0.284,,,,,,2026-08,,https://universoeletrico.com.br/eletrico/produto/tampa-de-extremidade-p-canaleta-80x50mm-10722/
38102,TAMPA DE EXTREMIDADE P/CANALETA 150X50MM 10706,LEGRAND,Interruptores e Tomadas,sem_par,sem_par,0.22,,,,,,2026-08,,https://universoeletrico.com.br/eletrico/produto/tampa-de-extremidade-p-canaleta-150x50mm-10706/
83057,SUPORTE PARA CAIXA 4X4 612124,LEGRAND,Interruptores e Tomadas,revisado,media,0.514,38100,"SUPORTE DE FIXACAO PARA ESPELHO / PLACA 4"" X 4"", PARA 6 MODULOS, PARA INSTALACAO DE TOMADAS E INTERRUPTORES (SOMENTE SUPORTE)",UN,2.49,2.49,2026-08,suporte 4x4,https://universoeletrico.com.br/eletrico/produto/suporte-para-caixa-4x4-612124/
83056,SUPORTE PARA CAIXA 4X2 612122,LEGRAND,Interruptores e Tomadas,revisado,baixa,0.496,38099,"SUPORTE DE FIXACAO PARA ESPELHO / PLACA 4"" X 2"", PARA 3 MODULOS, PARA INSTALACAO DE TOMADAS E INTERRUPTORES (SOMENTE SUPORTE)",UN,1.52,1.52,2026-08,suporte 4x2 3 módulos,https://universoeletrico.com.br/eletrico/produto/suporte-para-caixa-4x2-612122/
83055,SUPORTE P/CX.4X2 1 MODULO VERTICAL 612121,LEGRAND,Interruptores e Tomadas,sem_par,sem_par,0.357,,,,,,2026-08,,https://universoeletrico.com.br/eletrico/produto/suporte-p-cx-4x2-1-modulo-vertical-612121/
59111,SUPORTE 4X2 PLUS+ 612122NT,LEGRAND,Interruptores e Tomadas,revisado,media,0.548,38099,"SUPORTE DE FIXACAO PARA ESPELHO / PLACA 4"" X 2"", PARA 3 MODULOS, PARA INSTALACAO DE TOMADAS E INTERRUPTORES (SOMENTE SUPORTE)",UN,1.52,1.52,2026-08,suporte 4x2,https://universoeletrico.com.br/eletrico/produto/suporte-4x2-plus-612122nt/
38074,SEPARADOR PARA CANALETA EVOLUTIVA COMPRI 10472,LEGRAND,Interruptores e Tomadas,sem_par,sem_par,0.292,,,,,,2026-08,,https://universoeletrico.com.br/eletrico/produto/separador-para-canaleta-evolutiva-compri-10472/
59066,SENSOR PRESENCA UNIV.BIVLT BC PLUS+ 4X2 611026BC,LEGRAND,Interruptores e Tomadas,sem_par,sem_par,0.187,,,,,,2026-08,,https://universoeletrico.com.br/eletrico/produto/sensor-presenca-univ-bivlt-bc-plus-4x2-611026bc/
98152,SAIDA DE FIO 1 MODULO PRETA 680167PT,LEGRAND,Interruptores e Tomadas,sem_par,sem_par,0.344,,,,,,2026-08,,https://universoeletrico.com.br/eletrico/produto/saida-de-fio-1-modulo-preta-680167pt/
98151,SAIDA DE FIO 1 MODULO CINZA 680167CZ,LEGRAND,Interruptores e Tomadas,sem_par,sem_par,0.358,,,,,,2026-08,,https://universoeletrico.com.br/eletrico/produto/saida-de-fio-1-modulo-cinza-680167cz/
98047,SAIDA DE FIO 1 MODULO 680167,LEGRAND,Interruptores e Tomadas,sem_par,sem_par,0.318,,,,,,2026-08,,https://universoeletrico.com.br/eletrico/produto/saida-de-fio-1-modulo-680167/
46003,PULSADOR CAMPAINHA SINO GRAVADO S/ PLACA 1002,LEGRAND,Interruptores e Tomadas,sem_par,sem_par,0.15,,,,,,2026-08,,https://universoeletrico.com.br/eletrico/produto/pulsador-campainha-sino-gravado-s-placa-1002/
46149,PLUGUE MACHO TRIANG. 2P P. BRASIL. CINZA 615844,LEGRAND,Interruptores e Tomadas,sem_par,sem_par,0.358,,,,,,2026-08,,https://universoeletrico.com.br/eletrico/produto/plugue-macho-triang-2p-p-brasil-cinza-615844/
46153,PLUGUE MACHO 2P+T PAD. BRASIL. 20A CINZA 615873,LEGRAND,Interruptores e Tomadas,sem_par,sem_par,0.286,,,,,,2026-08,,https://universoeletrico.com.br/eletrico/produto/plugue-macho-2pt-pad-brasil-20a-cinza-615873/
46156,PLUGUE FEMEA 2P+T PAD. BRASIL. CINZA 615876,LEGRAND,Interruptores e Tomadas,sem_par,sem_par,0.373,,,,,,2026-08,,https://universoeletrico.com.br/eletrico/produto/plugue-femea-2pt-pad-brasil-cinza-615876/
46155,PLUGUE FEMEA 2P PADRAO BRASIL. 20A CINZA 615875,LEGRAND,Interruptores e Tomadas,sem_par,sem_par,0.343,,,,,,2026-08,,https://universoeletrico.com.br/eletrico/produto/plugue-femea-2p-padrao-brasil-20a-cinza-615875/
47012,PLUG COM SAIDA LATERAL 3P+T 32A 56406,LEGRAND,Interruptores e Tomadas,sem_par,sem_par,0.272,,,,,,2026-08,,https://universoeletrico.com.br/eletrico/produto/plug-com-saida-lateral-3pt-32a-56406/
46072,PLACA PARA CAIXA 4X4 CEGA 8500,LEGRAND,Interruptores e Tomadas,revisado,baixa,0.463,38095,"ESPELHO / PLACA CEGA 4"" X 4"", PARA INSTALACAO DE TOMADAS E INTERRUPTORES",UN,5.17,5.17,2026-08,placa cega 4x4,https://universoeletrico.com.br/eletrico/produto/placa-para-caixa-4x4-cega-8500/
46092,PLACA PARA CAIXA 4X4 2 POSTOS REDONDOS 8555,LEGRAND,Interruptores e Tomadas,revisado,baixa,0.491,38096,"ESPELHO / PLACA DE 2 POSTOS 4"" X 4"", PARA INSTALACAO DE TOMADAS E INTERRUPTORES",UN,5.56,5.56,2026-08,placa 2 postos 4x4,https://universoeletrico.com.br/eletrico/produto/placa-para-caixa-4x4-2-postos-redondos-8555/
46081,PLACA PARA CAIXA 4X4 1+1 POSTO 8511,LEGRAND,Interruptores e Tomadas,sem_par,sem_par,0.287,,,,,,2026-08,,https://universoeletrico.com.br/eletrico/produto/placa-para-caixa-4x4-11-posto-8511/
46080,PLACA PARA CAIXA 4X2 CEGA 8510,LEGRAND,Interruptores e Tomadas,revisado,baixa,0.521,38091,"ESPELHO / PLACA CEGA 4"" X 2"", PARA INSTALACAO DE TOMADAS E INTERRUPTORES",UN,2.44,2.44,2026-08,placa cega 4x2,https://universoeletrico.com.br/eletrico/produto/placa-para-caixa-4x2-cega-8510/
46075,PLACA PARA CAIXA 4X2 3 POSTOS 8503,LEGRAND,Interruptores e Tomadas,revisado,baixa,0.58,38094,"ESPELHO / PLACA DE 3 POSTOS 4"" X 2"", PARA INSTALACAO DE TOMADAS E INTERRUPTORES",UN,2.94,2.94,2026-08,placa 3 postos 4x2,https://universoeletrico.com.br/eletrico/produto/placa-para-caixa-4x2-3-postos-8503/
46077,PLACA PARA CAIXA 4X2 2 POSTOS SEPARADOS 8506,LEGRAND,Interruptores e Tomadas,revisado,baixa,0.509,38093,"ESPELHO / PLACA DE 2 POSTOS 4"" X 2"", PARA INSTALACAO DE TOMADAS E INTERRUPTORES",UN,2.4,2.4,2026-08,placa 2 postos 4x2,https://universoeletrico.com.br/eletrico/produto/placa-para-caixa-4x2-2-postos-separados-8506/
46073,PLACA PARA CAIXA 4X2 1 POSTO 8501,LEGRAND,Interruptores e Tomadas,revisado,baixa,0.555,38092,"ESPELHO / PLACA DE 1 POSTO 4"" X 2"", PARA INSTALACAO DE TOMADAS E INTERRUPTORES",UN,2.32,2.32,2026-08,placa 1 posto 4x2,https://universoeletrico.com.br/eletrico/produto/placa-para-caixa-4x2-1-posto-8501/
46079,PLACA PARA CAIXA 4X2 1 FURO SAIDA FIO 8508,LEGRAND,Interruptores e Tomadas,sem_par,sem_par,0.394,,,,,,2026-08,,https://universoeletrico.com.br/eletrico/produto/placa-para-caixa-4x2-1-furo-saida-fio-8508/
83115,PLACA PARA CAIXA 4 CEGA REDONDA 618540,LEGRAND,Interruptores e Tomadas,revisado,media,0.531,38095,"ESPELHO / PLACA CEGA 4"" X 4"", PARA INSTALACAO DE TOMADAS E INTERRUPTORES",UN,5.17,5.17,2026-08,placa cega 4x4 redonda,https://universoeletrico.com.br/eletrico/produto/placa-para-caixa-4-cega-redonda-618540/
83116,PLACA PARA CAIXA 3 CEGA BRANCA 608528,LEGRAND,Interruptores e Tomadas,sem_par,sem_par,0.22,,,,,,2026-08,,https://universoeletrico.com.br/eletrico/produto/placa-para-caixa-3-cega-branca-608528/
38119,PLACA P/ MECANISMO PIALPLUS 3 POSTOS 10883,LEGRAND,Interruptores e Tomadas,revisado,media,0.52,38094,"ESPELHO / PLACA DE 3 POSTOS 4"" X 2"", PARA INSTALACAO DE TOMADAS E INTERRUPTORES",UN,2.94,2.94,2026-08,placa 3 postos 4x2,https://universoeletrico.com.br/eletrico/produto/placa-p-mecanismo-pialplus-3-postos-10883/
38118,PLACA P/ MECANISMO PIALPLUS 2 POSTOS 10882,LEGRAND,Interruptores e Tomadas,revisado,media,0.517,38093,"ESPELHO / PLACA DE 2 POSTOS 4"" X 2"", PARA INSTALACAO DE TOMADAS E INTERRUPTORES",UN,2.4,2.4,2026-08,placa 2 postos 4x2,https://universoeletrico.com.br/eletrico/produto/placa-p-mecanismo-pialplus-2-postos-10882/
38117,PLACA P/ MECANISMO PIALPLUS 1 POSTO 10881,LEGRAND,Interruptores e Tomadas,revisado,media,0.518,38092,"ESPELHO / PLACA DE 1 POSTO 4"" X 2"", PARA INSTALACAO DE TOMADAS E INTERRUPTORES",UN,2.32,2.32,2026-08,placa 1 posto 4x2,https://universoeletrico.com.br/eletrico/produto/placa-p-mecanismo-pialplus-1-posto-10881/
59196,PLACA CEGA 4X4 PRETA PLUS+ 618510PT,LEGRAND,Interruptores e Tomadas,alta,alta,0.696,38095,"ESPELHO / PLACA CEGA 4"" X 4"", PARA INSTALACAO DE TOMADAS E INTERRUPTORES",UN,5.17,5.17,2026-08,,https://universoeletrico.com.br/eletrico/produto/placa-cega-4x4-preta-plus-618510pt/
98154,PLACA CEGA 4X4 PRETA 680173PT,LEGRAND,Interruptores e Tomadas,alta,alta,0.715,38095,"ESPELHO / PLACA CEGA 4"" X 4"", PARA INSTALACAO DE TOMADAS E INTERRUPTORES",UN,5.17,5.17,2026-08,,https://universoeletrico.com.br/eletrico/produto/placa-cega-4x4-preta-680173pt/
98048,PLACA CEGA 4X4 COM SUPORTE 680173,LEGRAND,Interruptores e Tomadas,alta,alta,0.633,38095,"ESPELHO / PLACA CEGA 4"" X 4"", PARA INSTALACAO DE TOMADAS E INTERRUPTORES",UN,5.17,5.17,2026-08,,https://universoeletrico.com.br/eletrico/produto/placa-cega-4x4-com-suporte-680173/
59195,PLACA CEGA 4X4 CINZA PLUS+ 618510CZ,LEGRAND,Interruptores e Tomadas,alta,alta,0.693,38095,"ESPELHO / PLACA CEGA 4"" X 4"", PARA INSTALACAO DE TOMADAS E INTERRUPTORES",UN,5.17,5.17,2026-08,,https://universoeletrico.com.br/eletrico/produto/placa-cega-4x4-cinza-plus-618510cz/
98153,PLACA CEGA 4X4 CINZA 680173CZ,LEGRAND,Interruptores e Tomadas,alta,alta,0.706,38095,"ESPELHO / PLACA CEGA 4"" X 4"", PARA INSTALACAO DE TOMADAS E INTERRUPTORES",UN,5.17,5.17,2026-08,,https://universoeletrico.com.br/eletrico/produto/placa-cega-4x4-cinza-680173cz/
59189,PLACA CEGA 4X4 BRANCA PLUS+ 618510BC,LEGRAND,Interruptores e Tomadas,alta,alta,0.699,38095,"ESPELHO / PLACA CEGA 4"" X 4"", PARA INSTALACAO DE TOMADAS E INTERRUPTORES",UN,5.17,5.17,2026-08,,https://universoeletrico.com.br/eletrico/produto/placa-cega-4x4-branca-plus-618510bc/
59172,PLACA CEGA 4X2 PRETA PLUS+ 618500PT,LEGRAND,Interruptores e Tomadas,alta,alta,0.672,38091,"ESPELHO / PLACA CEGA 4"" X 2"", PARA INSTALACAO DE TOMADAS E INTERRUPTORES",UN,2.44,2.44,2026-08,,https://universoeletrico.com.br/eletrico/produto/placa-cega-4x2-preta-plus-618500pt/
98166,PLACA CEGA 4X2 PRETA 680180PT,LEGRAND,Interruptores e Tomadas,alta,alta,0.709,38091,"ESPELHO / PLACA CEGA 4"" X 2"", PARA INSTALACAO DE TOMADAS E INTERRUPTORES",UN,2.44,2.44,2026-08,,https://universoeletrico.com.br/eletrico/produto/placa-cega-4x2-preta-680180pt/
98054,PLACA CEGA 4X2 COM SUPORTE 680180,LEGRAND,Interruptores e Tomadas,alta,alta,0.614,38091,"ESPELHO / PLACA CEGA 4"" X 2"", PARA INSTALACAO DE TOMADAS E INTERRUPTORES",UN,2.44,2.44,2026-08,,https://universoeletrico.com.br/eletrico/produto/placa-cega-4x2-com-suporte-680180/
59171,PLACA CEGA 4X2 CINZA PLUS+ 618500CZ,LEGRAND,Interruptores e Tomadas,alta,alta,0.678,38091,"ESPELHO / PLACA CEGA 4"" X 2"", PARA INSTALACAO DE TOMADAS E INTERRUPTORES",UN,2.44,2.44,2026-08,,https://universoeletrico.com.br/eletrico/produto/placa-cega-4x2-cinza-plus-618500cz/
98165,PLACA CEGA 4X2 CINZA 680180CZ,LEGRAND,Interruptores e Tomadas,alta,alta,0.7,38091,"ESPELHO / PLACA CEGA 4"" X 2"", PARA INSTALACAO DE TOMADAS E INTERRUPTORES",UN,2.44,2.44,2026-08,,https://universoeletrico.com.br/eletrico/produto/placa-cega-4x2-cinza-680180cz/
83113,PLACA 4X4 3+3 POSTOS SEPARADOS BRANCA 618516,LEGRAND,Interruptores e Tomadas,sem_par,sem_par,0.363,,,,,,2026-08,,https://universoeletrico.com.br/eletrico/produto/placa-4x4-33-postos-separados-branca-618516/
83112,PLACA 4X4 2+2 POSTOS SEPARADOS BRANCA 618514,LEGRAND,Interruptores e Tomadas,alta,alta,0.624,38096,"ESPELHO / PLACA DE 2 POSTOS 4"" X 4"", PARA INSTALACAO DE TOMADAS E INTERRUPTORES",UN,5.56,5.56,2026-08,,https://universoeletrico.com.br/eletrico/produto/placa-4x4-22-postos-separados-branca-618514/
83110,PLACA 4X4 1+1 POSTO BRANCA 618511,LEGRAND,Interruptores e Tomadas,sem_par,sem_par,0.398,,,,,,2026-08,,https://universoeletrico.com.br/eletrico/produto/placa-4x4-11-posto-branca-618511/
83109,PLACA 4X4 CEGA BRANCA 618510,LEGRAND,Interruptores e Tomadas,alta,alta,0.666,38095,"ESPELHO / PLACA CEGA 4"" X 4"", PARA INSTALACAO DE TOMADAS E INTERRUPTORES",UN,5.17,5.17,2026-08,,https://universoeletrico.com.br/eletrico/produto/placa-4x4-cega-branca-618510/
83111,PLACA 4X4 2+2 POSTOS BRANCA 618512,LEGRAND,Interruptores e Tomadas,alta,alta,0.701,38096,"ESPELHO / PLACA DE 2 POSTOS 4"" X 4"", PARA INSTALACAO DE TOMADAS E INTERRUPTORES",UN,5.56,5.56,2026-08,,https://universoeletrico.com.br/eletrico/produto/placa-4x4-22-postos-branca-618512/
83103,PLACA 4X2 CEGA BRANCA 618500,LEGRAND,Interruptores e Tomadas,alta,alta,0.649,38091,"ESPELHO / PLACA CEGA 4"" X 2"", PARA INSTALACAO DE TOMADAS E INTERRUPTORES",UN,2.44,2.44,2026-08,,https://universoeletrico.com.br/eletrico/produto/placa-4x2-cega-branca-618500/
83104,PLACA 4X2 1 POSTO VERTICAL BR 618501,LEGRAND,Interruptores e Tomadas,alta,alta,0.617,38092,"ESPELHO / PLACA DE 1 POSTO 4"" X 2"", PARA INSTALACAO DE TOMADAS E INTERRUPTORES",UN,2.32,2.32,2026-08,,https://universoeletrico.com.br/eletrico/produto/placa-4x2-1-posto-vertical-br-618501/
83107,PLACA 4X2 1 POSTO HORIZONTAL BRANCA 618505,LEGRAND,Interruptores e Tomadas,alta,alta,0.613,38092,"ESPELHO / PLACA DE 1 POSTO 4"" X 2"", PARA INSTALACAO DE TOMADAS E INTERRUPTORES",UN,2.32,2.32,2026-08,,https://universoeletrico.com.br/eletrico/produto/placa-4x2-1-posto-horizontal-branca-618505/
83106,PLACA 4X2 3 POSTOS BRANCA 618503,LEGRAND,Interruptores e Tomadas,alta,alta,0.696,38094,"ESPELHO / PLACA DE 3 POSTOS 4"" X 2"", PARA INSTALACAO DE TOMADAS E INTERRUPTORES",UN,2.94,2.94,2026-08,,https://universoeletrico.com.br/eletrico/produto/placa-4x2-3-postos-branca-618503/
83108,PLACA 4X2 2 POSTOS SEPARADOS BRANCA 618506,LEGRAND,Interruptores e Tomadas,alta,alta,0.621,38093,"ESPELHO / PLACA DE 2 POSTOS 4"" X 2"", PARA INSTALACAO DE TOMADAS E INTERRUPTORES",UN,2.4,2.4,2026-08,,https://universoeletrico.com.br/eletrico/produto/placa-4x2-2-postos-separados-branca-618506/
83105,PLACA 4X2 2 POSTOS BRANCA 618502,LEGRAND,Interruptores e Tomadas,alta,alta,0.695,38093,"ESPELHO / PLACA DE 2 POSTOS 4"" X 2"", PARA INSTALACAO DE TOMADAS E INTERRUPTORES",UN,2.4,2.4,2026-08,,https://universoeletrico.com.br/eletrico/produto/placa-4x2-2-postos-branca-618502/
98162,PLACA 3+3 POSTOS SEPARADOS 4X4 PRETA 680177PT,LEGRAND,Interruptores e Tomadas,sem_par,sem_par,0.367,,,,,,2026-08,,https://universoeletrico.com.br/eletrico/produto/placa-33-postos-separados-4x4-preta-680177pt/
98161,PLACA 3+3 POSTOS SEPARADOS 4X4 CINZA 680177CZ,LEGRAND,Interruptores e Tomadas,sem_par,sem_par,0.367,,,,,,2026-08,,https://universoeletrico.com.br/eletrico/produto/placa-33-postos-separados-4x4-cinza-680177cz/
98052,PLACA 3+3 POSTOS SEPARADOS 4X4 C SUPORTE 680177,LEGRAND,Interruptores e Tomadas,sem_par,sem_par,0.335,,,,,,2026-08,,https://universoeletrico.com.br/eletrico/produto/placa-33-postos-separados-4x4-c-suporte-680177/
98160,PLACA 3+3 POSTOS JUNTOS 4X4 PRETA 680176PT,LEGRAND,Interruptores e Tomadas,sem_par,sem_par,0.366,,,,,,2026-08,,https://universoeletrico.com.br/eletrico/produto/placa-33-postos-juntos-4x4-preta-680176pt/
98051,PLACA 3+3 POSTOS JUNTOS 4X4 COM SUPORTE 680176,LEGRAND,Interruptores e Tomadas,sem_par,sem_par,0.34,,,,,,2026-08,,https://universoeletrico.com.br/eletrico/produto/placa-33-postos-juntos-4x4-com-suporte-680176/
98159,PLACA 3+3 POSTOS JUNTOS 4X4 CINZA 680176CZ,LEGRAND,Interruptores e Tomadas,sem_par,sem_par,0.362,,,,,,2026-08,,https://universoeletrico.com.br/eletrico/produto/placa-33-postos-juntos-4x4-cinza-680176cz/
59211,PLACA 3+3 POSTOS 4X4 PRETO ONIX PLUS+ 618516PO,LEGRAND,Interruptores e Tomadas,sem_par,sem_par,0.333,,,,,,2026-08,,https://universoeletrico.com.br/eletrico/produto/placa-33-postos-4x4-preto-onix-plus-618516po/
59212,PLACA 3+3 POSTOS 4X4 PRETA PLUS+ 618516PT,LEGRAND,Interruptores e Tomadas,sem_par,sem_par,0.396,,,,,,2026-08,,https://universoeletrico.com.br/eletrico/produto/placa-33-postos-4x4-preta-plus-618516pt/
59210,PLACA 3+3 POSTOS 4X4 PEROLA PLUS+ 618516PE,LEGRAND,Interruptores e Tomadas,sem_par,sem_par,0.35,,,,,,2026-08,,https://universoeletrico.com.br/eletrico/produto/placa-33-postos-4x4-perola-plus-618516pe/
59208,PLACA 3+3 POSTOS 4X4 CINZA PLUS+ 618516CZ,LEGRAND,Interruptores e Tomadas,revisado,baixa,0.404,38098,"ESPELHO / PLACA DE 6 POSTOS 4"" X 4"", PARA INSTALACAO DE TOMADAS E INTERRUPTORES",UN,5.96,5.96,2026-08,3+3 postos 4x4 = 6 postos,https://universoeletrico.com.br/eletrico/produto/placa-33-postos-4x4-cinza-plus-618516cz/
59207,PLACA 3+3 POSTOS 4X4 BRANCA PLUS+ 618516BC,LEGRAND,Interruptores e Tomadas,revisado,baixa,0.406,38099,"SUPORTE DE FIXACAO PARA ESPELHO / PLACA 4"" X 2"", PARA 3 MODULOS, PARA INSTALACAO DE TOMADAS E INTERRUPTORES (SOMENTE SUPORTE)",UN,1.52,1.52,2026-08,3+3 postos 4x4 = 6 postos,https://universoeletrico.com.br/eletrico/produto/placa-33-postos-4x4-branca-plus-618516bc/
98191,PLACA 3 POSTOS SEPARADOS 4X2 PRETA 680183PT,LEGRAND,Interruptores e Tomadas,alta,alta,0.642,38094,"ESPELHO / PLACA DE 3 POSTOS 4"" X 2"", PARA INSTALACAO DE TOMADAS E INTERRUPTORES",UN,2.94,2.94,2026-08,,https://universoeletrico.com.br/eletrico/produto/placa-3-postos-separados-4x2-preta-680183pt/
98057,PLACA 3 POSTOS SEPARADOS 4X2 COM SUPORTE 680183,LEGRAND,Interruptores e Tomadas,familia,media,0.591,38094,"ESPELHO / PLACA DE 3 POSTOS 4"" X 2"", PARA INSTALACAO DE TOMADAS E INTERRUPTORES",UN,2.94,2.94,2026-08,"placa com suporte, só placa",https://universoeletrico.com.br/eletrico/produto/placa-3-postos-separados-4x2-com-suporte-680183/
98171,PLACA 3 POSTOS SEPARADOS 4X2 CINZA 680183CZ,LEGRAND,Interruptores e Tomadas,alta,alta,0.635,38094,"ESPELHO / PLACA DE 3 POSTOS 4"" X 2"", PARA INSTALACAO DE TOMADAS E INTERRUPTORES",UN,2.94,2.94,2026-08,,https://universoeletrico.com.br/eletrico/produto/placa-3-postos-separados-4x2-cinza-680183cz/
98053,PLACA 3 POSTOS JUN+3 POSTOS SEPAR C SUP 680178,LEGRAND,Interruptores e Tomadas,sem_par,media,0.532,,,,,,2026-08,3+3 postos 4x2 sem item,https://universoeletrico.com.br/eletrico/produto/placa-3-postos-jun3-postos-separ-c-sup-680178/
59184,PLACA 3 POSTOS 4X2 PRETO ONIX PLUS+ 618503PO,LEGRAND,Interruptores e Tomadas,revisado,media,0.591,38094,"ESPELHO / PLACA DE 3 POSTOS 4"" X 2"", PARA INSTALACAO DE TOMADAS E INTERRUPTORES",UN,2.94,2.94,2026-08,placa 3 postos 4x2,https://universoeletrico.com.br/eletrico/produto/placa-3-postos-4x2-preto-onix-plus-618503po/
59185,PLACA 3 POSTOS 4X2 PRETA PLUS+ 618503PT,LEGRAND,Interruptores e Tomadas,alta,alta,0.699,38094,"ESPELHO / PLACA DE 3 POSTOS 4"" X 2"", PARA INSTALACAO DE TOMADAS E INTERRUPTORES",UN,2.94,2.94,2026-08,,https://universoeletrico.com.br/eletrico/produto/placa-3-postos-4x2-preta-plus-618503pt/
59183,PLACA 3 POSTOS 4X2 PEROLA PLUS+ 618503PE,LEGRAND,Interruptores e Tomadas,alta,alta,0.618,38094,"ESPELHO / PLACA DE 3 POSTOS 4"" X 2"", PARA INSTALACAO DE TOMADAS E INTERRUPTORES",UN,2.94,2.94,2026-08,,https://universoeletrico.com.br/eletrico/produto/placa-3-postos-4x2-perola-plus-618503pe/
59181,PLACA 3 POSTOS 4X2 CINZA PLUS+ 618503CZ,LEGRAND,Interruptores e Tomadas,alta,alta,0.709,38094,"ESPELHO / PLACA DE 3 POSTOS 4"" X 2"", PARA INSTALACAO DE TOMADAS E INTERRUPTORES",UN,2.94,2.94,2026-08,,https://universoeletrico.com.br/eletrico/produto/placa-3-postos-4x2-cinza-plus-618503cz/
59180,PLACA 3 POSTOS 4X2 BRANCA PLUS+ 618503BC,LEGRAND,Interruptores e Tomadas,alta,alta,0.712,38094,"ESPELHO / PLACA DE 3 POSTOS 4"" X 2"", PARA INSTALACAO DE TOMADAS E INTERRUPTORES",UN,2.94,2.94,2026-08,,https://universoeletrico.com.br/eletrico/produto/placa-3-postos-4x2-branca-plus-618503bc/
59179,PLACA 3 POSTOS 4X2 ALUMINIO PLUS+ 618503AL,LEGRAND,Interruptores e Tomadas,alta,alta,0.643,38094,"ESPELHO / PLACA DE 3 POSTOS 4"" X 2"", PARA INSTALACAO DE TOMADAS E INTERRUPTORES",UN,2.94,2.94,2026-08,,https://universoeletrico.com.br/eletrico/produto/placa-3-postos-4x2-aluminio-plus-618503al/
98158,PLACA 2+2 POSTOS SEPARADOS 4X4 PRETA 680175PT,LEGRAND,Interruptores e Tomadas,alta,alta,0.631,38096,"ESPELHO / PLACA DE 2 POSTOS 4"" X 4"", PARA INSTALACAO DE TOMADAS E INTERRUPTORES",UN,5.56,5.56,2026-08,,https://universoeletrico.com.br/eletrico/produto/placa-22-postos-separados-4x4-preta-680175pt/
98157,PLACA 2+2 POSTOS SEPARADOS 4X4 CINZA 680175CZ,LEGRAND,Interruptores e Tomadas,alta,alta,0.631,38096,"ESPELHO / PLACA DE 2 POSTOS 4"" X 4"", PARA INSTALACAO DE TOMADAS E INTERRUPTORES",UN,5.56,5.56,2026-08,,https://universoeletrico.com.br/eletrico/produto/placa-22-postos-separados-4x4-cinza-680175cz/
98050,PLACA 2+2 POSTOS SEPARADOS 4X4 C SUPORTE 680175,LEGRAND,Interruptores e Tomadas,sem_par,media,0.577,,,,,,2026-08,2+2 postos 4x4 com suporte sem item,https://universoeletrico.com.br/eletrico/produto/placa-22-postos-separados-4x4-c-suporte-680175/
59205,PLACA 2+2 POSTOS SEPAR4X4 PT PLUS+ 618514PT,LEGRAND,Interruptores e Tomadas,alta,alta,0.649,38093,"ESPELHO / PLACA DE 2 POSTOS 4"" X 2"", PARA INSTALACAO DE TOMADAS E INTERRUPTORES",UN,2.4,2.4,2026-08,,https://universoeletrico.com.br/eletrico/produto/placa-22-postos-separ4x4-pt-plus-618514pt/
59204,PLACA 2+2 POSTOS SEPAR4X4 CZ PLUS+ 618514CZ,LEGRAND,Interruptores e Tomadas,alta,alta,0.649,38093,"ESPELHO / PLACA DE 2 POSTOS 4"" X 2"", PARA INSTALACAO DE TOMADAS E INTERRUPTORES",UN,2.4,2.4,2026-08,,https://universoeletrico.com.br/eletrico/produto/placa-22-postos-separ4x4-cz-plus-618514cz/
59203,PLACA 2+2 POSTOS SEPAR4X4 BC PLUS+ 618514BC,LEGRAND,Interruptores e Tomadas,alta,alta,0.649,38093,"ESPELHO / PLACA DE 2 POSTOS 4"" X 2"", PARA INSTALACAO DE TOMADAS E INTERRUPTORES",UN,2.4,2.4,2026-08,,https://universoeletrico.com.br/eletrico/produto/placa-22-postos-separ4x4-bc-plus-618514bc/
59202,PLACA 2+2 POSTOS 4X4 PRETA PLUS+ 618512PT,LEGRAND,Interruptores e Tomadas,alta,alta,0.703,38096,"ESPELHO / PLACA DE 2 POSTOS 4"" X 4"", PARA INSTALACAO DE TOMADAS E INTERRUPTORES",UN,5.56,5.56,2026-08,,https://universoeletrico.com.br/eletrico/produto/placa-22-postos-4x4-preta-plus-618512pt/
59201,PLACA 2+2 POSTOS 4X4 CINZA PLUS+ 618512CZ,LEGRAND,Interruptores e Tomadas,alta,alta,0.713,38096,"ESPELHO / PLACA DE 2 POSTOS 4"" X 4"", PARA INSTALACAO DE TOMADAS E INTERRUPTORES",UN,5.56,5.56,2026-08,,https://universoeletrico.com.br/eletrico/produto/placa-22-postos-4x4-cinza-plus-618512cz/
59200,PLACA 2+2 POSTOS 4X4 BRANCA PLUS+ 618512BC,LEGRAND,Interruptores e Tomadas,alta,alta,0.714,38096,"ESPELHO / PLACA DE 2 POSTOS 4"" X 4"", PARA INSTALACAO DE TOMADAS E INTERRUPTORES",UN,5.56,5.56,2026-08,,https://universoeletrico.com.br/eletrico/produto/placa-22-postos-4x4-branca-plus-618512bc/
59188,PLACA 2 POSTOS SEPAR 4X2 PT PLUS+ 618506PT,LEGRAND,Interruptores e Tomadas,revisado,media,0.588,38093,"ESPELHO / PLACA DE 2 POSTOS 4"" X 2"", PARA INSTALACAO DE TOMADAS E INTERRUPTORES",UN,2.4,2.4,2026-08,placa 2 postos 4x2,https://universoeletrico.com.br/eletrico/produto/placa-2-postos-separ-4x2-pt-plus-618506pt/
59187,PLACA 2 POSTOS SEPAR 4X2 CZ PLUS+ 618506CZ,LEGRAND,Interruptores e Tomadas,revisado,media,0.587,38093,"ESPELHO / PLACA DE 2 POSTOS 4"" X 2"", PARA INSTALACAO DE TOMADAS E INTERRUPTORES",UN,2.4,2.4,2026-08,placa 2 postos 4x2,https://universoeletrico.com.br/eletrico/produto/placa-2-postos-separ-4x2-cz-plus-618506cz/
59186,PLACA 2 POSTOS SEPAR 4X2 BC PLUS+ 618506BC,LEGRAND,Interruptores e Tomadas,revisado,media,0.578,38093,"ESPELHO / PLACA DE 2 POSTOS 4"" X 2"", PARA INSTALACAO DE TOMADAS E INTERRUPTORES",UN,2.4,2.4,2026-08,placa 2 postos 4x2,https://universoeletrico.com.br/eletrico/produto/placa-2-postos-separ-4x2-bc-plus-618506bc/
98056,PLACA 2 POSTOS DIST. 4X2 COM SUPORTE 680182,LEGRAND,Interruptores e Tomadas,alta,alta,0.623,38093,"ESPELHO / PLACA DE 2 POSTOS 4"" X 2"", PARA INSTALACAO DE TOMADAS E INTERRUPTORES",UN,2.4,2.4,2026-08,,https://universoeletrico.com.br/eletrico/produto/placa-2-postos-dist-4x2-com-suporte-680182/
59178,PLACA 2 POSTOS 4X2 PRETA PLUS+ 618502PT,LEGRAND,Interruptores e Tomadas,alta,alta,0.696,38093,"ESPELHO / PLACA DE 2 POSTOS 4"" X 2"", PARA INSTALACAO DE TOMADAS E INTERRUPTORES",UN,2.4,2.4,2026-08,,https://universoeletrico.com.br/eletrico/produto/placa-2-postos-4x2-preta-plus-618502pt/
59177,PLACA 2 POSTOS 4X2 CINZA PLUS+ 618502CZ,LEGRAND,Interruptores e Tomadas,alta,alta,0.705,38093,"ESPELHO / PLACA DE 2 POSTOS 4"" X 2"", PARA INSTALACAO DE TOMADAS E INTERRUPTORES",UN,2.4,2.4,2026-08,,https://universoeletrico.com.br/eletrico/produto/placa-2-postos-4x2-cinza-plus-618502cz/
59176,PLACA 2 POSTOS 4X2 BRANCA PLUS+ 618502BC,LEGRAND,Interruptores e Tomadas,alta,alta,0.708,38093,"ESPELHO / PLACA DE 2 POSTOS 4"" X 2"", PARA INSTALACAO DE TOMADAS E INTERRUPTORES",UN,2.4,2.4,2026-08,,https://universoeletrico.com.br/eletrico/produto/placa-2-postos-4x2-branca-plus-618502bc/
98170,PLACA 2 POSTO SEPARADOS 4X2 PRETA 680182PT,LEGRAND,Interruptores e Tomadas,revisado,media,0.542,38093,"ESPELHO / PLACA DE 2 POSTOS 4"" X 2"", PARA INSTALACAO DE TOMADAS E INTERRUPTORES",UN,2.4,2.4,2026-08,placa 2 postos 4x2,https://universoeletrico.com.br/eletrico/produto/placa-2-posto-separados-4x2-preta-680182pt/
98169,PLACA 2 POSTO SEPARADOS 4X2 CINZA 680182CZ,LEGRAND,Interruptores e Tomadas,revisado,media,0.531,38093,"ESPELHO / PLACA DE 2 POSTOS 4"" X 2"", PARA INSTALACAO DE TOMADAS E INTERRUPTORES",UN,2.4,2.4,2026-08,placa 2 postos 4x2,https://universoeletrico.com.br/eletrico/produto/placa-2-posto-separados-4x2-cinza-680182cz/
98156,PLACA 1+1 POSTOS 4X4 PRETA 680174PT,LEGRAND,Interruptores e Tomadas,sem_par,sem_par,0.374,,,,,,2026-08,,https://universoeletrico.com.br/eletrico/produto/placa-11-postos-4x4-preta-680174pt/
98155,PLACA 1+1 POSTOS 4X4 CINZA 680174CZ,LEGRAND,Interruptores e Tomadas,sem_par,sem_par,0.326,,,,,,2026-08,,https://universoeletrico.com.br/eletrico/produto/placa-11-postos-4x4-cinza-680174cz/
59199,PLACA 1+1 POSTO 4X4 PRETA PLUS+ 618511PT,LEGRAND,Interruptores e Tomadas,sem_par,sem_par,0.396,,,,,,2026-08,,https://universoeletrico.com.br/eletrico/produto/placa-11-posto-4x4-preta-plus-618511pt/
98049,PLACA 1+1 POSTO 4X4 COM SUPORTE 680174,LEGRAND,Interruptores e Tomadas,sem_par,baixa,0.43,,,,,,2026-08,1+1 4x4 com suporte sem item,https://universoeletrico.com.br/eletrico/produto/placa-11-posto-4x4-com-suporte-680174/
59198,PLACA 1+1 POSTO 4X4 CINZA PLUS+ 618511CZ,LEGRAND,Interruptores e Tomadas,sem_par,sem_par,0.399,,,,,,2026-08,,https://universoeletrico.com.br/eletrico/produto/placa-11-posto-4x4-cinza-plus-618511cz/
59197,PLACA 1+1 POSTO 4X4 BRANCA PLUS+ 618511BC,LEGRAND,Interruptores e Tomadas,revisado,baixa,0.402,38096,"ESPELHO / PLACA DE 2 POSTOS 4"" X 4"", PARA INSTALACAO DE TOMADAS E INTERRUPTORES",UN,5.56,5.56,2026-08,1+1 postos 4x4 = 2 postos 4x4,https://universoeletrico.com.br/eletrico/produto/placa-11-posto-4x4-branca-plus-618511bc/
59175,PLACA 1 POSTO HORIZ. 4X2 PRETA PLUS+ 618501PT,LEGRAND,Interruptores e Tomadas,alta,alta,0.68,38092,"ESPELHO / PLACA DE 1 POSTO 4"" X 2"", PARA INSTALACAO DE TOMADAS E INTERRUPTORES",UN,2.32,2.32,2026-08,,https://universoeletrico.com.br/eletrico/produto/placa-1-posto-horiz-4x2-preta-plus-618501pt/
59173,PLACA 1 POSTO HORIZ. 4X2 BRANCA PLUS+ 618501BC,LEGRAND,Interruptores e Tomadas,alta,alta,0.676,38092,"ESPELHO / PLACA DE 1 POSTO 4"" X 2"", PARA INSTALACAO DE TOMADAS E INTERRUPTORES",UN,2.32,2.32,2026-08,,https://universoeletrico.com.br/eletrico/produto/placa-1-posto-horiz-4x2-branca-plus-618501bc/
98168,PLACA 1 POSTO 4X2 PRETA 680181PT,LEGRAND,Interruptores e Tomadas,alta,alta,0.743,38092,"ESPELHO / PLACA DE 1 POSTO 4"" X 2"", PARA INSTALACAO DE TOMADAS E INTERRUPTORES",UN,2.32,2.32,2026-08,,https://universoeletrico.com.br/eletrico/produto/placa-1-posto-4x2-preta-680181pt/
98055,PLACA 1 POSTO 4X2 COM SUPORTE 680181,LEGRAND,Interruptores e Tomadas,alta,alta,0.651,38092,"ESPELHO / PLACA DE 1 POSTO 4"" X 2"", PARA INSTALACAO DE TOMADAS E INTERRUPTORES",UN,2.32,2.32,2026-08,,https://universoeletrico.com.br/eletrico/produto/placa-1-posto-4x2-com-suporte-680181/
98167,PLACA 1 POSTO 4X2 CINZA 680181CZ,LEGRAND,Interruptores e Tomadas,alta,alta,0.732,38092,"ESPELHO / PLACA DE 1 POSTO 4"" X 2"", PARA INSTALACAO DE TOMADAS E INTERRUPTORES",UN,2.32,2.32,2026-08,,https://universoeletrico.com.br/eletrico/produto/placa-1-posto-4x2-cinza-680181cz/
98118,PLACA 1 POSTO + SAIDA DE FIO 4X2 PRETA 680137PT,LEGRAND,Interruptores e Tomadas,alta,alta,0.605,38092,"ESPELHO / PLACA DE 1 POSTO 4"" X 2"", PARA INSTALACAO DE TOMADAS E INTERRUPTORES",UN,2.32,2.32,2026-08,,https://universoeletrico.com.br/eletrico/produto/placa-1-posto-saida-de-fio-4x2-preta-680137pt/
98117,PLACA 1 POSTO + SAIDA DE FIO 4X2 CINZA 680137CZ,LEGRAND,Interruptores e Tomadas,sem_par,media,0.596,,,,,,2026-08,saída de fio sem equivalente,https://universoeletrico.com.br/eletrico/produto/placa-1-posto-saida-de-fio-4x2-cinza-680137cz/
98029,PLACA 1 POSTO + SAIDA DE FIO 4X2 680137,LEGRAND,Interruptores e Tomadas,alta,alta,0.611,38092,"ESPELHO / PLACA DE 1 POSTO 4"" X 2"", PARA INSTALACAO DE TOMADAS E INTERRUPTORES",UN,2.32,2.32,2026-08,,https://universoeletrico.com.br/eletrico/produto/placa-1-posto-saida-de-fio-4x2-680137/
47107,PLACA CEGA 2X4 AQUATIC 64231,LEGRAND,Interruptores e Tomadas,revisado,media,0.542,38091,"ESPELHO / PLACA CEGA 4"" X 2"", PARA INSTALACAO DE TOMADAS E INTERRUPTORES",UN,2.44,2.44,2026-08,placa cega 4x2,https://universoeletrico.com.br/eletrico/produto/placa-cega-2x4-aquatic-64231/
46160,PLACA 4X2 1 POSTO PADRAO BRASILEIRO 54396,LEGRAND,Interruptores e Tomadas,revisado,media,0.559,38092,"ESPELHO / PLACA DE 1 POSTO 4"" X 2"", PARA INSTALACAO DE TOMADAS E INTERRUPTORES",UN,2.32,2.32,2026-08,placa 1 posto 4x2,https://universoeletrico.com.br/eletrico/produto/placa-4x2-1-posto-padrao-brasileiro-54396/
83008,MODULO VARIADOR LUMINOS. ROT. 500W 220V 611018,LEGRAND,Interruptores e Tomadas,familia,baixa,0.412,38109,"VARIADOR DE LUMINOSIDADE ROTATIVO (DIMMER) 220 V, 600 W (APENAS MODULO)",UN,77.16,77.16,2026-08,"dimmer 500W, SINAPI 600W",https://universoeletrico.com.br/eletrico/produto/modulo-variador-luminos-rot-500w-220v-611018/
83007,MODULO VARIADOR LUMINOS. ROT. 300W 127V 611017,LEGRAND,Interruptores e Tomadas,revisado,media,0.575,38108,"VARIADOR DE LUMINOSIDADE ROTATIVO (DIMMER) 127 V, 300 W (APENAS MODULO)",UN,48.28,48.28,2026-08,dimmer 127V 300W módulo,https://universoeletrico.com.br/eletrico/produto/modulo-variador-luminos-rot-300w-127v-611017/
83082,MODULO TOMADA REDE INFORMAT.RJ45 BR CAT5 615045,LEGRAND,Interruptores e Tomadas,revisado,baixa,0.457,38104,"TOMADA RJ45, 8 FIOS, CAT 5E (APENAS MODULO)",UN,32.48,32.48,2026-08,RJ45 cat5e módulo,https://universoeletrico.com.br/eletrico/produto/modulo-tomada-rede-informat-rj45-br-cat5-615045/
83067,MODULO TOMADA PARA TELEFONE RJ11 BRANCO 615011,LEGRAND,Interruptores e Tomadas,revisado,baixa,0.438,38103,"TOMADA RJ11, 2 FIOS (APENAS MODULO)",UN,16.59,16.59,2026-08,RJ11 módulo,https://universoeletrico.com.br/eletrico/produto/modulo-tomada-para-telefone-rj11-branco-615011/
83075,MODULO TOMADA PARA ANTENA DE TV BRANCO 615030,LEGRAND,Interruptores e Tomadas,alta,alta,0.641,38105,"TOMADA PARA ANTENA DE TV, CABO COAXIAL DE 9 MM (APENAS MODULO)",UN,11.05,11.05,2026-08,,https://universoeletrico.com.br/eletrico/produto/modulo-tomada-para-antena-de-tv-branco-615030/
83117,MODULO TOMADA INFORMATICA RJ45 CAT6. 615047,LEGRAND,Interruptores e Tomadas,sem_par,sem_par,0.341,,,,,,2026-08,,https://universoeletrico.com.br/eletrico/produto/modulo-tomada-informatica-rj45-cat6-615047/
83130,MODULO TOM. 2P+T P.BRASIL. VERMELHO 20A 615079,LEGRAND,Interruptores e Tomadas,revisado,media,0.526,38102,"TOMADA 2P+T 20A, 250V (APENAS MODULO)",UN,10.09,10.09,2026-08,tomada 20A módulo,https://universoeletrico.com.br/eletrico/produto/modulo-tom-2pt-p-brasil-vermelho-20a-615079/
83133,MODULO TOM. 2P+T P. BRASIL.DEDICADA 20A 615082,LEGRAND,Interruptores e Tomadas,revisado,media,0.525,38102,"TOMADA 2P+T 20A, 250V (APENAS MODULO)",UN,10.09,10.09,2026-08,tomada 20A módulo,https://universoeletrico.com.br/eletrico/produto/modulo-tom-2pt-p-brasil-dedicada-20a-615082/
59088,MODULO SAIDA DE FIO CINZA PLUS+ 611048CZ,LEGRAND,Interruptores e Tomadas,sem_par,sem_par,0.365,,,,,,2026-08,,https://universoeletrico.com.br/eletrico/produto/modulo-saida-de-fio-cinza-plus-611048cz/
83021,MODULO SAIDA DE FIO BRANCO 611048,LEGRAND,Interruptores e Tomadas,sem_par,sem_par,0.351,,,,,,2026-08,,https://universoeletrico.com.br/eletrico/produto/modulo-saida-de-fio-branco-611048/
59087,MODULO SAIDA DE FIO BRANCA PLUS+ 611048BC,LEGRAND,Interruptores e Tomadas,sem_par,sem_par,0.365,,,,,,2026-08,,https://universoeletrico.com.br/eletrico/produto/modulo-saida-de-fio-branca-plus-611048bc/
59089,MODULO SAIDA DE FIO PRETA PLUS+ 611048PT,LEGRAND,Interruptores e Tomadas,sem_par,sem_par,0.35,,,,,,2026-08,,https://universoeletrico.com.br/eletrico/produto/modulo-saida-de-fio-preta-plus-611048pt/
83004,MODULO PULSADOR MINUTERIA BRANCO 611003,LEGRAND,Interruptores e Tomadas,alta,alta,0.617,38117,"PULSADOR MINUTERIA 10A, 250V (APENAS MODULO)",UN,9.89,9.89,2026-08,,https://universoeletrico.com.br/eletrico/produto/modulo-pulsador-minuteria-branco-611003/
83003,MODULO PULSADOR CAMPAINHA BRANCO 611002,LEGRAND,Interruptores e Tomadas,alta,alta,0.608,38116,"PULSADOR CAMPAINHA 10A, 250V (APENAS MODULO)",UN,5.81,5.81,2026-08,,https://universoeletrico.com.br/eletrico/produto/modulo-pulsador-campainha-branco-611002/
83001,MODULO INTERRUPTOR SIMPLES BRANCO 611000,LEGRAND,Interruptores e Tomadas,revisado,media,0.597,38112,"INTERRUPTOR SIMPLES 10A, 250V (APENAS MODULO)",UN,6.93,6.93,2026-08,interruptor simples módulo,https://universoeletrico.com.br/eletrico/produto/modulo-interruptor-simples-branco-611000/
83002,MODULO INTERRUPTOR PARALELO BRANCO 611001,LEGRAND,Interruptores e Tomadas,revisado,media,0.593,38113,"INTERRUPTOR PARALELO 10A, 250V (APENAS MODULO)",UN,9.03,9.03,2026-08,interruptor paralelo módulo,https://universoeletrico.com.br/eletrico/produto/modulo-interruptor-paralelo-branco-611001/
83041,MODULO INTERRUPTOR BIPOLAR SIMPLES BR. 612005,LEGRAND,Interruptores e Tomadas,alta,alta,0.631,38114,"INTERRUPTOR BIPOLAR SIMPLES 10 A, 250 V (APENAS MODULO)",UN,17.96,17.96,2026-08,,https://universoeletrico.com.br/eletrico/produto/modulo-interruptor-bipolar-simples-br-612005/
83043,MODULO INTERRUPTOR BIPOLAR PARALELO BR 612008,LEGRAND,Interruptores e Tomadas,sem_par,media,0.501,,,,,,2026-08,bipolar paralelo inexistente,https://universoeletrico.com.br/eletrico/produto/modulo-interruptor-bipolar-paralelo-br-612008/
83044,MODULO INTERRUPTOR BIPOLAR 25A.BRANCO 612016,LEGRAND,Interruptores e Tomadas,sem_par,sem_par,0.171,,,,,,2026-08,,https://universoeletrico.com.br/eletrico/produto/modulo-interruptor-bipolar-25a-branco-612016/
83020,MODULO CEGO BRANCO 611047,LEGRAND,Interruptores e Tomadas,sem_par,sem_par,0.348,,,,,,2026-08,,https://universoeletrico.com.br/eletrico/produto/modulo-cego-branco-611047/
59084,MODULO CEGO BRANCA PLUS+ 611047BC,LEGRAND,Interruptores e Tomadas,sem_par,sem_par,0.347,,,,,,2026-08,,https://universoeletrico.com.br/eletrico/produto/modulo-cego-branca-plus-611047bc/
98148,MODULO CEGO 1M PRETA 680165PT,LEGRAND,Interruptores e Tomadas,sem_par,sem_par,0.35,,,,,,2026-08,,https://universoeletrico.com.br/eletrico/produto/modulo-cego-1m-preta-680165pt/
98147,MODULO CEGO 1M CINZA 680165CZ,LEGRAND,Interruptores e Tomadas,sem_par,sem_par,0.334,,,,,,2026-08,,https://universoeletrico.com.br/eletrico/produto/modulo-cego-1m-cinza-680165cz/
98045,MODULO CEGO 1 MODULO 680165,LEGRAND,Interruptores e Tomadas,sem_par,sem_par,0.398,,,,,,2026-08,,https://universoeletrico.com.br/eletrico/produto/modulo-cego-1-modulo-680165/
59086,MODULO CEGO PRETA PLUS+ 611047PT,LEGRAND,Interruptores e Tomadas,sem_par,sem_par,0.347,,,,,,2026-08,,https://universoeletrico.com.br/eletrico/produto/modulo-cego-preta-plus-611047pt/
83018,MODULO CAMPAINHA CIGARRA 127V.BRANCO 611040,LEGRAND,Interruptores e Tomadas,revisado,media,0.586,38106,CAMPAINHA CIGARRA 127 V / 220 V (APENAS MODULO),UN,18.57,18.57,2026-08,campainha cigarra módulo,https://universoeletrico.com.br/eletrico/produto/modulo-campainha-cigarra-127v-branco-611040/
83042,MODULO INTERRUPTOR INTERMEDIARIO BRANCO 612007,LEGRAND,Interruptores e Tomadas,revisado,media,0.595,38115,"INTERRUPTOR INTERMEDIARIO 10 A, 250 V (APENAS MODULO)",UN,19.18,19.18,2026-08,interruptor intermediário módulo,https://universoeletrico.com.br/eletrico/produto/modulo-interruptor-intermediario-branco-612007/
59069,MOD.VARIAD VENT.160VA BIVOLT BC PLUS+ 611027BC,LEGRAND,Interruptores e Tomadas,sem_par,sem_par,0.307,,,,,,2026-08,,https://universoeletrico.com.br/eletrico/produto/mod-variad-vent-160va-bivolt-bc-plus-611027bc/
83155,MOD. TOMADA 2P+T 10A BORNE VERMELHA 615039,LEGRAND,Interruptores e Tomadas,revisado,media,0.557,38101,"TOMADA 2P+T 10A, 250V (APENAS MODULO)",UN,7.89,7.89,2026-08,tomada 10A módulo,https://universoeletrico.com.br/eletrico/produto/mod-tomada-2pt-10a-borne-vermelha-615039/
59060,MOD. PULSADOR 2A B.AUTOMATICO BC PLUS+ 611013BC,LEGRAND,Interruptores e Tomadas,sem_par,baixa,0.484,,,,,,2026-08,pulsador sem equivalente,https://universoeletrico.com.br/eletrico/produto/mod-pulsador-2a-b-automatico-bc-plus-611013bc/
83151,MOD. INTERRUPTO PARALELO BORNE BR 611011,LEGRAND,Interruptores e Tomadas,sem_par,sem_par,0.331,,,,,,2026-08,,https://universoeletrico.com.br/eletrico/produto/mod-interrupto-paralelo-borne-br-611011/
59065,MOD VARIADOR ROT.300/600W BIVLT PT PLUS+ 611017PT,LEGRAND,Interruptores e Tomadas,familia,baixa,0.426,38109,"VARIADOR DE LUMINOSIDADE ROTATIVO (DIMMER) 220 V, 600 W (APENAS MODULO)",UN,77.16,77.16,2026-08,variador bivolt 300/600W ambíguo,https://universoeletrico.com.br/eletrico/produto/mod-variador-rot-300-600w-bivlt-pt-plus-611017pt/
59063,MOD VARIAD ROT. 300/600W BIVOLT BC PLUS+ 611017BC,LEGRAND,Interruptores e Tomadas,sem_par,sem_par,0.258,,,,,,2026-08,,https://universoeletrico.com.br/eletrico/produto/mod-variad-rot-300-600w-bivolt-bc-plus-611017bc/
59072,MOD VARIAD DIG/ROT.LED/FLC BIVLT BCPLUS+ 611037BC,LEGRAND,Interruptores e Tomadas,sem_par,sem_par,0.293,,,,,,2026-08,,https://universoeletrico.com.br/eletrico/produto/mod-variad-dig-rot-led-flc-bivlt-bcplus-611037bc/
59143,MOD TOMADA2P+T 20A 250V B.PARAF CZ PLUS+ 615060CZ,LEGRAND,Interruptores e Tomadas,alta,alta,0.6,38102,"TOMADA 2P+T 20A, 250V (APENAS MODULO)",UN,10.09,10.09,2026-08,,https://universoeletrico.com.br/eletrico/produto/mod-tomada2pt-20a-250v-b-paraf-cz-plus-615060cz/
59130,MOD TOMADA TRIPLEX2P+T10A B.AUT BC PLUS+ 615043BC,LEGRAND,Interruptores e Tomadas,revisado,media,0.522,38101,"TOMADA 2P+T 10A, 250V (APENAS MODULO)",UN,7.89,7.89,2026-08,tomada 10A módulo,https://universoeletrico.com.br/eletrico/produto/mod-tomada-triplex2pt10a-b-aut-bc-plus-615043bc/
59116,MOD TOMADA TELEFONE RJ11 4 FIOS CZ PLUS+ 615010CZ,LEGRAND,Interruptores e Tomadas,revisado,baixa,0.404,38103,"TOMADA RJ11, 2 FIOS (APENAS MODULO)",UN,16.59,16.59,2026-08,"RJ11 módulo, 4 fios aceito",https://universoeletrico.com.br/eletrico/produto/mod-tomada-telefone-rj11-4-fios-cz-plus-615010cz/
59115,MOD TOMADA TELEFONE RJ11 4 FIOS BC PLUS+ 615010BC,LEGRAND,Interruptores e Tomadas,sem_par,sem_par,0.395,,,,,,2026-08,,https://universoeletrico.com.br/eletrico/produto/mod-tomada-telefone-rj11-4-fios-bc-plus-615010bc/
59118,MOD TOMADA TELEFONE RJ11 2 FIOS BC PLUS+ 615011BC,LEGRAND,Interruptores e Tomadas,revisado,media,0.554,38103,"TOMADA RJ11, 2 FIOS (APENAS MODULO)",UN,16.59,16.59,2026-08,RJ11 módulo,https://universoeletrico.com.br/eletrico/produto/mod-tomada-telefone-rj11-2-fios-bc-plus-615011bc/
59166,MOD TOMADA HDMI PRETA PLUS+ 615092PT,LEGRAND,Interruptores e Tomadas,sem_par,sem_par,0.353,,,,,,2026-08,,https://universoeletrico.com.br/eletrico/produto/mod-tomada-hdmi-preta-plus-615092pt/
59165,MOD TOMADA HDMI CINZA PLUS+ 615092CZ,LEGRAND,Interruptores e Tomadas,sem_par,sem_par,0.356,,,,,,2026-08,,https://universoeletrico.com.br/eletrico/produto/mod-tomada-hdmi-cinza-plus-615092cz/
59164,MOD TOMADA HDMI BRANCA PLUS+ 615092BC,LEGRAND,Interruptores e Tomadas,sem_par,sem_par,0.358,,,,,,2026-08,,https://universoeletrico.com.br/eletrico/produto/mod-tomada-hdmi-branca-plus-615092bc/
59141,MOD TOMADA DADOS LCS2 RJ45 CAT6 PT PLUS+ 615047PT,LEGRAND,Interruptores e Tomadas,sem_par,sem_par,0.335,,,,,,2026-08,,https://universoeletrico.com.br/eletrico/produto/mod-tomada-dados-lcs2-rj45-cat6-pt-plus-615047pt/
59140,MOD TOMADA DADOS LCS2 RJ45 CAT6 CZ PLUS+ 615047CZ,LEGRAND,Interruptores e Tomadas,sem_par,sem_par,0.331,,,,,,2026-08,,https://universoeletrico.com.br/eletrico/produto/mod-tomada-dados-lcs2-rj45-cat6-cz-plus-615047cz/
59133,MOD TOMADA DADO LCS2 RJ45 CAT6A BC PLUS+ 615044BC,LEGRAND,Interruptores e Tomadas,sem_par,sem_par,0.324,,,,,,2026-08,,https://universoeletrico.com.br/eletrico/produto/mod-tomada-dado-lcs2-rj45-cat6a-bc-plus-615044bc/
59139,MOD TOMADA DADO LCS2 RJ45 CAT6 BC PLUS+ 615047BC,LEGRAND,Interruptores e Tomadas,sem_par,sem_par,0.326,,,,,,2026-08,,https://universoeletrico.com.br/eletrico/produto/mod-tomada-dado-lcs2-rj45-cat6-bc-plus-615047bc/
59138,MOD TOMADA DADO LCS2 RJ45 CAT5E PT PLUS+ 615045PT,LEGRAND,Interruptores e Tomadas,sem_par,sem_par,0.396,,,,,,2026-08,,https://universoeletrico.com.br/eletrico/produto/mod-tomada-dado-lcs2-rj45-cat5e-pt-plus-615045pt/
59137,MOD TOMADA DADO LCS2 RJ45 CAT5E CZ PLUS+ 615045CZ,LEGRAND,Interruptores e Tomadas,sem_par,sem_par,0.39,,,,,,2026-08,,https://universoeletrico.com.br/eletrico/produto/mod-tomada-dado-lcs2-rj45-cat5e-cz-plus-615045cz/
59136,MOD TOMADA DADO LCS2 RJ45 CAT5E BC PLUS+ 615045BC,LEGRAND,Interruptores e Tomadas,sem_par,sem_par,0.389,,,,,,2026-08,,https://universoeletrico.com.br/eletrico/produto/mod-tomada-dado-lcs2-rj45-cat5e-bc-plus-615045bc/
59121,MOD TOMADA ANTENA TIPO F PT PLUS+ 615030PT,LEGRAND,Interruptores e Tomadas,revisado,media,0.503,38105,"TOMADA PARA ANTENA DE TV, CABO COAXIAL DE 9 MM (APENAS MODULO)",UN,11.05,11.05,2026-08,antena TV módulo,https://universoeletrico.com.br/eletrico/produto/mod-tomada-antena-tipo-f-pt-plus-615030pt/
59120,MOD TOMADA ANTENA TIPO F CZ PLUS+ 615030CZ,LEGRAND,Interruptores e Tomadas,revisado,media,0.52,38105,"TOMADA PARA ANTENA DE TV, CABO COAXIAL DE 9 MM (APENAS MODULO)",UN,11.05,11.05,2026-08,antena F modulo,https://universoeletrico.com.br/eletrico/produto/mod-tomada-antena-tipo-f-cz-plus-615030cz/
59119,MOD TOMADA ANTENA TIPO F BC PLUS+ 615030BC,LEGRAND,Interruptores e Tomadas,revisado,media,0.507,38105,"TOMADA PARA ANTENA DE TV, CABO COAXIAL DE 9 MM (APENAS MODULO)",UN,11.05,11.05,2026-08,antena F modulo,https://universoeletrico.com.br/eletrico/produto/mod-tomada-antena-tipo-f-bc-plus-615030bc/
59142,MOD TOMADA 2P+T20A 250V B.PARAF BC PLUS+ 615060BC,LEGRAND,Interruptores e Tomadas,revisado,media,0.599,38102,"TOMADA 2P+T 20A, 250V (APENAS MODULO)",UN,10.09,10.09,2026-08,tomada 20A modulo,https://universoeletrico.com.br/eletrico/produto/mod-tomada-2pt20a-250v-b-paraf-bc-plus-615060bc/
59125,MOD TOMADA 2P+T10A B.AUTOM. 1M VM PLUS+ 615039VM,LEGRAND,Interruptores e Tomadas,revisado,media,0.538,38101,"TOMADA 2P+T 10A, 250V (APENAS MODULO)",UN,7.89,7.89,2026-08,tomada 10A modulo,https://universoeletrico.com.br/eletrico/produto/mod-tomada-2pt10a-b-autom-1m-vm-plus-615039vm/
59126,MOD TOMADA 2P+T 10A B.PARAFU 1M BC PLUS+ 615040BC,LEGRAND,Interruptores e Tomadas,alta,alta,0.62,38101,"TOMADA 2P+T 10A, 250V (APENAS MODULO)",UN,7.89,7.89,2026-08,,https://universoeletrico.com.br/eletrico/produto/mod-tomada-2pt-10a-b-parafu-1m-bc-plus-615040bc/
59152,MOD TOMADA 2P+T 10A B.PARAF 1M VM PLUS+ 615083VM,LEGRAND,Interruptores e Tomadas,alta,alta,0.615,38101,"TOMADA 2P+T 10A, 250V (APENAS MODULO)",UN,7.89,7.89,2026-08,,https://universoeletrico.com.br/eletrico/produto/mod-tomada-2pt-10a-b-paraf-1m-vm-plus-615083vm/
59124,MOD TOMADA 2P+T 10A B.AUTOMATIC PT PLUS+ 615038PT,LEGRAND,Interruptores e Tomadas,alta,alta,0.618,38101,"TOMADA 2P+T 10A, 250V (APENAS MODULO)",UN,7.89,7.89,2026-08,,https://universoeletrico.com.br/eletrico/produto/mod-tomada-2pt-10a-b-automatic-pt-plus-615038pt/
59122,MOD TOMADA 2P+T 10A B.AUTOMATIC BC PLUS+ 615038BC,LEGRAND,Interruptores e Tomadas,alta,alta,0.62,38101,"TOMADA 2P+T 10A, 250V (APENAS MODULO)",UN,7.89,7.89,2026-08,,https://universoeletrico.com.br/eletrico/produto/mod-tomada-2pt-10a-b-automatic-bc-plus-615038bc/
59151,MOD TOMAD DED2P+T 20A B.PARAF1M VM PLUS+ 615082VM,LEGRAND,Interruptores e Tomadas,revisado,baixa,0.416,38102,"TOMADA 2P+T 20A, 250V (APENAS MODULO)",UN,10.09,10.09,2026-08,tomada 20A modulo,https://universoeletrico.com.br/eletrico/produto/mod-tomad-ded2pt-20a-b-paraf1m-vm-plus-615082vm/
59127,MOD TOMAD 2P+T10A FUN.MOV.B.AUT BC PLUS+ 615041BC,LEGRAND,Interruptores e Tomadas,sem_par,sem_par,0.393,,,,,,2026-08,,https://universoeletrico.com.br/eletrico/produto/mod-tomad-2pt10a-fun-mov-b-aut-bc-plus-615041bc/
59148,MOD TOMAD 2P+T 20A B.PARAF 1M VERM PLUS+ 615079VM,LEGRAND,Interruptores e Tomadas,revisado,baixa,0.446,38102,"TOMADA 2P+T 20A, 250V (APENAS MODULO)",UN,10.09,10.09,2026-08,tomada 20A modulo,https://universoeletrico.com.br/eletrico/produto/mod-tomad-2pt-20a-b-paraf-1m-verm-plus-615079vm/
59068,MOD SENSOR PRESENCA UNIV.BIVOLT PT PLUS+ 611026PT,LEGRAND,Interruptores e Tomadas,sem_par,sem_par,0.312,,,,,,2026-08,,https://universoeletrico.com.br/eletrico/produto/mod-sensor-presenca-univ-bivolt-pt-plus-611026pt/
59059,MOD PULSADOR CAMP2A B.AUT PRETA PLUS+ 611012PT,LEGRAND,Interruptores e Tomadas,familia,baixa,0.445,38066,"PULSADOR CAMPAINHA 10A, 250V, CONJUNTO MONTADO PARA EMBUTIR 4"" X 2"" (PLACA + SUPORTE + MODULO)",UN,9.59,9.59,2026-08,pulsador campainha modulo ausente,https://universoeletrico.com.br/eletrico/produto/mod-pulsador-camp2a-b-aut-preta-plus-611012pt/
59062,MOD PULSADOR 2A B.AUTOMATICO PRETA PLUS+ 611013PT,LEGRAND,Interruptores e Tomadas,familia,baixa,0.437,38067,"PULSADOR MINUTERIA 10A, 250V, CONJUNTO MONTADO PARA EMBUTIR 4"" X 2"" (PLACA + SUPORTE + MODULO)",UN,13.5,13.5,2026-08,pulsador 2A modulo indefinido,https://universoeletrico.com.br/eletrico/produto/mod-pulsador-2a-b-automatico-preta-plus-611013pt/
59058,MOD PULSAD CAMPAINHA2A B. AUT.CZ PLUS+ 611012CZ,LEGRAND,Interruptores e Tomadas,sem_par,sem_par,0.337,,,,,,2026-08,,https://universoeletrico.com.br/eletrico/produto/mod-pulsad-campainha2a-b-aut-cz-plus-611012cz/
59049,MOD PULSAD CAMPAINHA 2A B.PARAF BC PLUS+ 611002BC,LEGRAND,Interruptores e Tomadas,sem_par,sem_par,0.354,,,,,,2026-08,,https://universoeletrico.com.br/eletrico/produto/mod-pulsad-campainha-2a-b-paraf-bc-plus-611002bc/
59057,MOD PULSAD CAMPAINHA 2A B. AUT. BC PLUS+ 611012BC,LEGRAND,Interruptores e Tomadas,sem_par,sem_par,0.339,,,,,,2026-08,,https://universoeletrico.com.br/eletrico/produto/mod-pulsad-campainha-2a-b-aut-bc-plus-611012bc/
59050,MOD PULSAD 2A B.PARAFUSO BRANCA PLUS+ 611003BC,LEGRAND,Interruptores e Tomadas,sem_par,sem_par,0.285,,,,,,2026-08,,https://universoeletrico.com.br/eletrico/produto/mod-pulsad-2a-b-parafuso-branca-plus-611003bc/
59061,MOD PULSAD 2A B.AUTOMATICO CINZA PLUS+ 611013CZ,LEGRAND,Interruptores e Tomadas,sem_par,sem_par,0.311,,,,,,2026-08,,https://universoeletrico.com.br/eletrico/produto/mod-pulsad-2a-b-automatico-cinza-plus-611013cz/
59098,MOD INTERRUPTOR INTERMED.10A PT PLUS+ 612007PT,LEGRAND,Interruptores e Tomadas,revisado,media,0.544,38115,"INTERRUPTOR INTERMEDIARIO 10 A, 250 V (APENAS MODULO)",UN,19.18,19.18,2026-08,intermediario modulo,https://universoeletrico.com.br/eletrico/produto/mod-interruptor-intermed-10a-pt-plus-612007pt/
59097,MOD INTERRUPTOR INTERMED.10A CZ PLUS+ 612007CZ,LEGRAND,Interruptores e Tomadas,revisado,media,0.544,38115,"INTERRUPTOR INTERMEDIARIO 10 A, 250 V (APENAS MODULO)",UN,19.18,19.18,2026-08,intermediario modulo,https://universoeletrico.com.br/eletrico/produto/mod-interruptor-intermed-10a-cz-plus-612007cz/
59096,MOD INTERRUPTOR INTERMED.10A BC PLUS+ 612007BC,LEGRAND,Interruptores e Tomadas,revisado,media,0.539,38115,"INTERRUPTOR INTERMEDIARIO 10 A, 250 V (APENAS MODULO)",UN,19.18,19.18,2026-08,intermediario modulo,https://universoeletrico.com.br/eletrico/produto/mod-interruptor-intermed-10a-bc-plus-612007bc/
59095,MOD INTERRUPT BIPOLAR SIMP.10A PT PLUS+ 612005PT,LEGRAND,Interruptores e Tomadas,revisado,baixa,0.438,38114,"INTERRUPTOR BIPOLAR SIMPLES 10 A, 250 V (APENAS MODULO)",UN,17.96,17.96,2026-08,bipolar simples modulo,https://universoeletrico.com.br/eletrico/produto/mod-interrupt-bipolar-simp-10a-pt-plus-612005pt/
59094,MOD INTERRUPT BIPOLAR SIMP.10A CZ PLUS+ 612005CZ,LEGRAND,Interruptores e Tomadas,revisado,baixa,0.424,38114,"INTERRUPTOR BIPOLAR SIMPLES 10 A, 250 V (APENAS MODULO)",UN,17.96,17.96,2026-08,bipolar simples modulo,https://universoeletrico.com.br/eletrico/produto/mod-interrupt-bipolar-simp-10a-cz-plus-612005cz/
59093,MOD INTERRUPT BIPOLAR SIMP.10A BC PLUS+ 612005BC,LEGRAND,Interruptores e Tomadas,revisado,baixa,0.403,38114,"INTERRUPTOR BIPOLAR SIMPLES 10 A, 250 V (APENAS MODULO)",UN,17.96,17.96,2026-08,bipolar simples modulo,https://universoeletrico.com.br/eletrico/produto/mod-interrupt-bipolar-simp-10a-bc-plus-612005bc/
59103,MOD INTERRUP. BIPOLAR SIMP.25A CZ PLUS+ 612016CZ,LEGRAND,Interruptores e Tomadas,familia,baixa,0.481,38114,"INTERRUPTOR BIPOLAR SIMPLES 10 A, 250 V (APENAS MODULO)",UN,17.96,17.96,2026-08,"bipolar 25A, so 10A existe",https://universoeletrico.com.br/eletrico/produto/mod-interrup-bipolar-simp-25a-cz-plus-612016cz/
59102,MOD INTERRUP. BIPOLAR SIMP.25A BC PLUS+ 612016BC,LEGRAND,Interruptores e Tomadas,familia,baixa,0.461,38114,"INTERRUPTOR BIPOLAR SIMPLES 10 A, 250 V (APENAS MODULO)",UN,17.96,17.96,2026-08,"bipolar 25A, so 10A existe",https://universoeletrico.com.br/eletrico/produto/mod-interrup-bipolar-simp-25a-bc-plus-612016bc/
59099,MOD INTERRUP. BIPOLAR PARAL.10ABC PLUS+ 612008BC,LEGRAND,Interruptores e Tomadas,familia,baixa,0.467,38114,"INTERRUPTOR BIPOLAR SIMPLES 10 A, 250 V (APENAS MODULO)",UN,17.96,17.96,2026-08,bipolar paralelo sem item exato,https://universoeletrico.com.br/eletrico/produto/mod-interrup-bipolar-paral-10abc-plus-612008bc/
59101,MOD INTERRUP. BIPOLAR PARAL.10A PT PLUS+ 612008PT,LEGRAND,Interruptores e Tomadas,familia,baixa,0.472,38114,"INTERRUPTOR BIPOLAR SIMPLES 10 A, 250 V (APENAS MODULO)",UN,17.96,17.96,2026-08,bipolar paralelo sem item exato,https://universoeletrico.com.br/eletrico/produto/mod-interrup-bipolar-paral-10a-pt-plus-612008pt/
59100,MOD INTERRUP. BIPOLAR PARAL.10A CZ PLUS+ 612008CZ,LEGRAND,Interruptores e Tomadas,familia,baixa,0.465,38114,"INTERRUPTOR BIPOLAR SIMPLES 10 A, 250 V (APENAS MODULO)",UN,17.96,17.96,2026-08,bipolar paralelo sem item exato,https://universoeletrico.com.br/eletrico/produto/mod-interrup-bipolar-paral-10a-cz-plus-612008cz/
59052,MOD INTER. SIMPLES 10A B.AUT CZ PLUS+ 611010CZ,LEGRAND,Interruptores e Tomadas,revisado,media,0.515,38112,"INTERRUPTOR SIMPLES 10A, 250V (APENAS MODULO)",UN,6.93,6.93,2026-08,simples 10A modulo,https://universoeletrico.com.br/eletrico/produto/mod-inter-simples-10a-b-aut-cz-plus-611010cz/
59047,MOD INTER. SIMP.10A B.PARAF BC PLUS+ 611000BC,LEGRAND,Interruptores e Tomadas,sem_par,baixa,0.456,,,,,,2026-08,simples modulo nao listado,https://universoeletrico.com.br/eletrico/produto/mod-inter-simp-10a-b-paraf-bc-plus-611000bc/
59048,MOD INTER. PARL 10A B.PARAF BC PLUS+ 611001BC,LEGRAND,Interruptores e Tomadas,sem_par,sem_par,0.342,,,,,,2026-08,,https://universoeletrico.com.br/eletrico/produto/mod-inter-parl-10a-b-paraf-bc-plus-611001bc/
59056,MOD INTER. PARALEL 10A B. AUT. PT PLUS+ 611011PT,LEGRAND,Interruptores e Tomadas,sem_par,sem_par,0.366,,,,,,2026-08,,https://universoeletrico.com.br/eletrico/produto/mod-inter-paralel-10a-b-aut-pt-plus-611011pt/
59055,MOD INTER PARALEL10A B.AUT. CZ PLUS+ 611011CZ,LEGRAND,Interruptores e Tomadas,sem_par,sem_par,0.36,,,,,,2026-08,,https://universoeletrico.com.br/eletrico/produto/mod-inter-paralel10a-b-aut-cz-plus-611011cz/
59054,MOD INTER PARALEL 10A B. AUT. BC PLUS+ 611011BC,LEGRAND,Interruptores e Tomadas,sem_par,sem_par,0.312,,,,,,2026-08,,https://universoeletrico.com.br/eletrico/produto/mod-inter-paralel-10a-b-aut-bc-plus-611011bc/
59157,MOD CARREGADOR 2X USB 2400MA BC PLUS+ 615089BC,LEGRAND,Interruptores e Tomadas,sem_par,sem_par,0.246,,,,,,2026-08,,https://universoeletrico.com.br/eletrico/produto/mod-carregador-2x-usb-2400ma-bc-plus-615089bc/
59156,MOD CARREGADOR 1X USB 1100MA PT PLUS+ 615088PT,LEGRAND,Interruptores e Tomadas,sem_par,sem_par,0.098,,,,,,2026-08,,https://universoeletrico.com.br/eletrico/produto/mod-carregador-1x-usb-1100ma-pt-plus-615088pt/
59155,MOD CARREGADOR 1X USB 1100MA CZ PLUS+ 615088CZ,LEGRAND,Interruptores e Tomadas,sem_par,sem_par,0.098,,,,,,2026-08,,https://universoeletrico.com.br/eletrico/produto/mod-carregador-1x-usb-1100ma-cz-plus-615088cz/
59154,MOD CARREGADOR 1X USB BC PLUS+ 615088BC,LEGRAND,Interruptores e Tomadas,sem_par,sem_par,0.324,,,,,,2026-08,,https://universoeletrico.com.br/eletrico/produto/mod-carregador-1x-usb-bc-plus-615088bc/
59081,MOD CAMPAINHA CIGARRA 220V BRANCA PLUS+ 611041BC,LEGRAND,Interruptores e Tomadas,alta,alta,0.63,38106,CAMPAINHA CIGARRA 127 V / 220 V (APENAS MODULO),UN,18.57,18.57,2026-08,,https://universoeletrico.com.br/eletrico/produto/mod-campainha-cigarra-220v-branca-plus-611041bc/
59080,MOD CAMPAINHA CIGARRA 127V PRETA PLUS+ 611040PT,LEGRAND,Interruptores e Tomadas,alta,alta,0.645,38106,CAMPAINHA CIGARRA 127 V / 220 V (APENAS MODULO),UN,18.57,18.57,2026-08,,https://universoeletrico.com.br/eletrico/produto/mod-campainha-cigarra-127v-preta-plus-611040pt/
59079,MOD CAMPAINHA CIGARRA 127V CINZA PLUS+ 611040CZ,LEGRAND,Interruptores e Tomadas,alta,alta,0.631,38106,CAMPAINHA CIGARRA 127 V / 220 V (APENAS MODULO),UN,18.57,18.57,2026-08,,https://universoeletrico.com.br/eletrico/produto/mod-campainha-cigarra-127v-cinza-plus-611040cz/
59078,MOD CAMPAINHA CIGARRA 127V BRANCA PLUS+ 611040BC,LEGRAND,Interruptores e Tomadas,alta,alta,0.638,38106,CAMPAINHA CIGARRA 127 V / 220 V (APENAS MODULO),UN,18.57,18.57,2026-08,,https://universoeletrico.com.br/eletrico/produto/mod-campainha-cigarra-127v-branca-plus-611040bc/
59074,MOD ARIAD DIG/ROT.LED/FLC BIVLT PT PLUS+ 611037PT,LEGRAND,Interruptores e Tomadas,sem_par,sem_par,0.307,,,,,,2026-08,,https://universoeletrico.com.br/eletrico/produto/mod-ariad-dig-rot-led-flc-bivlt-pt-plus-611037pt/
45005,LUVA PARA CANALETA 50X20MM 29905X,LEGRAND,Interruptores e Tomadas,sem_par,sem_par,0.33,,,,,,2026-08,,https://universoeletrico.com.br/eletrico/produto/luva-para-canaleta-50x20mm-29905x/
45022,LUVA PARA CANALETA 20X12MM 30994X,LEGRAND,Interruptores e Tomadas,sem_par,sem_par,0.326,,,,,,2026-08,,https://universoeletrico.com.br/eletrico/produto/luva-para-canaleta-20x12mm-30994x/
45015,LUVA PARA CANALETA 110X20MM 30405X,LEGRAND,Interruptores e Tomadas,sem_par,sem_par,0.329,,,,,,2026-08,,https://universoeletrico.com.br/eletrico/produto/luva-para-canaleta-110x20mm-30405x/
38114,LUVA DE TAMPA 65MM 10801,LEGRAND,Interruptores e Tomadas,sem_par,baixa,0.493,,,,,,2026-08,"luva de tampa, acabamento",https://universoeletrico.com.br/eletrico/produto/luva-de-tampa-65mm-10801/
38101,LUVA DE CANALETA 10691,LEGRAND,Interruptores e Tomadas,sem_par,baixa,0.439,,,,,,2026-08,luva de canaleta sem equivalente,https://universoeletrico.com.br/eletrico/produto/luva-de-canaleta-10691/
59169,LED P/INTERRUPT. PULSAD.BIVOLT AZL PLUS+ 615099NT,LEGRAND,Interruptores e Tomadas,sem_par,baixa,0.426,,,,,,2026-08,led sinalizador sem equivalente,https://universoeletrico.com.br/eletrico/produto/led-p-interrupt-pulsad-bivolt-azl-plus-615099nt/
45042,INTERRUPTOR SIMPLES C/CAIXA SISTEMA X 675000,LEGRAND,Interruptores e Tomadas,revisado,media,0.552,12128,"INTERRUPTOR SIMPLES 10A, 250V, CONJUNTO MONTADO PARA SOBREPOR 4"" X 2"" (CAIXA + MODULO)",UN,9.51,9.51,2026-08,simples com caixa sobrepor,https://universoeletrico.com.br/eletrico/produto/interruptor-simples-c-caixa-sistema-x-675000/
47015,INTERRUPTOR SIMPLES AQUATIC 64201,LEGRAND,Interruptores e Tomadas,familia,media,0.554,38112,"INTERRUPTOR SIMPLES 10A, 250V (APENAS MODULO)",UN,6.93,6.93,2026-08,aquatic simples variante incerta,https://universoeletrico.com.br/eletrico/produto/interruptor-simples-aquatic-64201/
98124,INTERRUPTOR SIMPLES 10A 250V 1M PRETA 680150PT,LEGRAND,Interruptores e Tomadas,alta,alta,0.794,38112,"INTERRUPTOR SIMPLES 10A, 250V (APENAS MODULO)",UN,6.93,6.93,2026-08,,https://universoeletrico.com.br/eletrico/produto/interruptor-simples-10a-250v-1m-preta-680150pt/
98123,INTERRUPTOR SIMPLES 10A 250V 1M CINZA 680150CZ,LEGRAND,Interruptores e Tomadas,alta,alta,0.792,38112,"INTERRUPTOR SIMPLES 10A, 250V (APENAS MODULO)",UN,6.93,6.93,2026-08,,https://universoeletrico.com.br/eletrico/produto/interruptor-simples-10a-250v-1m-cinza-680150cz/
45043,INTERRUPTOR PARALELO C/CAIXA SISTEMA X 675001,LEGRAND,Interruptores e Tomadas,sem_par,media,0.567,,,,,,2026-08,paralelo sobrepor nao listado,https://universoeletrico.com.br/eletrico/produto/interruptor-paralelo-c-caixa-sistema-x-675001/
47016,INTERRUPTOR PARALELO AQUATIC 64202,LEGRAND,Interruptores e Tomadas,familia,media,0.574,38113,"INTERRUPTOR PARALELO 10A, 250V (APENAS MODULO)",UN,9.03,9.03,2026-08,aquatic paralelo variante incerta,https://universoeletrico.com.br/eletrico/produto/interruptor-paralelo-aquatic-64202/
98126,INTERRUPTOR PARALELO 10A 250V 1M PRETA 680151PT,LEGRAND,Interruptores e Tomadas,alta,alta,0.804,38113,"INTERRUPTOR PARALELO 10A, 250V (APENAS MODULO)",UN,9.03,9.03,2026-08,,https://universoeletrico.com.br/eletrico/produto/interruptor-paralelo-10a-250v-1m-preta-680151pt/
98125,INTERRUPTOR PARALELO 10A 250V 1M CINZA 680151CZ,LEGRAND,Interruptores e Tomadas,alta,alta,0.779,38113,"INTERRUPTOR PARALELO 10A, 250V (APENAS MODULO)",UN,9.03,9.03,2026-08,,https://universoeletrico.com.br/eletrico/produto/interruptor-paralelo-10a-250v-1m-cinza-680151cz/
98128,INTERRUPTOR INTERMEDIARIO 10A 250V 1M PT 680152PT,LEGRAND,Interruptores e Tomadas,alta,alta,0.816,38115,"INTERRUPTOR INTERMEDIARIO 10 A, 250 V (APENAS MODULO)",UN,19.18,19.18,2026-08,,https://universoeletrico.com.br/eletrico/produto/interruptor-intermediario-10a-250v-1m-pt-680152pt/
46024,INTERRUPTOR INTERM. TECLA DUPLA S/PLACA 2007,LEGRAND,Interruptores e Tomadas,sem_par,sem_par,0.119,,,,,,2026-08,,https://universoeletrico.com.br/eletrico/produto/interruptor-interm-tecla-dupla-s-placa-2007/
46040,INTERRUPTOR BIPOLAR SIMPLES 25A C/ PLACA 2516,LEGRAND,Interruptores e Tomadas,sem_par,sem_par,0.185,,,,,,2026-08,,https://universoeletrico.com.br/eletrico/produto/interruptor-bipolar-simples-25a-c-placa-2516/
98130,INTERRUPTOR BIPOLAR SIMPL 10A 250V 1M PT 680153PT,LEGRAND,Interruptores e Tomadas,alta,alta,0.648,38114,"INTERRUPTOR BIPOLAR SIMPLES 10 A, 250 V (APENAS MODULO)",UN,17.96,17.96,2026-08,,https://universoeletrico.com.br/eletrico/produto/interruptor-bipolar-simpl-10a-250v-1m-pt-680153pt/
45044,INTERRUPTOR BIPOLAR 10A C/CAIXA SIST.X 675002,LEGRAND,Interruptores e Tomadas,alta,alta,0.664,38114,"INTERRUPTOR BIPOLAR SIMPLES 10 A, 250 V (APENAS MODULO)",UN,17.96,17.96,2026-08,,https://universoeletrico.com.br/eletrico/produto/interruptor-bipolar-10a-c-caixa-sist-x-675002/
46023,INTERRUPTOR BIP.SIMP. TEC. DUPLA S/PLACA 2005,LEGRAND,Interruptores e Tomadas,sem_par,sem_par,0.131,,,,,,2026-08,,https://universoeletrico.com.br/eletrico/produto/interruptor-bip-simp-tec-dupla-s-placa-2005/
46033,INTERRUPTOR BIP. PARAL. TECLA DUPLA C/PL 2108,LEGRAND,Interruptores e Tomadas,sem_par,sem_par,0.129,,,,,,2026-08,,https://universoeletrico.com.br/eletrico/produto/interruptor-bip-paral-tecla-dupla-c-pl-2108/
46042,INTERRUPTOR 3 SECOES SIMPLES SEM PLACA 3000,LEGRAND,Interruptores e Tomadas,sem_par,sem_par,0.299,,,,,,2026-08,,https://universoeletrico.com.br/eletrico/produto/interruptor-3-secoes-simples-sem-placa-3000/
46046,INTERRUPTOR 3 SECOES SIMPLES COM PLACA 3100,LEGRAND,Interruptores e Tomadas,sem_par,sem_par,0.293,,,,,,2026-08,,https://universoeletrico.com.br/eletrico/produto/interruptor-3-secoes-simples-com-placa-3100/
46045,INTERRUPTOR 3 SECOES PARALELOS SEM PLACA 3006,LEGRAND,Interruptores e Tomadas,sem_par,sem_par,0.311,,,,,,2026-08,,https://universoeletrico.com.br/eletrico/produto/interruptor-3-secoes-paralelos-sem-placa-3006/
46020,INTERRUPTOR 2 SECOES SIMPLES SEM PLACA 2000,LEGRAND,Interruptores e Tomadas,sem_par,baixa,0.407,,,,,,2026-08,"2 secoes sem placa, so modulos",https://universoeletrico.com.br/eletrico/produto/interruptor-2-secoes-simples-sem-placa-2000/
46022,INTERRUPTOR 2 SECOES PARALELOS SEM PLACA 2004,LEGRAND,Interruptores e Tomadas,sem_par,sem_par,0.384,,,,,,2026-08,,https://universoeletrico.com.br/eletrico/produto/interruptor-2-secoes-paralelos-sem-placa-2004/
46001,INTERRUPTOR 1 SECAO SIMPLES SEM PLACA 1000,LEGRAND,Interruptores e Tomadas,sem_par,sem_par,0.177,,,,,,2026-08,,https://universoeletrico.com.br/eletrico/produto/interruptor-1-secao-simples-sem-placa-1000/
46017,INTERRUPTOR 1 SECAO SIMPLES DE SOBREPOR 1500,LEGRAND,Interruptores e Tomadas,sem_par,sem_par,0.299,,,,,,2026-08,,https://universoeletrico.com.br/eletrico/produto/interruptor-1-secao-simples-de-sobrepor-1500/
46005,INTERRUPTOR 1 SECAO SIMPLES COM PLACA 1100,LEGRAND,Interruptores e Tomadas,sem_par,sem_par,0.177,,,,,,2026-08,,https://universoeletrico.com.br/eletrico/produto/interruptor-1-secao-simples-com-placa-1100/
46002,INTERRUPTOR 1 SECAO PARALELO SEM PLACA 1001,LEGRAND,Interruptores e Tomadas,sem_par,sem_par,0.177,,,,,,2026-08,,https://universoeletrico.com.br/eletrico/produto/interruptor-1-secao-paralelo-sem-placa-1001/
46006,INTERRUPTOR 1 SECAO PARALELO COM PLACA 1101,LEGRAND,Interruptores e Tomadas,sem_par,sem_par,0.178,,,,,,2026-08,,https://universoeletrico.com.br/eletrico/produto/interruptor-1-secao-paralelo-com-placa-1101/
46021,INTERRUPTOR 1 SECAO + 1 PARALELO S/PLACA 2001,LEGRAND,Interruptores e Tomadas,sem_par,sem_par,0.147,,,,,,2026-08,,https://universoeletrico.com.br/eletrico/produto/interruptor-1-secao-1-paralelo-s-placa-2001/
98034,INTER SIMPLES 10A 1 MODULO PARAFUSO 680150,LEGRAND,Interruptores e Tomadas,sem_par,sem_par,0.394,,,,,,2026-08,,https://universoeletrico.com.br/eletrico/produto/inter-simples-10a-1-modulo-parafuso-680150/
98035,INTER PARALELO 1 MODULO PARAFUSO 680151,LEGRAND,Interruptores e Tomadas,sem_par,sem_par,0.373,,,,,,2026-08,,https://universoeletrico.com.br/eletrico/produto/inter-paralelo-1-modulo-parafuso-680151/
98036,INTER INTERMEDIARIO 1 MODULO PARAFUSO 680152,LEGRAND,Interruptores e Tomadas,revisado,baixa,0.417,38115,"INTERRUPTOR INTERMEDIARIO 10 A, 250 V (APENAS MODULO)",UN,19.18,19.18,2026-08,intermediario modulo,https://universoeletrico.com.br/eletrico/produto/inter-intermediario-1-modulo-parafuso-680152/
98037,INTER BIPOLAR SIMP 10A 1 MOD PARAFUSO 680153,LEGRAND,Interruptores e Tomadas,sem_par,sem_par,0.371,,,,,,2026-08,,https://universoeletrico.com.br/eletrico/produto/inter-bipolar-simp-10a-1-mod-parafuso-680153/
46130,INT. SIMP.+TOM. 2P+T PADR. BRAS. S/PLACA 54337,LEGRAND,Interruptores e Tomadas,sem_par,media,0.553,,,,,,2026-08,"sem placa, conjunto misto",https://universoeletrico.com.br/eletrico/produto/int-simp-tom-2pt-padr-bras-s-placa-54337/
38095,GRAMPO DE SUSTENTACAO P/TAMPA 40 OU 65MM 10682,LEGRAND,Interruptores e Tomadas,sem_par,sem_par,0.285,,,,,,2026-08,,https://universoeletrico.com.br/eletrico/produto/grampo-de-sustentacao-p-tampa-40-ou-65mm-10682/
38080,DIVISORIA INTERNA P/CANALETA EVOLUTIVA C 10582,LEGRAND,Interruptores e Tomadas,sem_par,sem_par,0.351,,,,,,2026-08,,https://universoeletrico.com.br/eletrico/produto/divisoria-interna-p-canaleta-evolutiva-c-10582/
38081,DIVISORIA INTERNA P/CAN.EVOLUCAO FIX. AU 10584,LEGRAND,Interruptores e Tomadas,sem_par,baixa,0.405,,,,,,2026-08,divisoria canaleta sem par,https://universoeletrico.com.br/eletrico/produto/divisoria-interna-p-can-evolucao-fix-au-10584/
54024,DISJ. TERMOMAG. DIN CURVA C TRIPOLAR 63A 609953,LEGRAND,Interruptores e Tomadas,revisado,media,0.529,34714,"DISJUNTOR TERMOMAGNETICO PARA TRILHO DIN (IEC), TRIPOLAR, 63 A",UN,88.01,88.01,2026-08,tripolar 63A,https://universoeletrico.com.br/eletrico/produto/disj-termomag-din-curva-c-tripolar-63a-609953/
54011,DISJ. TERMOMAG. DIN CURVA C BIPOLAR 20A 609927,LEGRAND,Interruptores e Tomadas,sem_par,sem_par,0.146,,,,,,2026-08,,https://universoeletrico.com.br/eletrico/produto/disj-termomag-din-curva-c-bipolar-20a-609927/
38106,DERIVACAO PLANA P/CANALETA 80/150 X 50MM 10732,LEGRAND,Interruptores e Tomadas,sem_par,sem_par,0.249,,,,,,2026-08,,https://universoeletrico.com.br/eletrico/produto/derivacao-plana-p-canaleta-80-150-x-50mm-10732/
38105,DERIVACAO PLANA P/CANALETA 80 X 35MM 10731,LEGRAND,Interruptores e Tomadas,sem_par,sem_par,0.236,,,,,,2026-08,,https://universoeletrico.com.br/eletrico/produto/derivacao-plana-p-canaleta-80-x-35mm-10731/
45004,DERIVACAO PARA CANALETA 50X20MM 29904X,LEGRAND,Interruptores e Tomadas,sem_par,sem_par,0.219,,,,,,2026-08,,https://universoeletrico.com.br/eletrico/produto/derivacao-para-canaleta-50x20mm-29904x/
38083,COTOVELO INTERNO VARIAVEL 85 A 95 GRAUS 10602,LEGRAND,Interruptores e Tomadas,sem_par,sem_par,0.13,,,,,,2026-08,,https://universoeletrico.com.br/eletrico/produto/cotovelo-interno-variavel-85-a-95-graus-10602/
38082,COTOVELO INTERNO VARIAVEL 85 A 90 GRAUS 10601,LEGRAND,Interruptores e Tomadas,sem_par,sem_par,0.348,,,,,,2026-08,,https://universoeletrico.com.br/eletrico/produto/cotovelo-interno-variavel-85-a-90-graus-10601/
45003,COTOVELO INTERNO PARA CANALETA 50X20MM 29903X,LEGRAND,Interruptores e Tomadas,sem_par,sem_par,0.343,,,,,,2026-08,,https://universoeletrico.com.br/eletrico/produto/cotovelo-interno-para-canaleta-50x20mm-29903x/
45019,COTOVELO INTERNO PARA CANALETA 20X12MM 30991X,LEGRAND,Interruptores e Tomadas,sem_par,sem_par,0.219,,,,,,2026-08,,https://universoeletrico.com.br/eletrico/produto/cotovelo-interno-para-canaleta-20x12mm-30991x/
45012,COTOVELO INTERNO PARA CANALETA 110X20MM 30401X,LEGRAND,Interruptores e Tomadas,sem_par,sem_par,0.219,,,,,,2026-08,,https://universoeletrico.com.br/eletrico/produto/cotovelo-interno-para-canaleta-110x20mm-30401x/
45002,COTOVELO EXTERNO PARA CANALETA 50X20MM 29902X,LEGRAND,Interruptores e Tomadas,sem_par,sem_par,0.265,,,,,,2026-08,,https://universoeletrico.com.br/eletrico/produto/cotovelo-externo-para-canaleta-50x20mm-29902x/
45020,COTOVELO EXTERNO PARA CANALETA 20X12MM 30992X,LEGRAND,Interruptores e Tomadas,sem_par,sem_par,0.223,,,,,,2026-08,,https://universoeletrico.com.br/eletrico/produto/cotovelo-externo-para-canaleta-20x12mm-30992x/
45013,COTOVELO EXTERNO PARA CANALETA 110X20MM 30402X,LEGRAND,Interruptores e Tomadas,sem_par,sem_par,0.222,,,,,,2026-08,,https://universoeletrico.com.br/eletrico/produto/cotovelo-externo-para-canaleta-110x20mm-30402x/
45018,COTOVELO 90 GRAUS PARA CANALETA 20X12MM 30990X,LEGRAND,Interruptores e Tomadas,sem_par,baixa,0.451,,,,,,2026-08,cotovelo canaleta sem par,https://universoeletrico.com.br/eletrico/produto/cotovelo-90-graus-para-canaleta-20x12mm-30990x/
45008,COTOVELO 90 GRAUS PARA CANALETA 50X20MM 29901X,LEGRAND,Interruptores e Tomadas,sem_par,baixa,0.452,,,,,,2026-08,cotovelo canaleta sem par,https://universoeletrico.com.br/eletrico/produto/cotovelo-90-graus-para-canaleta-50x20mm-29901x/
38092,COTOVELO 90 GRAUS P/CANALETA 80X35X50MM 10767,LEGRAND,Interruptores e Tomadas,sem_par,baixa,0.418,,,,,,2026-08,cotovelo canaleta sem par,https://universoeletrico.com.br/eletrico/produto/cotovelo-90-graus-p-canaleta-80x35x50mm-10767/
83022,CONJUNTO 4X2 INTER. SIMPLES VERTICAL BR 611100,LEGRAND,Interruptores e Tomadas,revisado,baixa,0.401,38062,"INTERRUPTOR SIMPLES 10A, 250V, CONJUNTO MONTADO PARA EMBUTIR 4"" X 2"" (PLACA + SUPORTE + MODULO)",UN,7.11,7.11,2026-08,simples conjunto embutir,https://universoeletrico.com.br/eletrico/produto/conjunto-4x2-inter-simples-vertical-br-611100/
83026,CONJUNTO 4X2 INTER. SIMPLES HORIZ. BR 611110,LEGRAND,Interruptores e Tomadas,revisado,baixa,0.454,38069,"INTERRUPTOR SIMPLES + INTERRUPTOR PARALELO 10A, 250V, CONJUNTO MONTADO PARA EMBUTIR 4"" X 2"" (PLACA + SUPORTE + MODULOS)",UN,15.79,15.79,2026-08,simples conjunto embutir,https://universoeletrico.com.br/eletrico/produto/conjunto-4x2-inter-simples-horiz-br-611110/
98003,CONJUNTO 3 INTER SIMPLES 10A 4X2 680102,LEGRAND,Interruptores e Tomadas,revisado,baixa,0.435,38071,"INTERRUPTORES SIMPLES (3 MODULOS) 10A, 250V, CONJUNTO MONTADO PARA EMBUTIR 4"" X 2"" (PLACA + SUPORTE + MODULOS)",UN,17.46,17.46,2026-08,3 simples conjunto,https://universoeletrico.com.br/eletrico/produto/conjunto-3-inter-simples-10a-4x2-680102/
98008,CONJUNTO 3 INTER PARALELOS 4X2 680107,LEGRAND,Interruptores e Tomadas,revisado,baixa,0.43,38074,"INTERRUPTORES PARALELOS (3 MODULOS) 10A, 250V, CONJUNTO MONTADO PARA EMBUTIR 4"" X 2"" (PLACA + SUPORTE + MODULO)",UN,25.65,25.65,2026-08,3 paralelos conjunto,https://universoeletrico.com.br/eletrico/produto/conjunto-3-inter-paralelos-4x2-680107/
98012,CONJUNTO 2 TOMADAS 2P+T 10A 4X2 680111,LEGRAND,Interruptores e Tomadas,revisado,media,0.588,38076,"TOMADAS (2 MODULOS) 2P+T 10A, 250V, CONJUNTO MONTADO PARA EMBUTIR 4"" X 2"" (PLACA + SUPORTE + MODULOS)",UN,18.0,18.0,2026-08,2 tomadas conjunto,https://universoeletrico.com.br/eletrico/produto/conjunto-2-tomadas-2pt-10a-4x2-680111/
98002,CONJUNTO 2 INTERRUPTOR SIMPLES 4X2 680101,LEGRAND,Interruptores e Tomadas,alta,alta,0.605,12129,"INTERRUPTOR SIMPLES 10A, 250V, CONJUNTO MONTADO PARA SOBREPOR 4"" X 2"" (CAIXA + 2 MODULOS)",UN,12.57,12.57,2026-08,,https://universoeletrico.com.br/eletrico/produto/conjunto-2-interruptor-simples-4x2-680101/
98007,CONJUNTO 2 INTER PARALELOS 4X2 680106,LEGRAND,Interruptores e Tomadas,revisado,baixa,0.431,38070,"INTERRUPTORES PARALELOS (2 MODULOS) 10A, 250V, CONJUNTO MONTADO PARA EMBUTIR 4"" X 2"" (PLACA + SUPORTE + MODULOS)",UN,16.87,16.87,2026-08,2 paralelos conjunto,https://universoeletrico.com.br/eletrico/produto/conjunto-2-inter-paralelos-4x2-680106/
98020,CONJUNTO 1 TOMADA 2P+T 20A 4X2 680120,LEGRAND,Interruptores e Tomadas,alta,alta,0.624,38075,"TOMADA 2P+T 20A 250V, CONJUNTO MONTADO PARA EMBUTIR 4"" X 2"" (PLACA + SUPORTE + MODULO)",UN,16.06,16.06,2026-08,,https://universoeletrico.com.br/eletrico/produto/conjunto-1-tomada-2pt-20a-4x2-680120/
98011,CONJUNTO 1 TOMADA 2P+T 10A 4X2 680110,LEGRAND,Interruptores e Tomadas,alta,alta,0.627,12147,"TOMADA 2P+T 10A, 250V, CONJUNTO MONTADO PARA SOBREPOR 4"" X 2"" (CAIXA + MODULO)",UN,14.13,14.13,2026-08,,https://universoeletrico.com.br/eletrico/produto/conjunto-1-tomada-2pt-10a-4x2-680110/
98010,CONJUNTO 1 PULSADOR CAMPAINHA 4X2 680109,LEGRAND,Interruptores e Tomadas,revisado,media,0.598,38066,"PULSADOR CAMPAINHA 10A, 250V, CONJUNTO MONTADO PARA EMBUTIR 4"" X 2"" (PLACA + SUPORTE + MODULO)",UN,9.59,9.59,2026-08,pulsador campainha conjunto,https://universoeletrico.com.br/eletrico/produto/conjunto-1-pulsador-campainha-4x2-680109/
98001,CONJUNTO 1 INTERRUPTOR SIMPLES 4X2 680100,LEGRAND,Interruptores e Tomadas,alta,alta,0.604,12128,"INTERRUPTOR SIMPLES 10A, 250V, CONJUNTO MONTADO PARA SOBREPOR 4"" X 2"" (CAIXA + MODULO)",UN,9.51,9.51,2026-08,,https://universoeletrico.com.br/eletrico/produto/conjunto-1-interruptor-simples-4x2-680100/
98006,CONJUNTO 1 INTER PARALELO 4X2 680105,LEGRAND,Interruptores e Tomadas,revisado,baixa,0.433,38063,"INTERRUPTOR PARALELO 10A, 250V, CONJUNTO MONTADO PARA EMBUTIR 4"" X 2"" (PLACA + SUPORTE + MODULO)",UN,9.69,9.69,2026-08,paralelo conjunto,https://universoeletrico.com.br/eletrico/produto/conjunto-1-inter-paralelo-4x2-680105/
83058,CONJ.4X2 3 INTERRUPTORES SIMPLES BR. 613100,LEGRAND,Interruptores e Tomadas,revisado,media,0.588,38071,"INTERRUPTORES SIMPLES (3 MODULOS) 10A, 250V, CONJUNTO MONTADO PARA EMBUTIR 4"" X 2"" (PLACA + SUPORTE + MODULOS)",UN,17.46,17.46,2026-08,3 simples conjunto,https://universoeletrico.com.br/eletrico/produto/conj-4x2-3-interruptores-simples-br-613100/
59090,CONJ.1 INTERRUPTOR SIMP.10A 4X2 BC PLUS+ 611110BC,LEGRAND,Interruptores e Tomadas,revisado,media,0.578,38062,"INTERRUPTOR SIMPLES 10A, 250V, CONJUNTO MONTADO PARA EMBUTIR 4"" X 2"" (PLACA + SUPORTE + MODULO)",UN,7.11,7.11,2026-08,simples conjunto embutir,https://universoeletrico.com.br/eletrico/produto/conj-1-interruptor-simp-10a-4x2-bc-plus-611110bc/
59091,CONJ.1 INTERRUPTOR PARAL.10A 4X2BC PLUS+ 611111BC,LEGRAND,Interruptores e Tomadas,revisado,media,0.546,38063,"INTERRUPTOR PARALELO 10A, 250V, CONJUNTO MONTADO PARA EMBUTIR 4"" X 2"" (PLACA + SUPORTE + MODULO)",UN,9.69,9.69,2026-08,paralelo conjunto embutir,https://universoeletrico.com.br/eletrico/produto/conj-1-interruptor-paral-10a-4x2bc-plus-611111bc/
83131,CONJ. 4X2 TOM. 2P+T P.BRASIL.HORIZ. 10A 615080,LEGRAND,Interruptores e Tomadas,sem_par,sem_par,0.372,,,,,,2026-08,,https://universoeletrico.com.br/eletrico/produto/conj-4x2-tom-2pt-p-brasil-horiz-10a-615080/
83132,CONJ. 4X2 TOM. 2P+T 20A P.BRASIL. HORIZ. 615081,LEGRAND,Interruptores e Tomadas,sem_par,sem_par,0.365,,,,,,2026-08,,https://universoeletrico.com.br/eletrico/produto/conj-4x2-tom-2pt-20a-p-brasil-horiz-615081/
83127,CONJ. 4X2 TOM. 2P+T 10A P. BRASIL.VERT 615076,LEGRAND,Interruptores e Tomadas,sem_par,sem_par,0.371,,,,,,2026-08,,https://universoeletrico.com.br/eletrico/produto/conj-4x2-tom-2pt-10a-p-brasil-vert-615076/
83126,CONJ. 4X2 2 TOMADAS 2P+T PADRAO BRASIL. 615075,LEGRAND,Interruptores e Tomadas,revisado,baixa,0.447,38076,"TOMADAS (2 MODULOS) 2P+T 10A, 250V, CONJUNTO MONTADO PARA EMBUTIR 4"" X 2"" (PLACA + SUPORTE + MODULOS)",UN,18.0,18.0,2026-08,2 tomadas conjunto,https://universoeletrico.com.br/eletrico/produto/conj-4x2-2-tomadas-2pt-padrao-brasil-615075/
83059,CONJ. 4X2 2 INTER.SIMP.+ PARAL. BR 613101,LEGRAND,Interruptores e Tomadas,sem_par,sem_par,0.305,,,,,,2026-08,,https://universoeletrico.com.br/eletrico/produto/conj-4x2-2-inter-simp-paral-br-613101/
83060,CONJ. 4X2 1 INTER. SIMPL.+ 2 PARAL.BR 613104,LEGRAND,Interruptores e Tomadas,sem_par,sem_par,0.305,,,,,,2026-08,,https://universoeletrico.com.br/eletrico/produto/conj-4x2-1-inter-simpl-2-paral-br-613104/
83125,CONJ. 4X2 1 INT. SIMP.+TOM. 2P+T P.BRAS. 615074,LEGRAND,Interruptores e Tomadas,sem_par,sem_par,0.364,,,,,,2026-08,,https://universoeletrico.com.br/eletrico/produto/conj-4x2-1-int-simp-tom-2pt-p-bras-615074/
59150,CONJ 1TOMADA 2P+T 20A 4X2 BRANCA PLUS+ 615081BC,LEGRAND,Interruptores e Tomadas,sem_par,sem_par,0.325,,,,,,2026-08,,https://universoeletrico.com.br/eletrico/produto/conj-1tomada-2pt-20a-4x2-branca-plus-615081bc/
59146,CONJ 1INTERSIMP+1TOM2P+T10A 4X2 BC PLUS+ 615074BC,LEGRAND,Interruptores e Tomadas,sem_par,sem_par,0.254,,,,,,2026-08,,https://universoeletrico.com.br/eletrico/produto/conj-1intersimp1tom2pt10a-4x2-bc-plus-615074bc/
59147,CONJ 1INTERPARAL+1TOM2P+T10A 4X2BC PLUS+ 615078BC,LEGRAND,Interruptores e Tomadas,sem_par,sem_par,0.242,,,,,,2026-08,,https://universoeletrico.com.br/eletrico/produto/conj-1interparal1tom2pt10a-4x2bc-plus-615078bc/
59092,CONJ 1 CONTROLE VENT.BIVOLT 4X2 BC PLUS+ 611125BC,LEGRAND,Interruptores e Tomadas,sem_par,sem_par,0.27,,,,,,2026-08,,https://universoeletrico.com.br/eletrico/produto/conj-1-controle-vent-bivolt-4x2-bc-plus-611125bc/
98014,CJ 2 INTER SIMPLES+1 TOMADA 2P+T 10A 4X2 680113,LEGRAND,Interruptores e Tomadas,revisado,baixa,0.475,38079,"INTERRUPTORES SIMPLES (2 MODULOS) + TOMADA 2P+T 10A, 250V, CONJUNTO MONTADO PARA EMBUTIR 4"" X 2"" (PLACA + SUPORTE + MODULOS)",UN,22.02,22.02,2026-08,2 simples + tomada,https://universoeletrico.com.br/eletrico/produto/cj-2-inter-simples1-tomada-2pt-10a-4x2-680113/
98005,CJ 2 INTER SIMPLES +1 INTER PARALELO 4X2 680104,LEGRAND,Interruptores e Tomadas,sem_par,sem_par,0.383,,,,,,2026-08,,https://universoeletrico.com.br/eletrico/produto/cj-2-inter-simples-1-inter-paralelo-4x2-680104/
98016,CJ 2 INTER PARALELOS+ 1 TOM 2P+T 10A 4X2 680115,LEGRAND,Interruptores e Tomadas,revisado,baixa,0.485,38081,"INTERRUPTORES PARALELOS (2 MODULOS) + TOMADA 2P+T 10A, 250V, CONJUNTO MONTADO PARA EMBUTIR 4"" X 2"" (PLACA + SUPORTE + MODULOS)",UN,24.49,24.49,2026-08,2 paralelos + tomada,https://universoeletrico.com.br/eletrico/produto/cj-2-inter-paralelos-1-tom-2pt-10a-4x2-680115/
98009,CJ 1 INTER SIMPLES+2 INTER PARALELOS 4X2 680108,LEGRAND,Interruptores e Tomadas,sem_par,sem_par,0.379,,,,,,2026-08,,https://universoeletrico.com.br/eletrico/produto/cj-1-inter-simples2-inter-paralelos-4x2-680108/
98013,CJ 1 INTER SIMPLES+1 TOMADA 2P+T 10A 4X2 680112,LEGRAND,Interruptores e Tomadas,revisado,baixa,0.469,38077,"INTERRUPTOR SIMPLES + TOMADA 2P+T 10A, 250V, CONJUNTO MONTADO PARA EMBUTIR 4"" X 2"" (PLACA + SUPORTE + MODULOS)",UN,15.43,15.43,2026-08,simples + tomada,https://universoeletrico.com.br/eletrico/produto/cj-1-inter-simples1-tomada-2pt-10a-4x2-680112/
98004,CJ 1 INTER SIMPLES +1 INTER PARALELO 4X2 680103,LEGRAND,Interruptores e Tomadas,sem_par,sem_par,0.376,,,,,,2026-08,,https://universoeletrico.com.br/eletrico/produto/cj-1-inter-simples-1-inter-paralelo-4x2-680103/
98015,CJ 1 INTER PAR + 1 TOMADA 2P+T 10A 4X2 680114,LEGRAND,Interruptores e Tomadas,revisado,baixa,0.414,38078,"INTERRUPTOR PARALELO + TOMADA 2P+T 10A, 250V, CONJUNTO MONTADO PARA EMBUTIR 4"" X 2"" (PLACA + SUPORTE + MODULOS)",UN,16.62,16.62,2026-08,paralelo + tomada,https://universoeletrico.com.br/eletrico/produto/cj-1-inter-par-1-tomada-2pt-10a-4x2-680114/
98019,CJ 1 INTER INTERMEDIARIO 10A 4X2 680119,LEGRAND,Interruptores e Tomadas,revisado,baixa,0.441,38065,"INTERRUPTOR INTERMEDIARIO 10A, 250V, CONJUNTO MONTADO PARA EMBUTIR 4"" X 2"" (PLACA + SUPORTE + MODULO)",UN,28.49,28.49,2026-08,intermediario conjunto,https://universoeletrico.com.br/eletrico/produto/cj-1-inter-intermediario-10a-4x2-680119/
98026,CJ 1 CAMPAINHA CIGARRA 127V 4X2 680132,LEGRAND,Interruptores e Tomadas,alta,alta,0.689,38085,"CAMPAINHA CIGARRA 127 V / 220 V, CONJUNTO MONTADO PARA EMBUTIR 4"" X 2"" (PLACA + SUPORTE + MODULO)",UN,21.94,21.94,2026-08,,https://universoeletrico.com.br/eletrico/produto/cj-1-campainha-cigarra-127v-4x2-680132/
38039,CAVILHA PARA FIXACAO RAPIDA DIAM. 8MM 30899,LEGRAND,Interruptores e Tomadas,sem_par,sem_par,0.353,,,,,,2026-08,,https://universoeletrico.com.br/eletrico/produto/cavilha-para-fixacao-rapida-diam-8mm-30899/
98062,CARREGADOR 1XUSB TIPO C 1500MA 1M BRANCO 680164,LEGRAND,Interruptores e Tomadas,sem_par,sem_par,0.129,,,,,,2026-08,,https://universoeletrico.com.br/eletrico/produto/carregador-1xusb-tipo-c-1500ma-1m-branco-680164/
98061,CARREGADOR 1X USB 1100MA 1M BRANCA 680163,LEGRAND,Interruptores e Tomadas,sem_par,sem_par,0.099,,,,,,2026-08,,https://universoeletrico.com.br/eletrico/produto/carregador-1x-usb-1100ma-1m-branca-680163/
45007,CANALETA SISTEMA X 110X20X2000MM 30046X,LEGRAND,Interruptores e Tomadas,sem_par,sem_par,0.144,,,,,,2026-08,,https://universoeletrico.com.br/eletrico/produto/canaleta-sistema-x-110x20x2000mm-30046x/
38071,CANALETA EVOLUTIVA S/TAMPA 80X50X2000MM 10412,LEGRAND,Interruptores e Tomadas,sem_par,sem_par,0.178,,,,,,2026-08,,https://universoeletrico.com.br/eletrico/produto/canaleta-evolutiva-s-tampa-80x50x2000mm-10412/
38072,CANALETA EVOLUTIVA S/TAMPA 150X50X2000MM 10432,LEGRAND,Interruptores e Tomadas,sem_par,sem_par,0.173,,,,,,2026-08,,https://universoeletrico.com.br/eletrico/produto/canaleta-evolutiva-s-tampa-150x50x2000mm-10432/
45084,CANAL SIST.X C/ ADES 50X20X2000MM 30024ADX,LEGRAND,Interruptores e Tomadas,sem_par,sem_par,0.26,,,,,,2026-08,,https://universoeletrico.com.br/eletrico/produto/canal-sist-x-c-ades-50x20x2000mm-30024adx/
47030,CAIXA DE SOBREPOR SEM EMBUTES EM PVC 4X2 89385,LEGRAND,Interruptores e Tomadas,sem_par,media,0.523,,,,,,2026-08,caixa sobrepor sem embute nao listada,https://universoeletrico.com.br/eletrico/produto/caixa-de-sobrepor-sem-embutes-em-pvc-4x2-89385/
47027,CAIXA DE EMBUTIR P/ ALVENARIA EM PVC 4X4 689015,LEGRAND,Interruptores e Tomadas,revisado,baixa,0.5,1873,"CAIXA DE PASSAGEM, EM PVC, DE 4"" X 4"", PARA ELETRODUTO FLEXIVEL CORRUGADO",UN,6.33,6.33,2026-08,caixa PVC 4x4,https://universoeletrico.com.br/eletrico/produto/caixa-de-embutir-p-alvenaria-em-pvc-4x4-689015/
47026,CAIXA DE EMBUTIR P/ ALVENARIA EM PVC 4X2 689014,LEGRAND,Interruptores e Tomadas,revisado,baixa,0.499,1872,"CAIXA DE PASSAGEM, EM PVC, DE 4"" X 2"", PARA ELETRODUTO FLEXIVEL CORRUGADO",UN,3.18,3.18,2026-08,caixa PVC 4x2,https://universoeletrico.com.br/eletrico/produto/caixa-de-embutir-p-alvenaria-em-pvc-4x2-689014/
47029,CAIXA DE EMB. P/ GESSO EM PVC 4X4 689025,LEGRAND,Interruptores e Tomadas,revisado,media,0.523,1873,"CAIXA DE PASSAGEM, EM PVC, DE 4"" X 4"", PARA ELETRODUTO FLEXIVEL CORRUGADO",UN,6.33,6.33,2026-08,caixa PVC 4x4,https://universoeletrico.com.br/eletrico/produto/caixa-de-emb-p-gesso-em-pvc-4x4-689025/
47028,CAIXA DE EMB. P/ GESSO EM PVC 4X2 689024,LEGRAND,Interruptores e Tomadas,revisado,media,0.521,1872,"CAIXA DE PASSAGEM, EM PVC, DE 4"" X 2"", PARA ELETRODUTO FLEXIVEL CORRUGADO",UN,3.18,3.18,2026-08,caixa PVC 4x2,https://universoeletrico.com.br/eletrico/produto/caixa-de-emb-p-gesso-em-pvc-4x2-689024/
45067,CAIXA C/ TAMPA CEGA OPCAO SAIDA FIO 675045,LEGRAND,Interruptores e Tomadas,sem_par,baixa,0.473,,,,,,2026-08,caixa tampa cega saida fio,https://universoeletrico.com.br/eletrico/produto/caixa-c-tampa-cega-opcao-saida-fio-675045/
47019,CAIXA AQUATIC 104X73X50 2 EMBUTES 64221,LEGRAND,Interruptores e Tomadas,sem_par,sem_par,0.22,,,,,,2026-08,,https://universoeletrico.com.br/eletrico/produto/caixa-aquatic-104x73x50-2-embutes-64221/
45041,CAIXA 75X75X42MM PARA CANALETA 20X10MM 89148,LEGRAND,Interruptores e Tomadas,sem_par,sem_par,0.275,,,,,,2026-08,,https://universoeletrico.com.br/eletrico/produto/caixa-75x75x42mm-para-canaleta-20x10mm-89148/
59113,ADAPTADOR P/1MODULO PIALPLUS -PLUS+ 612125BC,LEGRAND,Interruptores e Tomadas,sem_par,baixa,0.44,,,,,,2026-08,"adaptador modulo, sem equivalente",https://universoeletrico.com.br/eletrico/produto/adaptador-p-1modulo-pialplus-plus-612125bc/
46159,ADAPTADOR 2P+T PADRAO BRASILEIRO BRANCO 690660,LEGRAND,Interruptores e Tomadas,sem_par,sem_par,0.388,,,,,,2026-08,,https://universoeletrico.com.br/eletrico/produto/adaptador-2pt-padrao-brasileiro-branco-690660/
45071,ACOPLADOR PARA CANALETA 110X20MM 675053X,LEGRAND,Interruptores e Tomadas,sem_par,sem_par,0.212,,,,,,2026-08,,https://universoeletrico.com.br/eletrico/produto/acoplador-para-canaleta-110x20mm-675053x/
45068,ACOPLADOR P/ CANALETA 20X10 E 20X12.5MM 675050X,LEGRAND,Interruptores e Tomadas,sem_par,sem_par,0.179,,,,,,2026-08,,https://universoeletrico.com.br/eletrico/produto/acoplador-p-canaleta-20x10-e-20x12-5mm-675050x/
38109,ACESSORIO PARA COTOVELO INTERNO 10780,LEGRAND,Interruptores e Tomadas,sem_par,sem_par,0.352,,,,,,2026-08,,https://universoeletrico.com.br/eletrico/produto/acessorio-para-cotovelo-interno-10780/
46135,2 TOMADAS 2P+T PADRAO BRASILEIRO C/PLACA 54345,LEGRAND,Interruptores e Tomadas,revisado,baixa,0.411,38093,"ESPELHO / PLACA DE 2 POSTOS 4"" X 2"", PARA INSTALACAO DE TOMADAS E INTERRUPTORES",UN,2.4,2.4,2026-08,placa 2 postos 4x2,https://universoeletrico.com.br/eletrico/produto/2-tomadas-2pt-padrao-brasileiro-c-placa-54345/
45075,2 TOMADAS 2P+T PADRAO BRASIL. SISTEMA X 675062,LEGRAND,Interruptores e Tomadas,revisado,baixa,0.413,38076,"TOMADAS (2 MODULOS) 2P+T 10A, 250V, CONJUNTO MONTADO PARA EMBUTIR 4"" X 2"" (PLACA + SUPORTE + MODULOS)",UN,18.0,18.0,2026-08,2 tomadas conjunto,https://universoeletrico.com.br/eletrico/produto/2-tomadas-2pt-padrao-brasil-sistema-x-675062/
46129,2 TOMADAS 2P+T 10A PADR. BRAS. S/PLACA 54336,LEGRAND,Interruptores e Tomadas,sem_par,media,0.56,,,,,,2026-08,"sem placa, so modulos",https://universoeletrico.com.br/eletrico/produto/2-tomadas-2pt-10a-padr-bras-s-placa-54336/
98086,2 TOMADAS 2P+T 10A 250V 4X2 PRETA 680111PT,LEGRAND,Interruptores e Tomadas,alta,alta,0.717,38076,"TOMADAS (2 MODULOS) 2P+T 10A, 250V, CONJUNTO MONTADO PARA EMBUTIR 4"" X 2"" (PLACA + SUPORTE + MODULOS)",UN,18.0,18.0,2026-08,,https://universoeletrico.com.br/eletrico/produto/2-tomadas-2pt-10a-250v-4x2-preta-680111pt/
98066,2 INTERRUPTORES SIMPLES 10A 250V 4X2 PT 680101PT,LEGRAND,Interruptores e Tomadas,alta,alta,0.737,38068,"INTERRUPTORES SIMPLES (2 MODULOS) 10A, 250V, CONJUNTO MONTADO PARA EMBUTIR 4"" X 2"" (PLACA + SUPORTE + MODULOS)",UN,14.61,14.61,2026-08,,https://universoeletrico.com.br/eletrico/produto/2-interruptores-simples-10a-250v-4x2-pt-680101pt/
98065,2 INTERRUPTORES SIMPLES 10A 250V 4X2 CZ 680101CZ,LEGRAND,Interruptores e Tomadas,alta,alta,0.73,38068,"INTERRUPTORES SIMPLES (2 MODULOS) 10A, 250V, CONJUNTO MONTADO PARA EMBUTIR 4"" X 2"" (PLACA + SUPORTE + MODULOS)",UN,14.61,14.61,2026-08,,https://universoeletrico.com.br/eletrico/produto/2-interruptores-simples-10a-250v-4x2-cz-680101cz/
46140,2 INT. PAR.+TOM. 2P+T PAD .BRAS. C/PLACA 54390,LEGRAND,Interruptores e Tomadas,sem_par,sem_par,0.37,,,,,,2026-08,,https://universoeletrico.com.br/eletrico/produto/2-int-par-tom-2pt-pad-bras-c-placa-54390/
98104,1 TOMADA 2P+T 20A 250V 4X2 PRETA 680120PT,LEGRAND,Interruptores e Tomadas,alta,alta,0.745,38075,"TOMADA 2P+T 20A 250V, CONJUNTO MONTADO PARA EMBUTIR 4"" X 2"" (PLACA + SUPORTE + MODULO)",UN,16.06,16.06,2026-08,,https://universoeletrico.com.br/eletrico/produto/1-tomada-2pt-20a-250v-4x2-preta-680120pt/
98103,1 TOMADA 2P+T 20A 250V 4X2 CINZA 680120CZ,LEGRAND,Interruptores e Tomadas,alta,alta,0.748,38075,"TOMADA 2P+T 20A 250V, CONJUNTO MONTADO PARA EMBUTIR 4"" X 2"" (PLACA + SUPORTE + MODULO)",UN,16.06,16.06,2026-08,,https://universoeletrico.com.br/eletrico/produto/1-tomada-2pt-20a-250v-4x2-cinza-680120cz/
98032,1 PULSADOR CAMPAINHA 1 MODULO BORNE PAR 680142BP,LEGRAND,Interruptores e Tomadas,revisado,media,0.594,38116,"PULSADOR CAMPAINHA 10A, 250V (APENAS MODULO)",UN,5.81,5.81,2026-08,pulsador campainha modulo,https://universoeletrico.com.br/eletrico/produto/1-pulsador-campainha-1-modulo-borne-par-680142bp/
98064,1 INTERRUPTOR SIMPLES 10A 250V 4X2 PT 680100PT,LEGRAND,Interruptores e Tomadas,alta,alta,0.756,38062,"INTERRUPTOR SIMPLES 10A, 250V, CONJUNTO MONTADO PARA EMBUTIR 4"" X 2"" (PLACA + SUPORTE + MODULO)",UN,7.11,7.11,2026-08,,https://universoeletrico.com.br/eletrico/produto/1-interruptor-simples-10a-250v-4x2-pt-680100pt/
98063,1 INTERRUPTOR SIMPLES 10A 250V 4X2 CZ 680100CZ,LEGRAND,Interruptores e Tomadas,alta,alta,0.755,12128,"INTERRUPTOR SIMPLES 10A, 250V, CONJUNTO MONTADO PARA SOBREPOR 4"" X 2"" (CAIXA + MODULO)",UN,9.51,9.51,2026-08,,https://universoeletrico.com.br/eletrico/produto/1-interruptor-simples-10a-250v-4x2-cz-680100cz/
98074,1 INTERRUPTOR PARALELO 10A 250V 4X2 PRET 680105PT,LEGRAND,Interruptores e Tomadas,alta,alta,0.66,38063,"INTERRUPTOR PARALELO 10A, 250V, CONJUNTO MONTADO PARA EMBUTIR 4"" X 2"" (PLACA + SUPORTE + MODULO)",UN,9.69,9.69,2026-08,,https://universoeletrico.com.br/eletrico/produto/1-interruptor-paralelo-10a-250v-4x2-pret-680105pt/
38159,*TAMPA EXTREMIDADE DLP-S 100X50 638035,LEGRAND,Interruptores e Tomadas,sem_par,sem_par,0.272,,,,,,2026-08,,https://universoeletrico.com.br/eletrico/produto/tampa-extremidade-dlp-s-100x50-638035/
46008,*PULSADOR MINUTERIA LAMP.GRAVADA C/PLACA 1103,LEGRAND,Interruptores e Tomadas,sem_par,sem_par,0.177,,,,,,2026-08,,https://universoeletrico.com.br/eletrico/produto/pulsador-minuteria-lamp-gravada-c-placa-1103/
46074,*PLACA PARA CAIXA 4X2 2 POSTOS 8502,LEGRAND,Interruptores e Tomadas,revisado,baixa,0.549,38093,"ESPELHO / PLACA DE 2 POSTOS 4"" X 2"", PARA INSTALACAO DE TOMADAS E INTERRUPTORES",UN,2.4,2.4,2026-08,placa 2 postos 4x2,https://universoeletrico.com.br/eletrico/produto/placa-para-caixa-4x2-2-postos-8502/
46076,*PLACA PARA CAIXA 4X2 1 POSTO REDONDO 8505,LEGRAND,Interruptores e Tomadas,revisado,baixa,0.489,38092,"ESPELHO / PLACA DE 1 POSTO 4"" X 2"", PARA INSTALACAO DE TOMADAS E INTERRUPTORES",UN,2.32,2.32,2026-08,placa 1 posto 4x2,https://universoeletrico.com.br/eletrico/produto/placa-para-caixa-4x2-1-posto-redondo-8505/
38158,*DERIVACAO PLANA DLP-S 100/50 638034,LEGRAND,Interruptores e Tomadas,sem_par,sem_par,0.208,,,,,,2026-08,,https://universoeletrico.com.br/eletrico/produto/derivacao-plana-dlp-s-100-50-638034/
38089,*COTOVELO EXTERNO VARIAVEL 60A 120 GRAUS 10622,LEGRAND,Interruptores e Tomadas,sem_par,sem_par,0.134,,,,,,2026-08,,https://universoeletrico.com.br/eletrico/produto/cotovelo-externo-variavel-60a-120-graus-10622/
38155,*CANALETA DLP-S 100X50 638030,LEGRAND,Interruptores e Tomadas,sem_par,sem_par,0.181,,,,,,2026-08,,https://universoeletrico.com.br/eletrico/produto/canaleta-dlp-s-100x50-638030/
95023,VARIADOR ROTATIVO 1 MODULO 500W 220V 663039,LEGRAND,Interruptores e Tomadas,revisado,baixa,0.516,38109,"VARIADOR DE LUMINOSIDADE ROTATIVO (DIMMER) 220 V, 600 W (APENAS MODULO)",UN,77.16,77.16,2026-08,dimmer 600W apenas modulo,https://universoeletrico.com.br/eletrico/produto/variador-rotativo-1-modulo-500w-220v-663039/
95047,TOMADA RJ-45 CAT6 1 MODULO 663076,LEGRAND,Interruptores e Tomadas,revisado,baixa,0.483,39601,"CONECTOR / TOMADA FEMEA RJ 45, CATEGORIA 6 (CAT 6) PARA CABOS",UN,34.59,34.59,2026-08,RJ45 cat6 fêmea,https://universoeletrico.com.br/eletrico/produto/tomada-rj-45-cat6-1-modulo-663076/
95046,TOMADA RJ-45 CAT. 5E 1 MODULO 663075,LEGRAND,Interruptores e Tomadas,alta,alta,0.661,38104,"TOMADA RJ45, 8 FIOS, CAT 5E (APENAS MODULO)",UN,32.48,32.48,2026-08,,https://universoeletrico.com.br/eletrico/produto/tomada-rj-45-cat-5e-1-modulo-663075/
95044,TOMADA P/ANTENA DE TV 663073,LEGRAND,Interruptores e Tomadas,alta,alta,0.605,38105,"TOMADA PARA ANTENA DE TV, CABO COAXIAL DE 9 MM (APENAS MODULO)",UN,11.05,11.05,2026-08,,https://universoeletrico.com.br/eletrico/produto/tomada-p-antena-de-tv-663073/
95037,TOMADA 2P+T IDENTIFICAVEL 1 MODULO 20A 663056,LEGRAND,Interruptores e Tomadas,revisado,media,0.595,38102,"TOMADA 2P+T 20A, 250V (APENAS MODULO)",UN,10.09,10.09,2026-08,2P+T 20A apenas módulo,https://universoeletrico.com.br/eletrico/produto/tomada-2pt-identificavel-1-modulo-20a-663056/
95031,TOMADA 2P+T IDENTIFICAVEL 1 MODULO 663050,LEGRAND,Interruptores e Tomadas,revisado,media,0.576,38101,"TOMADA 2P+T 10A, 250V (APENAS MODULO)",UN,7.89,7.89,2026-08,2P+T 10A apenas módulo,https://universoeletrico.com.br/eletrico/produto/tomada-2pt-identificavel-1-modulo-663050/
95244,TOMADA 2P+T IDENTIFICAVEL 1 MOD. C/BORNE 663060,LEGRAND,Interruptores e Tomadas,revisado,baixa,0.499,38101,"TOMADA 2P+T 10A, 250V (APENAS MODULO)",UN,7.89,7.89,2026-08,2P+T 10A apenas módulo,https://universoeletrico.com.br/eletrico/produto/tomada-2pt-identificavel-1-mod-c-borne-663060/
95039,TOMADA 2P+T IDENTIF. VERMELHA 1MOD. 20A 663058,LEGRAND,Interruptores e Tomadas,alta,alta,0.618,38102,"TOMADA 2P+T 20A, 250V (APENAS MODULO)",UN,10.09,10.09,2026-08,,https://universoeletrico.com.br/eletrico/produto/tomada-2pt-identif-vermelha-1mod-20a-663058/
95033,TOMADA 2P+T C/FUNDO MOVEL 1 MODULO 10A 663052,LEGRAND,Interruptores e Tomadas,alta,alta,0.629,38101,"TOMADA 2P+T 10A, 250V (APENAS MODULO)",UN,7.89,7.89,2026-08,,https://universoeletrico.com.br/eletrico/produto/tomada-2pt-c-fundo-movel-1-modulo-10a-663052/
95218,SUPORTE PARA 6 MODULOS 663499,LEGRAND,Interruptores e Tomadas,alta,alta,0.61,38100,"SUPORTE DE FIXACAO PARA ESPELHO / PLACA 4"" X 4"", PARA 6 MODULOS, PARA INSTALACAO DE TOMADAS E INTERRUPTORES (SOMENTE SUPORTE)",UN,2.49,2.49,2026-08,,https://universoeletrico.com.br/eletrico/produto/suporte-para-6-modulos-663499/
95152,SUPORTE PARA 3 MODULOS 4X2 663299,LEGRAND,Interruptores e Tomadas,alta,alta,0.668,38099,"SUPORTE DE FIXACAO PARA ESPELHO / PLACA 4"" X 2"", PARA 3 MODULOS, PARA INSTALACAO DE TOMADAS E INTERRUPTORES (SOMENTE SUPORTE)",UN,1.52,1.52,2026-08,,https://universoeletrico.com.br/eletrico/produto/suporte-para-3-modulos-4x2-663299/
95217,SAIDA DE FIO 1 MODULO 663495,LEGRAND,Interruptores e Tomadas,sem_par,sem_par,0.315,,,,,,2026-08,,https://universoeletrico.com.br/eletrico/produto/saida-de-fio-1-modulo-663495/
95014,PULSADOR PARA CAMPAINHA 1 MODULO BORNE 663017,LEGRAND,Interruptores e Tomadas,alta,alta,0.637,38116,"PULSADOR CAMPAINHA 10A, 250V (APENAS MODULO)",UN,5.81,5.81,2026-08,,https://universoeletrico.com.br/eletrico/produto/pulsador-para-campainha-1-modulo-borne-663017/
95156,PLACA CEGA 4X4 SUGAR GLOSS 663403,LEGRAND,Interruptores e Tomadas,revisado,media,0.549,38095,"ESPELHO / PLACA CEGA 4"" X 4"", PARA INSTALACAO DE TOMADAS E INTERRUPTORES",UN,5.17,5.17,2026-08,placa cega 4x4,https://universoeletrico.com.br/eletrico/produto/placa-cega-4x4-sugar-gloss-663403/
95153,PLACA CEGA 4X4 SAL 663400,LEGRAND,Interruptores e Tomadas,alta,alta,0.643,38095,"ESPELHO / PLACA CEGA 4"" X 4"", PARA INSTALACAO DE TOMADAS E INTERRUPTORES",UN,5.17,5.17,2026-08,,https://universoeletrico.com.br/eletrico/produto/placa-cega-4x4-sal-663400/
95087,PLACA CEGA 4X2 SUGAR GLOSS 663203,LEGRAND,Interruptores e Tomadas,revisado,media,0.55,38091,"ESPELHO / PLACA CEGA 4"" X 2"", PARA INSTALACAO DE TOMADAS E INTERRUPTORES",UN,2.44,2.44,2026-08,placa cega 4x2,https://universoeletrico.com.br/eletrico/produto/placa-cega-4x2-sugar-gloss-663203/
95084,PLACA CEGA 4X2 SAL 663200,LEGRAND,Interruptores e Tomadas,alta,alta,0.638,38091,"ESPELHO / PLACA CEGA 4"" X 2"", PARA INSTALACAO DE TOMADAS E INTERRUPTORES",UN,2.44,2.44,2026-08,,https://universoeletrico.com.br/eletrico/produto/placa-cega-4x2-sal-663200/
95138,PLACA 3 POSTOS SEPARADOS 4X2 SAL 663260,LEGRAND,Interruptores e Tomadas,revisado,media,0.598,38094,"ESPELHO / PLACA DE 3 POSTOS 4"" X 2"", PARA INSTALACAO DE TOMADAS E INTERRUPTORES",UN,2.94,2.94,2026-08,placa 3 postos 4x2,https://universoeletrico.com.br/eletrico/produto/placa-3-postos-separados-4x2-sal-663260/
95132,PLACA 3 POSTOS JUNTOS 4X2 SUGAR GLOSS 663253,LEGRAND,Interruptores e Tomadas,revisado,media,0.511,38094,"ESPELHO / PLACA DE 3 POSTOS 4"" X 2"", PARA INSTALACAO DE TOMADAS E INTERRUPTORES",UN,2.94,2.94,2026-08,placa 3 postos 4x2,https://universoeletrico.com.br/eletrico/produto/placa-3-postos-juntos-4x2-sugar-gloss-663253/
95129,PLACA 3 POSTOS JUNTOS 4X2 SAL 663250,LEGRAND,Interruptores e Tomadas,revisado,media,0.595,38094,"ESPELHO / PLACA DE 3 POSTOS 4"" X 2"", PARA INSTALACAO DE TOMADAS E INTERRUPTORES",UN,2.94,2.94,2026-08,placa 3 postos 4x2,https://universoeletrico.com.br/eletrico/produto/placa-3-postos-juntos-4x2-sal-663250/
95180,PLACA 3 POSTO SEP.+ 3 POSTO SEP. 4X4 SAL 663430,LEGRAND,Interruptores e Tomadas,sem_par,sem_par,0.273,,,,,,2026-08,,https://universoeletrico.com.br/eletrico/produto/placa-3-posto-sep-3-posto-sep-4x4-sal-663430/
95102,PLACA 2 POSTOS SEPARADOS 4X2 SAL 663220,LEGRAND,Interruptores e Tomadas,revisado,media,0.599,38093,"ESPELHO / PLACA DE 2 POSTOS 4"" X 2"", PARA INSTALACAO DE TOMADAS E INTERRUPTORES",UN,2.4,2.4,2026-08,placa 2 postos 4x2,https://universoeletrico.com.br/eletrico/produto/placa-2-postos-separados-4x2-sal-663220/
95114,PLACA 2 POSTOS JUNTOS 4X2 SUGAR GLOSS 663233,LEGRAND,Interruptores e Tomadas,revisado,media,0.515,38093,"ESPELHO / PLACA DE 2 POSTOS 4"" X 2"", PARA INSTALACAO DE TOMADAS E INTERRUPTORES",UN,2.4,2.4,2026-08,placa 2 postos 4x2,https://universoeletrico.com.br/eletrico/produto/placa-2-postos-juntos-4x2-sugar-gloss-663233/
95162,PLACA 1+1 POSTO HORIZONTAL 4X4 SAL 663410,LEGRAND,Interruptores e Tomadas,sem_par,sem_par,0.332,,,,,,2026-08,,https://universoeletrico.com.br/eletrico/produto/placa-11-posto-horizontal-4x4-sal-663410/
95165,PLACA 1+1 POSTO HORIZ. 4X4 SUGAR GLOSS 663413,LEGRAND,Interruptores e Tomadas,sem_par,sem_par,0.307,,,,,,2026-08,,https://universoeletrico.com.br/eletrico/produto/placa-11-posto-horiz-4x4-sugar-gloss-663413/
95096,PLACA 1 POSTO HORIZONTAL 4X2 SUGAR GLOSS 663213,LEGRAND,Interruptores e Tomadas,revisado,media,0.506,38092,"ESPELHO / PLACA DE 1 POSTO 4"" X 2"", PARA INSTALACAO DE TOMADAS E INTERRUPTORES",UN,2.32,2.32,2026-08,placa 1 posto 4x2,https://universoeletrico.com.br/eletrico/produto/placa-1-posto-horizontal-4x2-sugar-gloss-663213/
95093,PLACA 1 POSTO HORIZONTAL 4X2 SAL 663210,LEGRAND,Interruptores e Tomadas,revisado,media,0.581,38092,"ESPELHO / PLACA DE 1 POSTO 4"" X 2"", PARA INSTALACAO DE TOMADAS E INTERRUPTORES",UN,2.32,2.32,2026-08,placa 1 posto 4x2,https://universoeletrico.com.br/eletrico/produto/placa-1-posto-horizontal-4x2-sal-663210/
95149,MODULO CEGO 1 MODULO 663296,LEGRAND,Interruptores e Tomadas,sem_par,sem_par,0.395,,,,,,2026-08,,https://universoeletrico.com.br/eletrico/produto/modulo-cego-1-modulo-663296/
95003,INTERRUPTOR SIMPLES 1 MODULO PARAFUSO 663000,LEGRAND,Interruptores e Tomadas,alta,alta,0.643,38112,"INTERRUPTOR SIMPLES 10A, 250V (APENAS MODULO)",UN,6.93,6.93,2026-08,,https://universoeletrico.com.br/eletrico/produto/interruptor-simples-1-modulo-parafuso-663000/
95012,INTERRUPTOR SIMPLES 1 MODULO BORNE 663015,LEGRAND,Interruptores e Tomadas,alta,alta,0.625,38112,"INTERRUPTOR SIMPLES 10A, 250V (APENAS MODULO)",UN,6.93,6.93,2026-08,,https://universoeletrico.com.br/eletrico/produto/interruptor-simples-1-modulo-borne-663015/
95013,INTERRUPTOR PARALELO 1 MODULO BORNE 663016,LEGRAND,Interruptores e Tomadas,alta,alta,0.627,38113,"INTERRUPTOR PARALELO 10A, 250V (APENAS MODULO)",UN,9.03,9.03,2026-08,,https://universoeletrico.com.br/eletrico/produto/interruptor-paralelo-1-modulo-borne-663016/
95007,INTERRUPTOR INTERMEDIARIO 1 MODULO 10A 663004,LEGRAND,Interruptores e Tomadas,alta,alta,0.737,38115,"INTERRUPTOR INTERMEDIARIO 10 A, 250 V (APENAS MODULO)",UN,19.18,19.18,2026-08,,https://universoeletrico.com.br/eletrico/produto/interruptor-intermediario-1-modulo-10a-663004/
95065,CJ.1 INTERRUPTOR PARALELO 10A 4X2 BRANCO 663108,LEGRAND,Interruptores e Tomadas,alta,alta,0.678,38063,"INTERRUPTOR PARALELO 10A, 250V, CONJUNTO MONTADO PARA EMBUTIR 4"" X 2"" (PLACA + SUPORTE + MODULO)",UN,9.69,9.69,2026-08,,https://universoeletrico.com.br/eletrico/produto/cj-1-interruptor-paralelo-10a-4x2-branco-663108/
95171,*PLACA 2 POSTO SEP. +2 POSTO SEP 4X4 SAL 663420,LEGRAND,Interruptores e Tomadas,revisado,baixa,0.46,38097,"ESPELHO / PLACA DE 4 POSTOS 4"" X 4"", PARA INSTALACAO DE TOMADAS E INTERRUPTORES",UN,5.96,5.96,2026-08,2+2 = 4 postos 4x4,https://universoeletrico.com.br/eletrico/produto/placa-2-posto-sep-2-posto-sep-4x4-sal-663420/
95234,*MODULO SAIDA DE FIO ANTIMICROBIANA 663685,LEGRAND,Interruptores e Tomadas,sem_par,sem_par,0.255,,,,,,2026-08,,https://universoeletrico.com.br/eletrico/produto/modulo-saida-de-fio-antimicrobiana-663685/
95076,*CJ.1TOMADA 2P+T IDENTIF. 10A 4X2 BRANCO 663150,LEGRAND,Interruptores e Tomadas,sem_par,sem_par,0.345,,,,,,2026-08,,https://universoeletrico.com.br/eletrico/produto/cj-1tomada-2pt-identif-10a-4x2-branco-663150/
95070,*CJ.1 CAMPAINHA CIGARRA 127V 4X2 BRANCO 663132,LEGRAND,Interruptores e Tomadas,alta,alta,0.682,38085,"CAMPAINHA CIGARRA 127 V / 220 V, CONJUNTO MONTADO PARA EMBUTIR 4"" X 2"" (PLACA + SUPORTE + MODULO)",UN,21.94,21.94,2026-08,,https://universoeletrico.com.br/eletrico/produto/cj-1-campainha-cigarra-127v-4x2-branco-663132/
95062,*CJ. 3 INTERRUPTORES SIMPLES 4X2 BRANCO 663102,LEGRAND,Interruptores e Tomadas,alta,alta,0.637,38071,"INTERRUPTORES SIMPLES (3 MODULOS) 10A, 250V, CONJUNTO MONTADO PARA EMBUTIR 4"" X 2"" (PLACA + SUPORTE + MODULOS)",UN,17.46,17.46,2026-08,,https://universoeletrico.com.br/eletrico/produto/cj-3-interruptores-simples-4x2-branco-663102/
95082,*CJ. 1 SAIDA DE FIO 4X2 BRANCO 663195,LEGRAND,Interruptores e Tomadas,sem_par,sem_par,0.345,,,,,,2026-08,,https://universoeletrico.com.br/eletrico/produto/cj-1-saida-de-fio-4x2-branco-663195/
95060,*CJ. 1 INTERRUPTOR SIMPLES10A 4X2 BRANCO 663100,LEGRAND,Interruptores e Tomadas,revisado,media,0.594,38062,"INTERRUPTOR SIMPLES 10A, 250V, CONJUNTO MONTADO PARA EMBUTIR 4"" X 2"" (PLACA + SUPORTE + MODULO)",UN,7.11,7.11,2026-08,conjunto interruptor simples embutir 4x2,https://universoeletrico.com.br/eletrico/produto/cj-1-interruptor-simples10a-4x2-branco-663100/
95068,*CJ PULSADOR CAMPAINHA 4X2 BRANCO 663112,LEGRAND,Interruptores e Tomadas,alta,alta,0.636,38066,"PULSADOR CAMPAINHA 10A, 250V, CONJUNTO MONTADO PARA EMBUTIR 4"" X 2"" (PLACA + SUPORTE + MODULO)",UN,9.59,9.59,2026-08,,https://universoeletrico.com.br/eletrico/produto/cj-pulsador-campainha-4x2-branco-663112/
85474,TOMADA TV TIPO F 1M PRETA JB4202F,LEGRAND,Interruptores e Tomadas,revisado,media,0.548,38105,"TOMADA PARA ANTENA DE TV, CABO COAXIAL DE 9 MM (APENAS MODULO)",UN,11.05,11.05,2026-08,tomada TV apenas módulo,https://universoeletrico.com.br/eletrico/produto/tomada-tv-tipo-f-1m-preta-jb4202f/
85548,TOMADA TV TIPO F 1M BRANCA JW4202F,LEGRAND,Interruptores e Tomadas,revisado,media,0.548,38105,"TOMADA PARA ANTENA DE TV, CABO COAXIAL DE 9 MM (APENAS MODULO)",UN,11.05,11.05,2026-08,tomada TV apenas módulo,https://universoeletrico.com.br/eletrico/produto/tomada-tv-tipo-f-1m-branca-jw4202f/
85528,TOMADA ENERGIA 2P+T 20A 1M VERMELHA JR4166,LEGRAND,Interruptores e Tomadas,revisado,media,0.528,38102,"TOMADA 2P+T 20A, 250V (APENAS MODULO)",UN,10.09,10.09,2026-08,2P+T 20A apenas módulo,https://universoeletrico.com.br/eletrico/produto/tomada-energia-2pt-20a-1m-vermelha-jr4166/
85471,TOMADA ENERGIA 2P+T 20A 1M PRETA JB4166,LEGRAND,Interruptores e Tomadas,revisado,media,0.527,38102,"TOMADA 2P+T 20A, 250V (APENAS MODULO)",UN,10.09,10.09,2026-08,2P+T 20A apenas módulo,https://universoeletrico.com.br/eletrico/produto/tomada-energia-2pt-20a-1m-preta-jb4166/
85505,TOMADA ENERGIA 2P+T 20A 1M CINZA JG4166,LEGRAND,Interruptores e Tomadas,revisado,media,0.535,38102,"TOMADA 2P+T 20A, 250V (APENAS MODULO)",UN,10.09,10.09,2026-08,2P+T 20A apenas módulo,https://universoeletrico.com.br/eletrico/produto/tomada-energia-2pt-20a-1m-cinza-jg4166/
85544,TOMADA ENERGIA 2P+T 20A 1M BRANCA JW4166,LEGRAND,Interruptores e Tomadas,revisado,media,0.534,38102,"TOMADA 2P+T 20A, 250V (APENAS MODULO)",UN,10.09,10.09,2026-08,2P+T 20A apenas módulo,https://universoeletrico.com.br/eletrico/produto/tomada-energia-2pt-20a-1m-branca-jw4166/
85527,TOMADA ENERGIA 2P+T 10A 1M VERMELHA JR4165,LEGRAND,Interruptores e Tomadas,revisado,media,0.518,38101,"TOMADA 2P+T 10A, 250V (APENAS MODULO)",UN,7.89,7.89,2026-08,2P+T 10A apenas módulo,https://universoeletrico.com.br/eletrico/produto/tomada-energia-2pt-10a-1m-vermelha-jr4165/
85470,TOMADA ENERGIA 2P+T 10A 1M PRETO JB4165,LEGRAND,Interruptores e Tomadas,revisado,media,0.526,38101,"TOMADA 2P+T 10A, 250V (APENAS MODULO)",UN,7.89,7.89,2026-08,2P+T 10A apenas módulo,https://universoeletrico.com.br/eletrico/produto/tomada-energia-2pt-10a-1m-preto-jb4165/
85504,TOMADA ENERGIA 2P+T 10A 1M CINZA JG4165,LEGRAND,Interruptores e Tomadas,revisado,media,0.527,38101,"TOMADA 2P+T 10A, 250V (APENAS MODULO)",UN,7.89,7.89,2026-08,2P+T 10A apenas módulo,https://universoeletrico.com.br/eletrico/produto/tomada-energia-2pt-10a-1m-cinza-jg4165/
85542,TOMADA ENERGIA 2P+T 10A 1M BRANCA JW4165,LEGRAND,Interruptores e Tomadas,revisado,media,0.528,38101,"TOMADA 2P+T 10A, 250V (APENAS MODULO)",UN,7.89,7.89,2026-08,2P+T 10A apenas módulo,https://universoeletrico.com.br/eletrico/produto/tomada-energia-2pt-10a-1m-branca-jw4165/
85551,TOMADA DADOS RJ45 CAT6 1M BRANCA JW4279C6,LEGRAND,Interruptores e Tomadas,revisado,baixa,0.424,39601,"CONECTOR / TOMADA FEMEA RJ 45, CATEGORIA 6 (CAT 6) PARA CABOS",UN,34.59,34.59,2026-08,RJ45 cat6 fêmea,https://universoeletrico.com.br/eletrico/produto/tomada-dados-rj45-cat6-1m-branca-jw4279c6/
85476,TOMADA DADOS RJ45 CAT5E 1M PRETA JB4279C5E,LEGRAND,Interruptores e Tomadas,revisado,baixa,0.48,38104,"TOMADA RJ45, 8 FIOS, CAT 5E (APENAS MODULO)",UN,32.48,32.48,2026-08,RJ45 cat5e apenas módulo,https://universoeletrico.com.br/eletrico/produto/tomada-dados-rj45-cat5e-1m-preta-jb4279c5e/
85510,TOMADA DADOS RJ45 CAT5E 1M CINZA JG4279C5E,LEGRAND,Interruptores e Tomadas,revisado,baixa,0.487,38104,"TOMADA RJ45, 8 FIOS, CAT 5E (APENAS MODULO)",UN,32.48,32.48,2026-08,RJ45 cat5e apenas módulo,https://universoeletrico.com.br/eletrico/produto/tomada-dados-rj45-cat5e-1m-cinza-jg4279c5e/
85550,TOMADA DADOS RJ45 CAT5E 1M BRANCA JW4279C5E,LEGRAND,Interruptores e Tomadas,revisado,baixa,0.485,38104,"TOMADA RJ45, 8 FIOS, CAT 5E (APENAS MODULO)",UN,32.48,32.48,2026-08,RJ45 cat5e apenas módulo,https://universoeletrico.com.br/eletrico/produto/tomada-dados-rj45-cat5e-1m-branca-jw4279c5e/
85431,SUPORTE 6M 4X4 J4723,LEGRAND,Interruptores e Tomadas,revisado,media,0.568,38100,"SUPORTE DE FIXACAO PARA ESPELHO / PLACA 4"" X 4"", PARA 6 MODULOS, PARA INSTALACAO DE TOMADAS E INTERRUPTORES (SOMENTE SUPORTE)",UN,2.49,2.49,2026-08,suporte 6 módulos 4x4,https://universoeletrico.com.br/eletrico/produto/suporte-6m-4x4-j4723/
85430,SUPORTE 3M 4X2 J4703M3,LEGRAND,Interruptores e Tomadas,revisado,media,0.559,38099,"SUPORTE DE FIXACAO PARA ESPELHO / PLACA 4"" X 2"", PARA 3 MODULOS, PARA INSTALACAO DE TOMADAS E INTERRUPTORES (SOMENTE SUPORTE)",UN,1.52,1.52,2026-08,suporte 3 módulos 4x2,https://universoeletrico.com.br/eletrico/produto/suporte-3m-4x2-j4703m3/
85538,PULSADOR 10A 1M BRANCA JW4005,LEGRAND,Interruptores e Tomadas,alta,alta,0.605,38116,"PULSADOR CAMPAINHA 10A, 250V (APENAS MODULO)",UN,5.81,5.81,2026-08,,https://universoeletrico.com.br/eletrico/produto/pulsador-10a-1m-branca-jw4005/
85453,PLACA CEGA 4X4 PRETA JA4826M0JB,LEGRAND,Interruptores e Tomadas,alta,alta,0.711,38095,"ESPELHO / PLACA CEGA 4"" X 4"", PARA INSTALACAO DE TOMADAS E INTERRUPTORES",UN,5.17,5.17,2026-08,,https://universoeletrico.com.br/eletrico/produto/placa-cega-4x4-preta-ja4826m0jb/
85454,PLACA CEGA 4X4 CINZA JA4826M0JG,LEGRAND,Interruptores e Tomadas,alta,alta,0.705,38095,"ESPELHO / PLACA CEGA 4"" X 4"", PARA INSTALACAO DE TOMADAS E INTERRUPTORES",UN,5.17,5.17,2026-08,,https://universoeletrico.com.br/eletrico/produto/placa-cega-4x4-cinza-ja4826m0jg/
85455,PLACA CEGA 4X4 BRANCA JA4826M0JW,LEGRAND,Interruptores e Tomadas,alta,alta,0.698,38095,"ESPELHO / PLACA CEGA 4"" X 4"", PARA INSTALACAO DE TOMADAS E INTERRUPTORES",UN,5.17,5.17,2026-08,,https://universoeletrico.com.br/eletrico/produto/placa-cega-4x4-branca-ja4826m0jw/
85438,PLACA CEGA 4X2 PRETA JA4803M0JB,LEGRAND,Interruptores e Tomadas,alta,alta,0.706,38091,"ESPELHO / PLACA CEGA 4"" X 2"", PARA INSTALACAO DE TOMADAS E INTERRUPTORES",UN,2.44,2.44,2026-08,,https://universoeletrico.com.br/eletrico/produto/placa-cega-4x2-preta-ja4803m0jb/
85439,PLACA CEGA 4X2 CINZA JA4803M0JG,LEGRAND,Interruptores e Tomadas,alta,alta,0.699,38091,"ESPELHO / PLACA CEGA 4"" X 2"", PARA INSTALACAO DE TOMADAS E INTERRUPTORES",UN,2.44,2.44,2026-08,,https://universoeletrico.com.br/eletrico/produto/placa-cega-4x2-cinza-ja4803m0jg/
85440,PLACA CEGA 4X2 BRANCA JA4803M0JW,LEGRAND,Interruptores e Tomadas,alta,alta,0.695,38091,"ESPELHO / PLACA CEGA 4"" X 2"", PARA INSTALACAO DE TOMADAS E INTERRUPTORES",UN,2.44,2.44,2026-08,,https://universoeletrico.com.br/eletrico/produto/placa-cega-4x2-branca-ja4803m0jw/
85456,PLACA 3+3M 4X4 PRETA JA4826M6JB,LEGRAND,Interruptores e Tomadas,revisado,baixa,0.456,38098,"ESPELHO / PLACA DE 6 POSTOS 4"" X 4"", PARA INSTALACAO DE TOMADAS E INTERRUPTORES",UN,5.96,5.96,2026-08,3+3 = 6 postos 4x4,https://universoeletrico.com.br/eletrico/produto/placa-33m-4x4-preta-ja4826m6jb/
85457,PLACA 3+3M 4X4 CINZA JA4826M6JG,LEGRAND,Interruptores e Tomadas,revisado,baixa,0.454,38098,"ESPELHO / PLACA DE 6 POSTOS 4"" X 4"", PARA INSTALACAO DE TOMADAS E INTERRUPTORES",UN,5.96,5.96,2026-08,3+3 = 6 postos 4x4,https://universoeletrico.com.br/eletrico/produto/placa-33m-4x4-cinza-ja4826m6jg/
85458,PLACA 3+3M 4X4 BRANCA JA4826M6JW,LEGRAND,Interruptores e Tomadas,revisado,baixa,0.455,38098,"ESPELHO / PLACA DE 6 POSTOS 4"" X 4"", PARA INSTALACAO DE TOMADAS E INTERRUPTORES",UN,5.96,5.96,2026-08,3+3 = 6 postos 4x4,https://universoeletrico.com.br/eletrico/produto/placa-33m-4x4-branca-ja4826m6jw/
85435,PLACA 3 POSTOS 4X2 PRETA JA4803JB,LEGRAND,Interruptores e Tomadas,alta,alta,0.73,38094,"ESPELHO / PLACA DE 3 POSTOS 4"" X 2"", PARA INSTALACAO DE TOMADAS E INTERRUPTORES",UN,2.94,2.94,2026-08,,https://universoeletrico.com.br/eletrico/produto/placa-3-postos-4x2-preta-ja4803jb/
85436,PLACA 3 POSTOS 4X2 CINZA JA4803JG,LEGRAND,Interruptores e Tomadas,alta,alta,0.726,38094,"ESPELHO / PLACA DE 3 POSTOS 4"" X 2"", PARA INSTALACAO DE TOMADAS E INTERRUPTORES",UN,2.94,2.94,2026-08,,https://universoeletrico.com.br/eletrico/produto/placa-3-postos-4x2-cinza-ja4803jg/
85437,PLACA 3 POSTOS 4X2 BRANCA JA4803JW,LEGRAND,Interruptores e Tomadas,alta,alta,0.726,38094,"ESPELHO / PLACA DE 3 POSTOS 4"" X 2"", PARA INSTALACAO DE TOMADAS E INTERRUPTORES",UN,2.94,2.94,2026-08,,https://universoeletrico.com.br/eletrico/produto/placa-3-postos-4x2-branca-ja4803jw/
85444,PLACA 2 POSTOS SEPARADOS 4X2 PRETA JA4803M2JB,LEGRAND,Interruptores e Tomadas,alta,alta,0.635,38093,"ESPELHO / PLACA DE 2 POSTOS 4"" X 2"", PARA INSTALACAO DE TOMADAS E INTERRUPTORES",UN,2.4,2.4,2026-08,,https://universoeletrico.com.br/eletrico/produto/placa-2-postos-separados-4x2-preta-ja4803m2jb/
85445,PLACA 2 POSTOS SEPARADOS 4X2 CINZA JA4803M2JG,LEGRAND,Interruptores e Tomadas,alta,alta,0.632,38093,"ESPELHO / PLACA DE 2 POSTOS 4"" X 2"", PARA INSTALACAO DE TOMADAS E INTERRUPTORES",UN,2.4,2.4,2026-08,,https://universoeletrico.com.br/eletrico/produto/placa-2-postos-separados-4x2-cinza-ja4803m2jg/
85446,PLACA 2 POSTOS SEPARADOS 4X2 BRANCA JA4803M2JW,LEGRAND,Interruptores e Tomadas,alta,alta,0.632,38093,"ESPELHO / PLACA DE 2 POSTOS 4"" X 2"", PARA INSTALACAO DE TOMADAS E INTERRUPTORES",UN,2.4,2.4,2026-08,,https://universoeletrico.com.br/eletrico/produto/placa-2-postos-separados-4x2-branca-ja4803m2jw/
85447,PLACA 2 POSTOS 4X2 PRETA JA4819JB,LEGRAND,Interruptores e Tomadas,alta,alta,0.736,38093,"ESPELHO / PLACA DE 2 POSTOS 4"" X 2"", PARA INSTALACAO DE TOMADAS E INTERRUPTORES",UN,2.4,2.4,2026-08,,https://universoeletrico.com.br/eletrico/produto/placa-2-postos-4x2-preta-ja4819jb/
85449,PLACA 2 POSTOS 4X2 BRANCA JA4819JW,LEGRAND,Interruptores e Tomadas,alta,alta,0.734,38093,"ESPELHO / PLACA DE 2 POSTOS 4"" X 2"", PARA INSTALACAO DE TOMADAS E INTERRUPTORES",UN,2.4,2.4,2026-08,,https://universoeletrico.com.br/eletrico/produto/placa-2-postos-4x2-branca-ja4819jw/
85441,PLACA 1 POSTO 4X2 PRETA JA4803M1JB,LEGRAND,Interruptores e Tomadas,alta,alta,0.735,38092,"ESPELHO / PLACA DE 1 POSTO 4"" X 2"", PARA INSTALACAO DE TOMADAS E INTERRUPTORES",UN,2.32,2.32,2026-08,,https://universoeletrico.com.br/eletrico/produto/placa-1-posto-4x2-preta-ja4803m1jb/
85442,PLACA 1 POSTO 4X2 CINZA JA4803M1JG,LEGRAND,Interruptores e Tomadas,alta,alta,0.73,38092,"ESPELHO / PLACA DE 1 POSTO 4"" X 2"", PARA INSTALACAO DE TOMADAS E INTERRUPTORES",UN,2.32,2.32,2026-08,,https://universoeletrico.com.br/eletrico/produto/placa-1-posto-4x2-cinza-ja4803m1jg/
85443,PLACA 1 POSTO 4X2 BRANCA JA4803M1JW,LEGRAND,Interruptores e Tomadas,alta,alta,0.728,38092,"ESPELHO / PLACA DE 1 POSTO 4"" X 2"", PARA INSTALACAO DE TOMADAS E INTERRUPTORES",UN,2.32,2.32,2026-08,,https://universoeletrico.com.br/eletrico/produto/placa-1-posto-4x2-branca-ja4803m1jw/
85492,MODULO SAIDA DE FIO 1M PRETA JB4953,LEGRAND,Interruptores e Tomadas,sem_par,sem_par,0.349,,,,,,2026-08,,https://universoeletrico.com.br/eletrico/produto/modulo-saida-de-fio-1m-preta-jb4953/
85526,MODULO SAIDA DE FIO 1M CINZA JG4953,LEGRAND,Interruptores e Tomadas,sem_par,sem_par,0.363,,,,,,2026-08,,https://universoeletrico.com.br/eletrico/produto/modulo-saida-de-fio-1m-cinza-jg4953/
85566,MODULO SAIDA DE FIO 1M BRANCA JW4953,LEGRAND,Interruptores e Tomadas,sem_par,sem_par,0.356,,,,,,2026-08,,https://universoeletrico.com.br/eletrico/produto/modulo-saida-de-fio-1m-branca-jw4953/
85491,MODULO CEGO 1M PRETA JB4950,LEGRAND,Interruptores e Tomadas,sem_par,sem_par,0.354,,,,,,2026-08,,https://universoeletrico.com.br/eletrico/produto/modulo-cego-1m-preta-jb4950/
85525,MODULO CEGO 1M CINZA JG4950,LEGRAND,Interruptores e Tomadas,sem_par,sem_par,0.362,,,,,,2026-08,,https://universoeletrico.com.br/eletrico/produto/modulo-cego-1m-cinza-jg4950/
85565,MODULO CEGO 1M BRANCA JW4950,LEGRAND,Interruptores e Tomadas,sem_par,sem_par,0.362,,,,,,2026-08,,https://universoeletrico.com.br/eletrico/produto/modulo-cego-1m-branca-jw4950/
85459,INTERRUPTOR SIMPLES 10A 1M PRETO JB4001,LEGRAND,Interruptores e Tomadas,alta,alta,0.714,38112,"INTERRUPTOR SIMPLES 10A, 250V (APENAS MODULO)",UN,6.93,6.93,2026-08,,https://universoeletrico.com.br/eletrico/produto/interruptor-simples-10a-1m-preto-jb4001/
85493,INTERRUPTOR SIMPLES 10A 1M CINZA JG4001,LEGRAND,Interruptores e Tomadas,alta,alta,0.728,38112,"INTERRUPTOR SIMPLES 10A, 250V (APENAS MODULO)",UN,6.93,6.93,2026-08,,https://universoeletrico.com.br/eletrico/produto/interruptor-simples-10a-1m-cinza-jg4001/
85529,INTERRUPTOR SIMPLES 10A 1M BRANCA JW4001,LEGRAND,Interruptores e Tomadas,alta,alta,0.724,38112,"INTERRUPTOR SIMPLES 10A, 250V (APENAS MODULO)",UN,6.93,6.93,2026-08,,https://universoeletrico.com.br/eletrico/produto/interruptor-simples-10a-1m-branca-jw4001/
85461,INTERRUPTOR PARALELO 10A 1M PRETO JB4003,LEGRAND,Interruptores e Tomadas,alta,alta,0.733,38113,"INTERRUPTOR PARALELO 10A, 250V (APENAS MODULO)",UN,9.03,9.03,2026-08,,https://universoeletrico.com.br/eletrico/produto/interruptor-paralelo-10a-1m-preto-jb4003/
85495,INTERRUPTOR PARALELO 10A 1M CINZA JG4003,LEGRAND,Interruptores e Tomadas,alta,alta,0.74,38113,"INTERRUPTOR PARALELO 10A, 250V (APENAS MODULO)",UN,9.03,9.03,2026-08,,https://universoeletrico.com.br/eletrico/produto/interruptor-paralelo-10a-1m-cinza-jg4003/
85532,INTERRUPTOR PARALELO 10A 1M BRANCA JW4003,LEGRAND,Interruptores e Tomadas,alta,alta,0.736,38113,"INTERRUPTOR PARALELO 10A, 250V (APENAS MODULO)",UN,9.03,9.03,2026-08,,https://universoeletrico.com.br/eletrico/produto/interruptor-paralelo-10a-1m-branca-jw4003/
85465,INTERRUPTOR INTERMEDIARIO 10AX 1M PRETO JB4004,LEGRAND,Interruptores e Tomadas,alta,alta,0.681,38115,"INTERRUPTOR INTERMEDIARIO 10 A, 250 V (APENAS MODULO)",UN,19.18,19.18,2026-08,,https://universoeletrico.com.br/eletrico/produto/interruptor-intermediario-10ax-1m-preto-jb4004/
85499,INTERRUPTOR INTERMEDIARIO 10AX 1M CINZA JG4004,LEGRAND,Interruptores e Tomadas,alta,alta,0.686,38115,"INTERRUPTOR INTERMEDIARIO 10 A, 250 V (APENAS MODULO)",UN,19.18,19.18,2026-08,,https://universoeletrico.com.br/eletrico/produto/interruptor-intermediario-10ax-1m-cinza-jg4004/
85537,INTERRUPTOR INTERMEDIARIO 10AX 1M BR JW4004,LEGRAND,Interruptores e Tomadas,alta,alta,0.685,38115,"INTERRUPTOR INTERMEDIARIO 10 A, 250 V (APENAS MODULO)",UN,19.18,19.18,2026-08,,https://universoeletrico.com.br/eletrico/produto/interruptor-intermediario-10ax-1m-br-jw4004/
85555,DIMMER UNIVERS CONECT C/NEUTRO 75W 1M BR JW4411C,LEGRAND,Interruptores e Tomadas,sem_par,sem_par,0.094,,,,,,2026-08,,https://universoeletrico.com.br/eletrico/produto/dimmer-univers-conect-c-neutro-75w-1m-br-jw4411c/
85545,CONJ TOMADA 2P+T 20A 4X2 BRANCA JW4166CJ,LEGRAND,Interruptores e Tomadas,revisado,baixa,0.442,38075,"TOMADA 2P+T 20A 250V, CONJUNTO MONTADO PARA EMBUTIR 4"" X 2"" (PLACA + SUPORTE + MODULO)",UN,16.06,16.06,2026-08,conjunto 2P+T 20A embutir 4x2,https://universoeletrico.com.br/eletrico/produto/conj-tomada-2pt-20a-4x2-branca-jw4166cj/
85543,CONJ TOMADA 2P+T 10A 4X2 BRANCA JW4165CJ,LEGRAND,Interruptores e Tomadas,revisado,baixa,0.447,7528,"TOMADA 2P+T 10A, 250V, CONJUNTO MONTADO PARA EMBUTIR 4"" X 2"" (PLACA + SUPORTE + MODULO)",UN,9.27,9.27,2026-08,conjunto 2P+T 10A embutir 4x2,https://universoeletrico.com.br/eletrico/produto/conj-tomada-2pt-10a-4x2-branca-jw4165cj/
85534,CONJ PARALELO SIMPLES 10AX 4X2 BRANCA JW4003CJ,LEGRAND,Interruptores e Tomadas,sem_par,sem_par,0.384,,,,,,2026-08,,https://universoeletrico.com.br/eletrico/produto/conj-paralelo-simples-10ax-4x2-branca-jw4003cj/
85530,CONJ INTERRUPTOR SIMPLES 10A 4X2 BRANCA JW4001CJ,LEGRAND,Interruptores e Tomadas,revisado,baixa,0.493,38062,"INTERRUPTOR SIMPLES 10A, 250V, CONJUNTO MONTADO PARA EMBUTIR 4"" X 2"" (PLACA + SUPORTE + MODULO)",UN,7.11,7.11,2026-08,conjunto interruptor simples embutir 4x2,https://universoeletrico.com.br/eletrico/produto/conj-interruptor-simples-10a-4x2-branca-jw4001cj/
85506,CARREGADOR USB TIPO A+C 15W 1M CINZA JG4191AC,LEGRAND,Interruptores e Tomadas,sem_par,sem_par,0.099,,,,,,2026-08,,https://universoeletrico.com.br/eletrico/produto/carregador-usb-tipo-ac-15w-1m-cinza-jg4191ac/
85546,CARREGADOR USB TIPO A+C 15W 1M BRANCA JW4191AC,LEGRAND,Interruptores e Tomadas,sem_par,sem_par,0.097,,,,,,2026-08,,https://universoeletrico.com.br/eletrico/produto/carregador-usb-tipo-ac-15w-1m-branca-jw4191ac/
85553,CAMPAINHA CIGARRA 127V 1M BRANCA JW4356V127,LEGRAND,Interruptores e Tomadas,alta,alta,0.704,38106,CAMPAINHA CIGARRA 127 V / 220 V (APENAS MODULO),UN,18.57,18.57,2026-08,,https://universoeletrico.com.br/eletrico/produto/campainha-cigarra-127v-1m-branca-jw4356v127/
85568,*SENSOR DE PRESENÇA IR 3 FIOS CINZA JG4431,LEGRAND,Interruptores e Tomadas,sem_par,sem_par,0.266,,,,,,2026-08,,https://universoeletrico.com.br/eletrico/produto/sensor-de-presenca-ir-3-fios-cinza-jg4431/
85567,*SENSOR DE PRESENÇA IR 3 FIOS BRANCA JW4431,LEGRAND,Interruptores e Tomadas,sem_par,sem_par,0.264,,,,,,2026-08,,https://universoeletrico.com.br/eletrico/produto/sensor-de-presenca-ir-3-fios-branca-jw4431/
29449,QUADRO DE COMANDO 800X600X200MM C/FLANGE 901126,LEGRAND,Interruptores e Tomadas,sem_par,sem_par,0.088,,,,,,2026-08,,https://universoeletrico.com.br/eletrico/produto/quadro-de-comando-800x600x200mm-c-flange-901126/
46191,PLUGUE PROLONGADOR FEMEA 2P+T 20A PT 615957,LEGRAND,Interruptores e Tomadas,sem_par,sem_par,0.283,,,,,,2026-08,,https://universoeletrico.com.br/eletrico/produto/plugue-prolongador-femea-2pt-20a-pt-615957/
46190,PLUGUE PROLONGADOR FEMEA 2P+T 20A BR 615937,LEGRAND,Interruptores e Tomadas,sem_par,sem_par,0.28,,,,,,2026-08,,https://universoeletrico.com.br/eletrico/produto/plugue-prolongador-femea-2pt-20a-br-615937/
46188,PLUGUE PROLONGADOR FEMEA 2P+T 10A PT 615955,LEGRAND,Interruptores e Tomadas,sem_par,sem_par,0.26,,,,,,2026-08,,https://universoeletrico.com.br/eletrico/produto/plugue-prolongador-femea-2pt-10a-pt-615955/
46187,PLUGUE PROLONGADOR FEMEA 2P+T 10A BR 615935,LEGRAND,Interruptores e Tomadas,sem_par,sem_par,0.267,,,,,,2026-08,,https://universoeletrico.com.br/eletrico/produto/plugue-prolongador-femea-2pt-10a-br-615935/
46179,PLUGUE MACH0 2P+T 10A PRETO 615911,LEGRAND,Interruptores e Tomadas,sem_par,sem_par,0.258,,,,,,2026-08,,https://universoeletrico.com.br/eletrico/produto/plugue-mach0-2pt-10a-preto-615911/
46178,PLUGUE MACH0 2P+T 10A BRANCO 615901,LEGRAND,Interruptores e Tomadas,sem_par,sem_par,0.258,,,,,,2026-08,,https://universoeletrico.com.br/eletrico/produto/plugue-mach0-2pt-10a-branco-615901/
46185,PLUGUE MACH0 2P+T 20A PRETO 615953,LEGRAND,Interruptores e Tomadas,sem_par,sem_par,0.267,,,,,,2026-08,,https://universoeletrico.com.br/eletrico/produto/plugue-mach0-2pt-20a-preto-615953/
46182,PLUGUE MACH0 2P 20A PRETO 615951,LEGRAND,Interruptores e Tomadas,sem_par,sem_par,0.213,,,,,,2026-08,,https://universoeletrico.com.br/eletrico/produto/plugue-mach0-2p-20a-preto-615951/
46181,PLUGUE MACH0 2P 20A BRANCO 615931,LEGRAND,Interruptores e Tomadas,sem_par,sem_par,0.21,,,,,,2026-08,,https://universoeletrico.com.br/eletrico/produto/plugue-mach0-2p-20a-branco-615931/
46176,PLUGUE MACH0 2P 10A PRETO 615910,LEGRAND,Interruptores e Tomadas,sem_par,sem_par,0.213,,,,,,2026-08,,https://universoeletrico.com.br/eletrico/produto/plugue-mach0-2p-10a-preto-615910/
46175,PLUGUE MACH0 2P 10A BRNCO 615900,LEGRAND,Interruptores e Tomadas,sem_par,sem_par,0.21,,,,,,2026-08,,https://universoeletrico.com.br/eletrico/produto/plugue-mach0-2p-10a-brnco-615900/
46184,PLUGUE MACH0 2P + T 20A BRANCO 615933,LEGRAND,Interruptores e Tomadas,sem_par,sem_par,0.263,,,,,,2026-08,,https://universoeletrico.com.br/eletrico/produto/plugue-mach0-2p-t-20a-branco-615933/
54051,DISJUNTOR TRIPOLAR 63A CURVA C RXD63C33,LEGRAND,Interruptores e Tomadas,revisado,baixa,0.419,34714,"DISJUNTOR TERMOMAGNETICO PARA TRILHO DIN (IEC), TRIPOLAR, 63 A",UN,88.01,88.01,2026-08,disjuntor DIN tripolar 63A,https://universoeletrico.com.br/eletrico/produto/disjuntor-tripolar-63a-curva-c-rxd63c33/
54050,DISJUNTOR TRIPOLAR 50A CURVA C RXD50C33,LEGRAND,Interruptores e Tomadas,sem_par,sem_par,0.386,,,,,,2026-08,,https://universoeletrico.com.br/eletrico/produto/disjuntor-tripolar-50a-curva-c-rxd50c33/
54049,DISJUNTOR TRIPOLAR 40A CURVA C RXD40C33,LEGRAND,Interruptores e Tomadas,sem_par,sem_par,0.391,,,,,,2026-08,,https://universoeletrico.com.br/eletrico/produto/disjuntor-tripolar-40a-curva-c-rxd40c33/
54048,DISJUNTOR TRIPOLAR 32A CURVA C RXD32C33,LEGRAND,Interruptores e Tomadas,sem_par,sem_par,0.177,,,,,,2026-08,,https://universoeletrico.com.br/eletrico/produto/disjuntor-tripolar-32a-curva-c-rxd32c33/
54047,DISJUNTOR TRIPOLAR 25A CURVA C RXD25C33,LEGRAND,Interruptores e Tomadas,sem_par,sem_par,0.385,,,,,,2026-08,,https://universoeletrico.com.br/eletrico/produto/disjuntor-tripolar-25a-curva-c-rxd25c33/
54046,DISJUNTOR TRIPOLAR 20A CURVA C RXD20C33,LEGRAND,Interruptores e Tomadas,sem_par,sem_par,0.194,,,,,,2026-08,,https://universoeletrico.com.br/eletrico/produto/disjuntor-tripolar-20a-curva-c-rxd20c33/
54045,DISJUNTOR TRIPOLAR 16A CURVA C RXD16C33,LEGRAND,Interruptores e Tomadas,sem_par,sem_par,0.187,,,,,,2026-08,,https://universoeletrico.com.br/eletrico/produto/disjuntor-tripolar-16a-curva-c-rxd16c33/
54033,DISJUNTOR MONOPOLAR 63A CURVA C RXD63C31,LEGRAND,Interruptores e Tomadas,revisado,baixa,0.413,34688,"DISJUNTOR TERMOMAGNETICO PARA TRILHO DIN (IEC), MONOPOLAR, 63 A",UN,19.01,19.01,2026-08,disjuntor DIN monopolar 63A,https://universoeletrico.com.br/eletrico/produto/disjuntor-monopolar-63a-curva-c-rxd63c31/
54032,DISJUNTOR MONOPOLAR 50A CURVA C RXD50C31,LEGRAND,Interruptores e Tomadas,sem_par,sem_par,0.397,,,,,,2026-08,,https://universoeletrico.com.br/eletrico/produto/disjuntor-monopolar-50a-curva-c-rxd50c31/
54031,DISJUNTOR MONOPOLAR 40A CURVA C RXD40C31,LEGRAND,Interruptores e Tomadas,sem_par,sem_par,0.351,,,,,,2026-08,,https://universoeletrico.com.br/eletrico/produto/disjuntor-monopolar-40a-curva-c-rxd40c31/
54030,DISJUNTOR MONOPOLAR 32A CURVA C RXD32C31,LEGRAND,Interruptores e Tomadas,sem_par,sem_par,0.376,,,,,,2026-08,,https://universoeletrico.com.br/eletrico/produto/disjuntor-monopolar-32a-curva-c-rxd32c31/
54029,DISJUNTOR MONOPOLAR 25A CURVA C RXD25C31,LEGRAND,Interruptores e Tomadas,sem_par,sem_par,0.145,,,,,,2026-08,,https://universoeletrico.com.br/eletrico/produto/disjuntor-monopolar-25a-curva-c-rxd25c31/
54028,DISJUNTOR MONOPOLAR 20A CURVA C RXD20C31,LEGRAND,Interruptores e Tomadas,sem_par,sem_par,0.193,,,,,,2026-08,,https://universoeletrico.com.br/eletrico/produto/disjuntor-monopolar-20a-curva-c-rxd20c31/
54027,DISJUNTOR MONOPOLAR 16A CURVA C RXD16C31,LEGRAND,Interruptores e Tomadas,sem_par,sem_par,0.197,,,,,,2026-08,,https://universoeletrico.com.br/eletrico/produto/disjuntor-monopolar-16a-curva-c-rxd16c31/
54026,DISJUNTOR MONOPOLAR 10A CURVA C RXD10C31,LEGRAND,Interruptores e Tomadas,sem_par,sem_par,0.369,,,,,,2026-08,,https://universoeletrico.com.br/eletrico/produto/disjuntor-monopolar-10a-curva-c-rxd10c31/
54034,DISJUNTOR BIPOLAR 6A CURVA C RXD06C32,LEGRAND,Interruptores e Tomadas,sem_par,sem_par,0.398,,,,,,2026-08,,https://universoeletrico.com.br/eletrico/produto/disjuntor-bipolar-6a-curva-c-rxd06c32/
54042,DISJUNTOR BIPOLAR 63A CURVA C RXD63C32,LEGRAND,Interruptores e Tomadas,revisado,baixa,0.417,34628,"DISJUNTOR TERMOMAGNETICO PARA TRILHO DIN (IEC), BIPOLAR, 63 A",UN,84.83,84.83,2026-08,disjuntor DIN bipolar 63A,https://universoeletrico.com.br/eletrico/produto/disjuntor-bipolar-63a-curva-c-rxd63c32/
54041,DISJUNTOR BIPOLAR 50A CURVA C RXD50C32,LEGRAND,Interruptores e Tomadas,sem_par,sem_par,0.387,,,,,,2026-08,,https://universoeletrico.com.br/eletrico/produto/disjuntor-bipolar-50a-curva-c-rxd50c32/
54040,DISJUNTOR BIPOLAR 40A CURVA C RXD32C32,LEGRAND,Interruptores e Tomadas,sem_par,sem_par,0.354,,,,,,2026-08,,https://universoeletrico.com.br/eletrico/produto/disjuntor-bipolar-40a-curva-c-rxd32c32/
54039,DISJUNTOR BIPOLAR 32A CURVA C RXD32C32,LEGRAND,Interruptores e Tomadas,revisado,media,0.511,34616,"DISJUNTOR TERMOMAGNETICO PARA TRILHO DIN (IEC), BIPOLAR, 6 - 32 A",UN,60.15,60.15,2026-08,disjuntor DIN bipolar faixa 6-32A,https://universoeletrico.com.br/eletrico/produto/disjuntor-bipolar-32a-curva-c-rxd32c32/
54038,DISJUNTOR BIPOLAR 25A CURVA C RXD25C32,LEGRAND,Interruptores e Tomadas,sem_par,sem_par,0.351,,,,,,2026-08,,https://universoeletrico.com.br/eletrico/produto/disjuntor-bipolar-25a-curva-c-rxd25c32/
54037,DISJUNTOR BIPOLAR 20A CURVA C RXD20C32,LEGRAND,Interruptores e Tomadas,sem_par,sem_par,0.348,,,,,,2026-08,,https://universoeletrico.com.br/eletrico/produto/disjuntor-bipolar-20a-curva-c-rxd20c32/
54036,DISJUNTOR BIPOLAR 16A CURVA C RXD16C32,LEGRAND,Interruptores e Tomadas,sem_par,sem_par,0.35,,,,,,2026-08,,https://universoeletrico.com.br/eletrico/produto/disjuntor-bipolar-16a-curva-c-rxd16c32/
54035,DISJUNTOR BIPOLAR 10A CURVA C RXD10C32,LEGRAND,Interruptores e Tomadas,sem_par,sem_par,0.352,,,,,,2026-08,,https://universoeletrico.com.br/eletrico/produto/disjuntor-bipolar-10a-curva-c-rxd10c32/
29450,*BARRA DE NEUTRO/TERRA 12LIG.16MM 989542,LEGRAND,Interruptores e Tomadas,sem_par,sem_par,0.285,,,,,,2026-08,,https://universoeletrico.com.br/eletrico/produto/barra-de-neutro-terra-12lig-16mm-989542/
49078,UNID. EXTERNA PORTEIRO ELET. 8 BOTOES 900201527,LEGRAND,Interruptores e Tomadas,sem_par,sem_par,0.271,,,,,,2026-08,,https://universoeletrico.com.br/eletrico/produto/unid-externa-porteiro-elet-8-botoes-900201527/
49074,INTERFONE MODELO AZ01 BRANCO# 900201694,LEGRAND,Interruptores e Tomadas,sem_par,sem_par,0.085,,,,,,2026-08,,https://universoeletrico.com.br/eletrico/produto/interfone-modelo-az01-branco-900201694/
49072,"FONTE TRA 400 P/FECH,PORTEIROS,CENTRAIS 900201463",LEGRAND,Interruptores e Tomadas,sem_par,sem_par,0.28,,,,,,2026-08,,https://universoeletrico.com.br/eletrico/produto/fonte-tra-400-p-fechporteiroscentrais-900201463/
49087,FECHADURA ELETRICA DE SOBREPOR PRETA 900103127,LEGRAND,Interruptores e Tomadas,sem_par,baixa,0.488,,,,,,2026-08,fechadura elétrica sem equivalente,https://universoeletrico.com.br/eletrico/produto/fechadura-eletrica-de-sobrepor-preta-900103127/
49058,FECHADURA ELETRICA DE SOBREPOR CINZA C90 900103029,LEGRAND,Interruptores e Tomadas,sem_par,sem_par,0.302,,,,,,2026-08,,https://universoeletrico.com.br/eletrico/produto/fechadura-eletrica-de-sobrepor-cinza-c90-900103029/
49086,PORTEIRO ELETRONICO COM INTERFONE 900210005 KIT PORTEIRO,LEGRAND,Interruptores e Tomadas,sem_par,sem_par,0.314,,,,,,2026-08,,https://universoeletrico.com.br/eletrico/produto/porteiro-eletronico-com-interfone-900210005-kit-porteiro/
63069,PROTETOR MOBI BOX CARREG. VEIC. 8KW 220V,LEGRAND,Interruptores e Tomadas,sem_par,sem_par,0.195,,,,,,2026-08,,https://universoeletrico.com.br/eletrico/produto/protetor-mobi-box-carreg-veic-8kw-220v/
63064,PROTETOR CONTRA SURTOS SOLAR 600V 40KA 15013,LEGRAND,Interruptores e Tomadas,sem_par,sem_par,0.27,,,,,,2026-08,,https://universoeletrico.com.br/eletrico/produto/protetor-contra-surtos-solar-600v-40ka-15013/
63065,PROTETOR CONTRA SURTOS SOLAR 1040V 40KA 1000/1040V,LEGRAND,Interruptores e Tomadas,sem_par,sem_par,0.209,,,,,,2026-08,,https://universoeletrico.com.br/eletrico/produto/protetor-contra-surtos-solar-1040v-40ka-1000-1040v/
63014,PROTETOR CONTRA SURTOS 275V 15KA,LEGRAND,Interruptores e Tomadas,sem_par,sem_par,0.266,,,,,,2026-08,,https://universoeletrico.com.br/eletrico/produto/protetor-contra-surtos-275v-15ka/
63010,PROTETOR CONTRA SURTOS 175V 15KA,LEGRAND,Interruptores e Tomadas,sem_par,sem_par,0.262,,,,,,2026-08,,https://universoeletrico.com.br/eletrico/produto/protetor-contra-surtos-175v-15ka/
63016,PROTETOR CONTRA SURTO 275V 30KA,LEGRAND,Interruptores e Tomadas,sem_par,sem_par,0.286,,,,,,2026-08,,https://universoeletrico.com.br/eletrico/produto/protetor-contra-surto-275v-30ka/
63015,PROTETOR CONTRA SURTO 275V 20KA,LEGRAND,Interruptores e Tomadas,sem_par,sem_par,0.257,,,,,,2026-08,,https://universoeletrico.com.br/eletrico/produto/protetor-contra-surto-275v-20ka/
63013,PROTETOR CONTRA SURTO 175V 45KA,LEGRAND,Interruptores e Tomadas,sem_par,sem_par,0.256,,,,,,2026-08,,https://universoeletrico.com.br/eletrico/produto/protetor-contra-surto-175v-45ka/
63012,PROTETOR CONTRA SURTO 175V 30KA,LEGRAND,Interruptores e Tomadas,sem_par,sem_par,0.266,,,,,,2026-08,,https://universoeletrico.com.br/eletrico/produto/protetor-contra-surto-175v-30ka/
63011,PROTETOR CONTRA SURTO 175V 20KA,LEGRAND,Interruptores e Tomadas,sem_par,sem_par,0.258,,,,,,2026-08,,https://universoeletrico.com.br/eletrico/produto/protetor-contra-surto-175v-20ka/
63023,"PROTETOR CONTRA SURT. VCL 275V12,5/60KA",LEGRAND,Interruptores e Tomadas,sem_par,sem_par,0.147,,,,,,2026-08,,https://universoeletrico.com.br/eletrico/produto/protetor-contra-surt-vcl-275v125-60ka/
63063,*PROTETOR CONTRA SURTOS 460V 45KA,LEGRAND,Interruptores e Tomadas,sem_par,sem_par,0.251,,,,,,2026-08,,https://universoeletrico.com.br/eletrico/produto/protetor-contra-surtos-460v-45ka/
63027,"*PROT. CONTRA SURTOS VCL 460V 12,5/60 KA",LEGRAND,Interruptores e Tomadas,sem_par,sem_par,0.182,,,,,,2026-08,,https://universoeletrico.com.br/eletrico/produto/prot-contra-surtos-vcl-460v-125-60-ka/
29024,QUADRO SOBREPOR EM PVC PARA 36 DIN 135103,LEGRAND,Interruptores e Tomadas,alta,alta,0.668,39803,"QUADRO DE DISTRIBUICAO, SEM BARRAMENTO, EM PVC, DE SOBREPOR, PARA 27 DISJUNTORES NEMA OU 36 DISJUNTORES DIN",UN,392.66,392.66,2026-08,,https://universoeletrico.com.br/eletrico/produto/quadro-sobrepor-em-pvc-para-36-din-135103/
29425,TAMPÃO DE FECHAMENTO CINZA CLARO ¾ 913650,LEGRAND,Interruptores e Tomadas,sem_par,baixa,0.448,,,,,,2026-08,tampão eletroduto PVC vs ferro galvanizado,https://universoeletrico.com.br/eletrico/produto/tampao-de-fechamento-cinza-claro-%c2%be-913650/
29447,TAMPAO FECHAMENTO CINZA CLARO 1″ 913652,LEGRAND,Interruptores e Tomadas,sem_par,baixa,0.427,,,,,,2026-08,tampão eletroduto PVC vs ferro galvanizado,https://universoeletrico.com.br/eletrico/produto/tampao-fechamento-cinza-claro-1-913652/
29441,TAMPA1 TOMADA VERTICAL CINZA CLARO 1″ 914410,LEGRAND,Interruptores e Tomadas,sem_par,sem_par,0.373,,,,,,2026-08,,https://universoeletrico.com.br/eletrico/produto/tampa1-tomada-vertical-cinza-claro-1-914410/
29429,TAMPA P/ 1 TOMADA REDONDA CZ CLARO ¾ 913628,LEGRAND,Interruptores e Tomadas,sem_par,sem_par,0.37,,,,,,2026-08,,https://universoeletrico.com.br/eletrico/produto/tampa-p-1-tomada-redonda-cz-claro-%c2%be-913628/
29416,TAMPA CEGA CINZA CLARO ¾ 913618,LEGRAND,Interruptores e Tomadas,sem_par,baixa,0.413,,,,,,2026-08,tampa cega linha PVC sem equivalente,https://universoeletrico.com.br/eletrico/produto/tampa-cega-cinza-claro-%c2%be-913618/
29437,TAMPA CEGA CINZA CLARO 1″ 913634,LEGRAND,Interruptores e Tomadas,sem_par,baixa,0.406,,,,,,2026-08,tampa cega linha PVC sem equivalente,https://universoeletrico.com.br/eletrico/produto/tampa-cega-cinza-claro-1-913634/
29419,TAMPA 3 MODULOS JUNTOS CZ CLARO ¾ 913624,LEGRAND,Interruptores e Tomadas,sem_par,sem_par,0.329,,,,,,2026-08,,https://universoeletrico.com.br/eletrico/produto/tampa-3-modulos-juntos-cz-claro-%c2%be-913624/
29440,TAMPA 3 MODULOS JUNTOS CINZA CLARO 1″ 913640,LEGRAND,Interruptores e Tomadas,sem_par,sem_par,0.352,,,,,,2026-08,,https://universoeletrico.com.br/eletrico/produto/tampa-3-modulos-juntos-cinza-claro-1-913640/
29422,TAMPA 2 TOMADAS CINZA CLARO ¾ 914408,LEGRAND,Interruptores e Tomadas,sem_par,sem_par,0.39,,,,,,2026-08,,https://universoeletrico.com.br/eletrico/produto/tampa-2-tomadas-cinza-claro-%c2%be-914408/
29424,TAMPA 2 RJ CINZA CLARO ¾ 913632,LEGRAND,Interruptores e Tomadas,revisado,baixa,0.439,39351,"TAMPA PARA CONDULETE, EM PVC, PARA 2 MODULOS RJ",UN,5.51,5.51,2026-08,tampa condulete PVC 2 módulos RJ,https://universoeletrico.com.br/eletrico/produto/tampa-2-rj-cinza-claro-%c2%be-913632/
29418,TAMPA 2 MODULOS JUNTOS CZ CLARO ¾ 913622,LEGRAND,Interruptores e Tomadas,familia,baixa,0.493,39351,"TAMPA PARA CONDULETE, EM PVC, PARA 2 MODULOS RJ",UN,5.51,5.51,2026-08,"tampa 2 módulos, sem variante exata",https://universoeletrico.com.br/eletrico/produto/tampa-2-modulos-juntos-cz-claro-%c2%be-913622/
29439,TAMPA 2 MODULOS JUNTOS CINZA CLARO 1″ 913638,LEGRAND,Interruptores e Tomadas,familia,baixa,0.47,39351,"TAMPA PARA CONDULETE, EM PVC, PARA 2 MODULOS RJ",UN,5.51,5.51,2026-08,"tampa 2 módulos, sem variante exata",https://universoeletrico.com.br/eletrico/produto/tampa-2-modulos-juntos-cinza-claro-1-913638/
29420,TAMPA 1 TOMADA VERTICAL CZ CLARO ¾ 914402,LEGRAND,Interruptores e Tomadas,sem_par,sem_par,0.368,,,,,,2026-08,,https://universoeletrico.com.br/eletrico/produto/tampa-1-tomada-vertical-cz-claro-%c2%be-914402/
29444,TAMPA 1 TOMADA REDONDA CINZA CLARO 1″ 913644,LEGRAND,Interruptores e Tomadas,sem_par,sem_par,0.387,,,,,,2026-08,,https://universoeletrico.com.br/eletrico/produto/tampa-1-tomada-redonda-cinza-claro-1-913644/
29423,TAMPA 1 RJ CINZA CLARO ¾ 913630,LEGRAND,Interruptores e Tomadas,revisado,baixa,0.45,39350,"TAMPA PARA CONDULETE, EM PVC, PARA 1 MODULO RJ",UN,4.76,4.76,2026-08,tampa condulete PVC 1 módulo RJ,https://universoeletrico.com.br/eletrico/produto/tampa-1-rj-cinza-claro-%c2%be-913630/
29417,TAMPA 1 MODULO VERTICAL CZ CLARO ¾ 913620,LEGRAND,Interruptores e Tomadas,familia,baixa,0.465,39350,"TAMPA PARA CONDULETE, EM PVC, PARA 1 MODULO RJ",UN,4.76,4.76,2026-08,"tampa 1 módulo, variante incerta",https://universoeletrico.com.br/eletrico/produto/tampa-1-modulo-vertical-cz-claro-%c2%be-913620/
29438,TAMPA 1 MODULO VERTICAL CINZA CLARO 1″ 913636,LEGRAND,Interruptores e Tomadas,familia,baixa,0.459,39350,"TAMPA PARA CONDULETE, EM PVC, PARA 1 MODULO RJ",UN,4.76,4.76,2026-08,"tampa 1 módulo, variante incerta",https://universoeletrico.com.br/eletrico/produto/tampa-1-modulo-vertical-cinza-claro-1-913636/
29421,TAMPA 1 INTER. + 1 TOMADA CZ CLARO ¾ 914404,LEGRAND,Interruptores e Tomadas,sem_par,sem_par,0.39,,,,,,2026-08,,https://universoeletrico.com.br/eletrico/produto/tampa-1-inter-1-tomada-cz-claro-%c2%be-914404/
29025,QUADRO SOBREPOR EM PVC PARA 48 DIN 135104,LEGRAND,Interruptores e Tomadas,sem_par,sem_par,0.311,,,,,,2026-08,,https://universoeletrico.com.br/eletrico/produto/quadro-sobrepor-em-pvc-para-48-din-135104/
29022,QUADRO SOBREPOR EM PVC PARA 24 DIN 135102,LEGRAND,Interruptores e Tomadas,alta,alta,0.653,39802,"QUADRO DE DISTRIBUICAO, SEM BARRAMENTO, EM PVC, DE SOBREPOR, PARA 18 DISJUNTORES NEMA OU 24 DISJUNTORES DIN",UN,281.47,281.47,2026-08,,https://universoeletrico.com.br/eletrico/produto/quadro-sobrepor-em-pvc-para-24-din-135102/
29018,QUADRO SOB. P/1/2 DISJ. C/ TOM. P.B 20A 912712,LEGRAND,Interruptores e Tomadas,sem_par,sem_par,0.254,,,,,,2026-08,,https://universoeletrico.com.br/eletrico/produto/quadro-sob-p-1-2-disj-c-tom-p-b-20a-912712/
29148,PALHETA PLASTICA DIN 4 MODULOS BRANCA 989633,LEGRAND,Interruptores e Tomadas,sem_par,sem_par,0.266,,,,,,2026-08,,https://universoeletrico.com.br/eletrico/produto/palheta-plastica-din-4-modulos-branca-989633/
29410,LUVA PVC CINZA CLARO ¾ 913669,LEGRAND,Interruptores e Tomadas,sem_par,media,0.558,,,,,,2026-08,luva PVC elétrica vs hidráulica,https://universoeletrico.com.br/eletrico/produto/luva-pvc-cinza-claro-%c2%be-913669/
29432,LUVA PVC CINZA CLARO 1″ 913671,LEGRAND,Interruptores e Tomadas,sem_par,media,0.558,,,,,,2026-08,luva PVC elétrica vs hidráulica,https://universoeletrico.com.br/eletrico/produto/luva-pvc-cinza-claro-1-913671/
29408,ELETRODUTO PVC CINZA CLARO ¾ 913663,LEGRAND,Interruptores e Tomadas,familia,media,0.565,2678,"ELETRODUTO DE PVC RIGIDO SOLDAVEL, CLASSE B, DE 25 MM",M,3.03,3.03,2026-08,"eletroduto PVC, roscável vs soldável",https://universoeletrico.com.br/eletrico/produto/eletroduto-pvc-cinza-claro-%c2%be-913663/
29430,ELETRODUTO PVC CINZA CLARO 1″ 913665,LEGRAND,Interruptores e Tomadas,familia,media,0.562,2680,"ELETRODUTO DE PVC RIGIDO ROSCAVEL DE 1 1/2"", SEM LUVA",M,11.87,11.87,2026-08,"eletroduto PVC, roscável vs soldável",https://universoeletrico.com.br/eletrico/produto/eletroduto-pvc-cinza-claro-1-913665/
29409,CURVA PVC CINZA CLARO ¾ 913675,LEGRAND,Interruptores e Tomadas,sem_par,media,0.53,,,,,,2026-08,curva PVC elétrica vs hidráulica,https://universoeletrico.com.br/eletrico/produto/curva-pvc-cinza-claro-%c2%be-913675/
29431,CURVA PVC CINZA CLARO 1″ 913677,LEGRAND,Interruptores e Tomadas,sem_par,media,0.54,,,,,,2026-08,curva PVC elétrica vs hidráulica,https://universoeletrico.com.br/eletrico/produto/curva-pvc-cinza-claro-1-913677/
29412,CONDULETE PVC CZ CLARO 6 ENTR. 1/2 – ¾ 913604,LEGRAND,Interruptores e Tomadas,sem_par,sem_par,0.398,,,,,,2026-08,,https://universoeletrico.com.br/eletrico/produto/condulete-pvc-cz-claro-6-entr-1-2-%c2%be-913604/
29411,CONDULETE PVC CZ CLARO 5 ENT. 1/2 – ¾ 913602,LEGRAND,Interruptores e Tomadas,sem_par,baixa,0.404,,,,,,2026-08,condulete 5 entradas sem equivalente,https://universoeletrico.com.br/eletrico/produto/condulete-pvc-cz-claro-5-ent-1-2-%c2%be-913602/
29434,CONDULETE PVC CINZA CLARO 6 ENTRADA 1″ 913608,LEGRAND,Interruptores e Tomadas,sem_par,sem_par,0.346,,,,,,2026-08,,https://universoeletrico.com.br/eletrico/produto/condulete-pvc-cinza-claro-6-entrada-1-913608/
29433,CONDULETE PVC CINZA CLARO 5 ENTRADA 1″ 913606,LEGRAND,Interruptores e Tomadas,sem_par,sem_par,0.16,,,,,,2026-08,,https://universoeletrico.com.br/eletrico/produto/condulete-pvc-cinza-claro-5-entrada-1-913606/
29257,CAIXA PASSAGEM SOBREPOR 50X50X15 901049,LEGRAND,Interruptores e Tomadas,revisado,media,0.579,39774,"CAIXA DE PASSAGEM METALICA DE SOBREPOR COM TAMPA PARAFUSADA, DIMENSOES 50 X 50 X 15 CM",UN,142.82,142.82,2026-08,caixa passagem sobrepor 50x50x15,https://universoeletrico.com.br/eletrico/produto/caixa-passagem-sobrepor-50x50x15-901049/
29452,CAIXA DE DERIVAÇÃO PVC 4 X 4 AMARELA 689035,LEGRAND,Interruptores e Tomadas,revisado,media,0.501,1873,"CAIXA DE PASSAGEM, EM PVC, DE 4"" X 4"", PARA ELETRODUTO FLEXIVEL CORRUGADO",UN,6.33,6.33,2026-08,caixa PVC 4x4 derivação,https://universoeletrico.com.br/eletrico/produto/caixa-de-derivacao-pvc-4-x-4-amarela-689035/
29451,CAIXA DE DERIVAÇÃO PVC 4 X 2 AMARELA 689034,LEGRAND,Interruptores e Tomadas,revisado,baixa,0.477,1872,"CAIXA DE PASSAGEM, EM PVC, DE 4"" X 2"", PARA ELETRODUTO FLEXIVEL CORRUGADO",UN,3.18,3.18,2026-08,caixa PVC 4x2 derivação,https://universoeletrico.com.br/eletrico/produto/caixa-de-derivacao-pvc-4-x-2-amarela-689034/
29413,ADAPTADOR PVC CINZA CLARO ¾ 913612,LEGRAND,Interruptores e Tomadas,sem_par,media,0.548,,,,,,2026-08,adaptador PVC elétrico sem equivalente,https://universoeletrico.com.br/eletrico/produto/adaptador-pvc-cinza-claro-%c2%be-913612/
29435,ADAPTADOR PVC CINZA CLARO 1″ 913616,LEGRAND,Interruptores e Tomadas,sem_par,media,0.544,,,,,,2026-08,nao hidraulico/sem par,https://universoeletrico.com.br/eletrico/produto/adaptador-pvc-cinza-claro-1-913616/
29436,ABRACADEIRA PVC CINZA CLARO 1″ 913683,LEGRAND,Interruptores e Tomadas,sem_par,media,0.527,,,,,,2026-08,abracadeira PVC hidraulica,https://universoeletrico.com.br/eletrico/produto/abracadeira-pvc-cinza-claro-1-913683/
29414,ABRACADEIRA FIXADOR CINZA CLARO ¾ 913681,LEGRAND,Interruptores e Tomadas,sem_par,baixa,0.43,,,,,,2026-08,sem abracadeira 3/4 equivalente,https://universoeletrico.com.br/eletrico/produto/abracadeira-fixador-cinza-claro-%c2%be-913681/
29427,*KIT BARRA BIFASIC II P/44 DISJ.DIN 100A 904388N,LEGRAND,Interruptores e Tomadas,sem_par,sem_par,0.145,,,,,,2026-08,,https://universoeletrico.com.br/eletrico/produto/kit-barra-bifasic-ii-p-44-disj-din-100a-904388n/
112122,*CAIXA DE PISO ELEVADO 8 MODULOS 89481,LEGRAND,Interruptores e Tomadas,sem_par,sem_par,0.327,,,,,,2026-08,,https://universoeletrico.com.br/eletrico/produto/caixa-de-piso-elevado-8-modulos-89481/
29195,*ADAPTADOR PVC CINZA ESCURO ½ ADP12C,LEGRAND,Interruptores e Tomadas,sem_par,sem_par,0.158,,,,,,2026-08,,https://universoeletrico.com.br/eletrico/produto/adaptador-pvc-cinza-escuro-%c2%bd-adp12c/
29198,*ABRACADEIRA FIXADOR PVC CINZA ESC. ½ 913679,LEGRAND,Interruptores e Tomadas,sem_par,sem_par,0.386,,,,,,2026-08,,https://universoeletrico.com.br/eletrico/produto/abracadeira-fixador-pvc-cinza-esc-%c2%bd-913679/
29028,TRILHO P/ FIX. DISJUNTOR/CONT. 35MM X2MT 936604,LEGRAND,Interruptores e Tomadas,sem_par,sem_par,0.192,,,,,,2026-08,,https://universoeletrico.com.br/eletrico/produto/trilho-p-fix-disjuntor-cont-35mm-x2mt-936604/
29107,BARRAM.DE FASE TRIFASICO 3X19 MODULOS MT 928085,LEGRAND,Interruptores e Tomadas,sem_par,sem_par,0.203,,,,,,2026-08,,https://universoeletrico.com.br/eletrico/produto/barram-de-fase-trifasico-3x19-modulos-mt-928085/
29115,BARRA DE TERRA VERDE 12 FUROS 16MM2 928056,LEGRAND,Interruptores e Tomadas,sem_par,sem_par,0.268,,,,,,2026-08,,https://universoeletrico.com.br/eletrico/produto/barra-de-terra-verde-12-furos-16mm2-928056/
29111,BARRA DE NEUTRO AZUL 12 FUROS 16MM2 928051,LEGRAND,Interruptores e Tomadas,sem_par,sem_par,0.256,,,,,,2026-08,,https://universoeletrico.com.br/eletrico/produto/barra-de-neutro-azul-12-furos-16mm2-928051/
29122,TERMINAL DE CONEXAO PINO LONGO 25MM2 928045,LEGRAND,Interruptores e Tomadas,sem_par,baixa,0.412,,,,,,2026-08,terminal pino sem equivalente,https://universoeletrico.com.br/eletrico/produto/terminal-de-conexao-pino-longo-25mm2-928045/
29123,TERMINAL DE CONEXAO PINO LONGO 50MM2 928046,LEGRAND,Interruptores e Tomadas,sem_par,baixa,0.414,,,,,,2026-08,terminal pino sem equivalente,https://universoeletrico.com.br/eletrico/produto/terminal-de-conexao-pino-longo-50mm2-928046/
29121,TERMINAL DE CONEXAO PINO CURTO 25MM2 928043,LEGRAND,Interruptores e Tomadas,sem_par,baixa,0.43,,,,,,2026-08,terminal pino sem equivalente,https://universoeletrico.com.br/eletrico/produto/terminal-de-conexao-pino-curto-25mm2-928043/
29106,BARRAM.DE FASE TRIFASICO 3X4POLOS 80A 928033,LEGRAND,Interruptores e Tomadas,sem_par,sem_par,0.205,,,,,,2026-08,,https://universoeletrico.com.br/eletrico/produto/barram-de-fase-trifasico-3x4polos-80a-928033/
29105,BARRAM.DE FASE BIFASICO 2X6POLOS 80A 928028,LEGRAND,Interruptores e Tomadas,sem_par,sem_par,0.167,,,,,,2026-08,,https://universoeletrico.com.br/eletrico/produto/barram-de-fase-bifasico-2x6polos-80a-928028/
29104,BARRAM.DE FASE MONOFASICO1X12POLOS 80A 928023,LEGRAND,Interruptores e Tomadas,sem_par,sem_par,0.178,,,,,,2026-08,,https://universoeletrico.com.br/eletrico/produto/barram-de-fase-monofasico1x12polos-80a-928023/
29066,CAIXA DERIV S/ EMB CEMARBOX 240X190X90MM 914055,LEGRAND,Interruptores e Tomadas,sem_par,sem_par,0.162,,,,,,2026-08,,https://universoeletrico.com.br/eletrico/produto/caixa-deriv-s-emb-cemarbox-240x190x90mm-914055/
29065,CAIXA DERIV S/EMB CEMARBOX 190X140X70MM 914054,LEGRAND,Interruptores e Tomadas,sem_par,sem_par,0.104,,,,,,2026-08,,https://universoeletrico.com.br/eletrico/produto/caixa-deriv-s-emb-cemarbox-190x140x70mm-914054/
29020,QUADRO SOBREPOR PVC P/ 8 DIN / 6UL 134108,LEGRAND,Interruptores e Tomadas,alta,alta,0.618,39800,"QUADRO DE DISTRIBUICAO, SEM BARRAMENTO, EM PVC, DE SOBREPOR, PARA 6 DISJUNTORES NEMA OU 8 DISJUNTORES DIN",UN,114.29,114.29,2026-08,,https://universoeletrico.com.br/eletrico/produto/quadro-sobrepor-pvc-p-8-din-6ul-134108/
29069,QUADRO EMBUTIR PVC PARA 12 DIN 135001,LEGRAND,Interruptores e Tomadas,alta,alta,0.614,39796,"QUADRO DE DISTRIBUICAO, SEM BARRAMENTO, EM PVC, DE EMBUTIR, PARA 12 DISJUNTORES NEMA OU 16 DISJUNTORES DIN",UN,135.6,135.6,2026-08,,https://universoeletrico.com.br/eletrico/produto/quadro-embutir-pvc-para-12-din-135001/
29068,QUADRO EMBUTIR PVC P/ 8DIN/6UL 134008,LEGRAND,Interruptores e Tomadas,sem_par,sem_par,0.127,,,,,,2026-08,,https://universoeletrico.com.br/eletrico/produto/quadro-embutir-pvc-p-8din-6ul-134008/
29019,QUADRO SOBREPOR PVC P/ 4 DIN / 3UL 134104,LEGRAND,Interruptores e Tomadas,alta,alta,0.615,39799,"QUADRO DE DISTRIBUICAO, SEM BARRAMENTO, EM PVC, DE SOBREPOR, PARA 3 DISJUNTORES NEMA OU 4 DISJUNTORES DIN",UN,67.09,67.09,2026-08,,https://universoeletrico.com.br/eletrico/produto/quadro-sobrepor-pvc-p-4-din-3ul-134104/
29067,QUADRO EMBUTIR PVC P/ 4DIN/3UL 134004,LEGRAND,Interruptores e Tomadas,sem_par,sem_par,0.328,,,,,,2026-08,,https://universoeletrico.com.br/eletrico/produto/quadro-embutir-pvc-p-4din-3ul-134004/
29152,QUADRO EMBUTIR PVC PARA 48 DISJ. DIN 135004,LEGRAND,Interruptores e Tomadas,alta,alta,0.628,43100,"QUADRO DE DISTRIBUICAO, EM PVC, DE EMBUTIR, COM BARRAMENTO TERRA / NEUTRO, PARA 48 DISJUNTORES DIN",UN,699.91,699.91,2026-08,,https://universoeletrico.com.br/eletrico/produto/quadro-embutir-pvc-para-48-disj-din-135004/
29071,QUADRO EMBUTIR PVC P/ 36DIN + 3DIN 135003,LEGRAND,Interruptores e Tomadas,sem_par,sem_par,0.125,,,,,,2026-08,,https://universoeletrico.com.br/eletrico/produto/quadro-embutir-pvc-p-36din-3din-135003/
29070,QUADRO EMBUTIR PVC P/ 24DIN + 2DIN 135002,LEGRAND,Interruptores e Tomadas,sem_par,sem_par,0.251,,,,,,2026-08,,https://universoeletrico.com.br/eletrico/produto/quadro-embutir-pvc-p-24din-2din-135002/
29151,CAIXA MONT. TP OPACA250X323X160 CMS18AOP 913218,LEGRAND,Interruptores e Tomadas,sem_par,sem_par,0.305,,,,,,2026-08,,https://universoeletrico.com.br/eletrico/produto/caixa-mont-tp-opaca250x323x160-cms18aop-913218/
29142,CAIXA DERIVACAO EM PVC 4X4 DRY WALL 913177,LEGRAND,Interruptores e Tomadas,revisado,baixa,0.453,1873,"CAIXA DE PASSAGEM, EM PVC, DE 4"" X 4"", PARA ELETRODUTO FLEXIVEL CORRUGADO",UN,6.33,6.33,2026-08,caixa PVC 4x4,https://universoeletrico.com.br/eletrico/produto/caixa-derivacao-em-pvc-4x4-dry-wall-913177/
29141,CAIXA DERIVACAO EM PVC 4X2 DRY WALL 913176,LEGRAND,Interruptores e Tomadas,revisado,baixa,0.45,1872,"CAIXA DE PASSAGEM, EM PVC, DE 4"" X 2"", PARA ELETRODUTO FLEXIVEL CORRUGADO",UN,3.18,3.18,2026-08,caixa PVC 4x2,https://universoeletrico.com.br/eletrico/produto/caixa-derivacao-em-pvc-4x2-dry-wall-913176/
29053,*CAIXA DE DERIVACAO EM PVC 3X3 CIPP33FF,LEGRAND,Interruptores e Tomadas,sem_par,sem_par,0.373,,,,,,2026-08,,https://universoeletrico.com.br/eletrico/produto/caixa-de-derivacao-em-pvc-3x3-cipp33ff/
29054,CAIXA DE DERIVACAO EM PVC 4X4 PT 689045,LEGRAND,Interruptores e Tomadas,revisado,media,0.565,1873,"CAIXA DE PASSAGEM, EM PVC, DE 4"" X 4"", PARA ELETRODUTO FLEXIVEL CORRUGADO",UN,6.33,6.33,2026-08,caixa PVC 4x4,https://universoeletrico.com.br/eletrico/produto/caixa-de-derivacao-em-pvc-4x4-pt-689045/
29052,CAIXA DE DERIVACAO EM PVC 4X2 PT 689044,LEGRAND,Interruptores e Tomadas,revisado,media,0.534,1872,"CAIXA DE PASSAGEM, EM PVC, DE 4"" X 2"", PARA ELETRODUTO FLEXIVEL CORRUGADO",UN,3.18,3.18,2026-08,caixa PVC 4x2,https://universoeletrico.com.br/eletrico/produto/caixa-de-derivacao-em-pvc-4x2-pt-689044/
29181,CAIXA DERIV. EM PVC FMD ORELHA DE METAL 913130,LEGRAND,Interruptores e Tomadas,sem_par,baixa,0.424,,,,,,2026-08,orelha de metal sem equivalente,https://universoeletrico.com.br/eletrico/produto/caixa-deriv-em-pvc-fmd-orelha-de-metal-913130/
29180,CAIXA DERIV. EM PVC FMS ORELHA DE METAL 913129,LEGRAND,Interruptores e Tomadas,sem_par,baixa,0.423,,,,,,2026-08,orelha de metal sem equivalente,https://universoeletrico.com.br/eletrico/produto/caixa-deriv-em-pvc-fms-orelha-de-metal-913129/
29178,CAIXA DERIV. EM PVC 3X3 ORELHA DE METAL 913128,LEGRAND,Interruptores e Tomadas,familia,baixa,0.438,43104,"CAIXA DE PASSAGEM ELETRICA, PARA PISO, EM PVC, DIMENSOES DE 3/4"" A 4""",UN,845.32,845.32,2026-08,"3x3 octogonal, variante incerta",https://universoeletrico.com.br/eletrico/produto/caixa-deriv-em-pvc-3x3-orelha-de-metal-913128/
29176,CAIXA DE PASSAGEM EMB. PVC 30X30X9 CM 911005,LEGRAND,Interruptores e Tomadas,sem_par,sem_par,0.19,,,,,,2026-08,,https://universoeletrico.com.br/eletrico/produto/caixa-de-passagem-emb-pvc-30x30x9-cm-911005/
29175,CAIXA DE PASSAGEM EMB PVC 20X20X9 CM 911003,LEGRAND,Interruptores e Tomadas,sem_par,sem_par,0.342,,,,,,2026-08,,https://universoeletrico.com.br/eletrico/produto/caixa-de-passagem-emb-pvc-20x20x9-cm-911003/
29174,"CAIXA DE PASSAGEM EMB. PVC 15X15X7,5 CM 911002",LEGRAND,Interruptores e Tomadas,sem_par,sem_par,0.387,,,,,,2026-08,,https://universoeletrico.com.br/eletrico/produto/caixa-de-passagem-emb-pvc-15x15x75-cm-911002/
29147,CAIXA PVC PAD.TELEBRAS EMBUTIR 40X40X9CM 910403,LEGRAND,Interruptores e Tomadas,sem_par,sem_par,0.359,,,,,,2026-08,,https://universoeletrico.com.br/eletrico/produto/caixa-pvc-pad-telebras-embutir-40x40x9cm-910403/
29146,CAIXA PVC PAD.TELEBRAS EMBUTIR 30X30X9CM 910402,LEGRAND,Interruptores e Tomadas,sem_par,sem_par,0.173,,,,,,2026-08,,https://universoeletrico.com.br/eletrico/produto/caixa-pvc-pad-telebras-embutir-30x30x9cm-910402/
29145,CAIXA PVC PAD.TELEBRAS EMBUTIR 20X20X9CM 910401,LEGRAND,Interruptores e Tomadas,sem_par,sem_par,0.284,,,,,,2026-08,,https://universoeletrico.com.br/eletrico/produto/caixa-pvc-pad-telebras-embutir-20x20x9cm-910401/
29363,KIT BARRA TRIFASIC II P/70 DISJ.DIN 225A 904546N,LEGRAND,Interruptores e Tomadas,sem_par,sem_par,0.133,,,,,,2026-08,,https://universoeletrico.com.br/eletrico/produto/kit-barra-trifasic-ii-p-70-disj-din-225a-904546n/
29362,KIT BARRA TRIFASIC II P/56 DISJ.DIN 225A 904545N,LEGRAND,Interruptores e Tomadas,sem_par,sem_par,0.11,,,,,,2026-08,,https://universoeletrico.com.br/eletrico/produto/kit-barra-trifasic-ii-p-56-disj-din-225a-904545n/
29361,KIT BARRA TRIFASIC II P/44 DISJ.DIN 150A 904544N,LEGRAND,Interruptores e Tomadas,sem_par,sem_par,0.143,,,,,,2026-08,,https://universoeletrico.com.br/eletrico/produto/kit-barra-trifasic-ii-p-44-disj-din-150a-904544n/
29360,KIT BARRA TRIFASIC II P/34 DISJ.DIN 150A 904543N,LEGRAND,Interruptores e Tomadas,sem_par,sem_par,0.14,,,,,,2026-08,,https://universoeletrico.com.br/eletrico/produto/kit-barra-trifasic-ii-p-34-disj-din-150a-904543n/
29359,KIT BARRA TRIFASIC II P/24 DISJ.DIN 150A 904542N,LEGRAND,Interruptores e Tomadas,sem_par,sem_par,0.139,,,,,,2026-08,,https://universoeletrico.com.br/eletrico/produto/kit-barra-trifasic-ii-p-24-disj-din-150a-904542n/
29358,KIT BARRA TRIFASIC II P/16 DISJ.DIN 150A 904541N,LEGRAND,Interruptores e Tomadas,sem_par,sem_par,0.142,,,,,,2026-08,,https://universoeletrico.com.br/eletrico/produto/kit-barra-trifasic-ii-p-16-disj-din-150a-904541n/
29350,QUADRO SOB S/BARRA 225A P/70DIN/50UL 904512BRN,LEGRAND,Interruptores e Tomadas,sem_par,sem_par,0.08,,,,,,2026-08,,https://universoeletrico.com.br/eletrico/produto/quadro-sob-s-barra-225a-p-70din-50ul-904512brn/
29349,QUADRO SOB S/BARRA 225A P/56DIN/40UL 904511BRN,LEGRAND,Interruptores e Tomadas,sem_par,sem_par,0.078,,,,,,2026-08,,https://universoeletrico.com.br/eletrico/produto/quadro-sob-s-barra-225a-p-56din-40ul-904511brn/
29348,QUADRO SOB S/BARRA 150A P/44DIN/32UL 904510BRN,LEGRAND,Interruptores e Tomadas,sem_par,sem_par,0.079,,,,,,2026-08,,https://universoeletrico.com.br/eletrico/produto/quadro-sob-s-barra-150a-p-44din-32ul-904510brn/
29347,QUADRO SOB S/BARRA 150A P/34DIN/24UL 904509BRN,LEGRAND,Interruptores e Tomadas,sem_par,sem_par,0.175,,,,,,2026-08,,https://universoeletrico.com.br/eletrico/produto/quadro-sob-s-barra-150a-p-34din-24ul-904509brn/
29346,QUADRO SOB S/BARRA 150A P/24DIN/18UL 904508BRN,LEGRAND,Interruptores e Tomadas,sem_par,sem_par,0.08,,,,,,2026-08,,https://universoeletrico.com.br/eletrico/produto/quadro-sob-s-barra-150a-p-24din-18ul-904508brn/
29340,QUADRO EMB S/BARRA 225A P70DIN/50UL 904506BRN,LEGRAND,Interruptores e Tomadas,sem_par,sem_par,0.165,,,,,,2026-08,,https://universoeletrico.com.br/eletrico/produto/quadro-emb-s-barra-225a-p70din-50ul-904506brn/
29339,QUADRO EMB S/BARRA 225A P56DIN/40UL 904505BRN,LEGRAND,Interruptores e Tomadas,sem_par,sem_par,0.078,,,,,,2026-08,,https://universoeletrico.com.br/eletrico/produto/quadro-emb-s-barra-225a-p56din-40ul-904505brn/
29338,QUADRO EMB S/BARRA 150A P44DIN/32UL 904504BRN,LEGRAND,Interruptores e Tomadas,sem_par,sem_par,0.078,,,,,,2026-08,,https://universoeletrico.com.br/eletrico/produto/quadro-emb-s-barra-150a-p44din-32ul-904504brn/
29337,QUADRO EMB S/BARRA 150A P34DIN/24UL 904503BRN,LEGRAND,Interruptores e Tomadas,sem_par,sem_par,0.166,,,,,,2026-08,,https://universoeletrico.com.br/eletrico/produto/quadro-emb-s-barra-150a-p34din-24ul-904503brn/
29336,QUADRO EMB S/BARRA 150A P24DIN/18UL 904502BRN,LEGRAND,Interruptores e Tomadas,sem_par,sem_par,0.159,,,,,,2026-08,,https://universoeletrico.com.br/eletrico/produto/quadro-emb-s-barra-150a-p24din-18ul-904502brn/
29353,KIT BARRA BIFASICO II P/34 DISJ.DIN 100A 904387N,LEGRAND,Interruptores e Tomadas,sem_par,sem_par,0.151,,,,,,2026-08,,https://universoeletrico.com.br/eletrico/produto/kit-barra-bifasico-ii-p-34-disj-din-100a-904387n/
29352,KIT BARRA BIFASICO II P/28 DISJ.DIN 100A 904386N,LEGRAND,Interruptores e Tomadas,sem_par,sem_par,0.153,,,,,,2026-08,,https://universoeletrico.com.br/eletrico/produto/kit-barra-bifasico-ii-p-28-disj-din-100a-904386n/
29351,KIT BARRA BIFASICO II P/16 DISJ.DIN 100A 904385N,LEGRAND,Interruptores e Tomadas,sem_par,sem_par,0.15,,,,,,2026-08,,https://universoeletrico.com.br/eletrico/produto/kit-barra-bifasico-ii-p-16-disj-din-100a-904385n/
29357,KIT BARRA TRIFASIC II P/44 DISJ.DIN 100A 904384N,LEGRAND,Interruptores e Tomadas,sem_par,sem_par,0.146,,,,,,2026-08,,https://universoeletrico.com.br/eletrico/produto/kit-barra-trifasic-ii-p-44-disj-din-100a-904384n/
29356,KIT BARRA TRIFASICO II P34 DISJ.DIN 100A 904383N,LEGRAND,Interruptores e Tomadas,sem_par,sem_par,0.158,,,,,,2026-08,,https://universoeletrico.com.br/eletrico/produto/kit-barra-trifasico-ii-p34-disj-din-100a-904383n/
29355,KIT BARRA TRIFASIC II P/28 DISJ.DIN 100A 904382N,LEGRAND,Interruptores e Tomadas,sem_par,sem_par,0.15,,,,,,2026-08,,https://universoeletrico.com.br/eletrico/produto/kit-barra-trifasic-ii-p-28-disj-din-100a-904382n/
29354,KIT BARRA TRIFASIC II P/16 DISJ.DIN 100A 904381N,LEGRAND,Interruptores e Tomadas,sem_par,sem_par,0.148,,,,,,2026-08,,https://universoeletrico.com.br/eletrico/produto/kit-barra-trifasic-ii-p-16-disj-din-100a-904381n/
29344,QUADRO SOB S/BARRA 100A P/44DIN/32UL BR 904368N,LEGRAND,Interruptores e Tomadas,sem_par,sem_par,0.174,,,,,,2026-08,,https://universoeletrico.com.br/eletrico/produto/quadro-sob-s-barra-100a-p-44din-32ul-br-904368n/
29343,QUADRO SOB S/BARRA 100A P/34DIN/24UL BR 904367N,LEGRAND,Interruptores e Tomadas,sem_par,sem_par,0.177,,,,,,2026-08,,https://universoeletrico.com.br/eletrico/produto/quadro-sob-s-barra-100a-p-34din-24ul-br-904367n/
29342,QUADRO SOB S/BARRA 100A P28DIN/20UL BR 904366N,LEGRAND,Interruptores e Tomadas,sem_par,sem_par,0.177,,,,,,2026-08,,https://universoeletrico.com.br/eletrico/produto/quadro-sob-s-barra-100a-p28din-20ul-br-904366n/
29341,QUADRO SOB S/BARRA 100A P16DIN/12UL BR 904365N,LEGRAND,Interruptores e Tomadas,sem_par,sem_par,0.175,,,,,,2026-08,,https://universoeletrico.com.br/eletrico/produto/quadro-sob-s-barra-100a-p16din-12ul-br-904365n/
29334,QUADRO EMB S/BARRA 100A P44DIN/32UL BR 904364N,LEGRAND,Interruptores e Tomadas,sem_par,sem_par,0.172,,,,,,2026-08,,https://universoeletrico.com.br/eletrico/produto/quadro-emb-s-barra-100a-p44din-32ul-br-904364n/
29333,QUADRO EMB S/BARRA 100A P34DIN/24UL BR 904363N,LEGRAND,Interruptores e Tomadas,sem_par,sem_par,0.175,,,,,,2026-08,,https://universoeletrico.com.br/eletrico/produto/quadro-emb-s-barra-100a-p34din-24ul-br-904363n/
29332,QUADRO EMB S/BARRA 100A P28DIN/20UL BR 904362N,LEGRAND,Interruptores e Tomadas,sem_par,sem_par,0.21,,,,,,2026-08,,https://universoeletrico.com.br/eletrico/produto/quadro-emb-s-barra-100a-p28din-20ul-br-904362n/
29331,QUADRO EMB S/BARRA 100A P16DIN/12UL BR 904361N,LEGRAND,Interruptores e Tomadas,sem_par,sem_par,0.207,,,,,,2026-08,,https://universoeletrico.com.br/eletrico/produto/quadro-emb-s-barra-100a-p16din-12ul-br-904361n/
29092,*KIT BARRAM. BIFASICO 56 DISJ. 225A DIN 904551N,LEGRAND,Interruptores e Tomadas,sem_par,sem_par,0.109,,,,,,2026-08,,https://universoeletrico.com.br/eletrico/produto/kit-barram-bifasico-56-disj-225a-din-904551n/
29023,QUADRO SOB. C/BAR. P/ATE 20 DISJUNT. UL QDSTN20E100,LEGRAND,Interruptores e Tomadas,sem_par,sem_par,0.171,,,,,,2026-08,,https://universoeletrico.com.br/eletrico/produto/quadro-sob-c-bar-p-ate-20-disjunt-ul-qdstn20e100/
29012,QUADRO EMB. C/BAR. P/ATE 12 DISJUNTOR UL QDETN12E100,LEGRAND,Interruptores e Tomadas,sem_par,sem_par,0.258,,,,,,2026-08,,https://universoeletrico.com.br/eletrico/produto/quadro-emb-c-bar-p-ate-12-disjuntor-ul-qdetn12e100/
29169,QUADRO DE COMANDO 800X600X250MM 902324,LEGRAND,Interruptores e Tomadas,sem_par,sem_par,0.188,,,,,,2026-08,,https://universoeletrico.com.br/eletrico/produto/quadro-de-comando-800x600x250mm-902324/
29168,QUADRO DE COMANDO 800X600X200MM 902323,LEGRAND,Interruptores e Tomadas,sem_par,sem_par,0.194,,,,,,2026-08,,https://universoeletrico.com.br/eletrico/produto/quadro-de-comando-800x600x200mm-902323/
29165,QUADRO DE COMANDO 600X500X250MM 902318,LEGRAND,Interruptores e Tomadas,sem_par,sem_par,0.195,,,,,,2026-08,,https://universoeletrico.com.br/eletrico/produto/quadro-de-comando-600x500x250mm-902318/
29164,QUADRO DE COMANDO 600X500X200MM 902317,LEGRAND,Interruptores e Tomadas,sem_par,sem_par,0.2,,,,,,2026-08,,https://universoeletrico.com.br/eletrico/produto/quadro-de-comando-600x500x200mm-902317/
29160,QUADRO DE COMANDO 500X400X200MM 902312,LEGRAND,Interruptores e Tomadas,sem_par,sem_par,0.197,,,,,,2026-08,,https://universoeletrico.com.br/eletrico/produto/quadro-de-comando-500x400x200mm-902312/
29158,QUADRO DE COMANDO 400X400X200MM 902308,LEGRAND,Interruptores e Tomadas,sem_par,sem_par,0.229,,,,,,2026-08,,https://universoeletrico.com.br/eletrico/produto/quadro-de-comando-400x400x200mm-902308/
29157,QUADRO DE COMANDO 400X300X200MM 902307,LEGRAND,Interruptores e Tomadas,sem_par,sem_par,0.202,,,,,,2026-08,,https://universoeletrico.com.br/eletrico/produto/quadro-de-comando-400x300x200mm-902307/
29156,QUADRO DE COMANDO 300X300X200MM 902304,LEGRAND,Interruptores e Tomadas,sem_par,sem_par,0.231,,,,,,2026-08,,https://universoeletrico.com.br/eletrico/produto/quadro-de-comando-300x300x200mm-902304/
29155,QUADRO DE COMANDO 300X200X200MM 902303,LEGRAND,Interruptores e Tomadas,sem_par,sem_par,0.232,,,,,,2026-08,,https://universoeletrico.com.br/eletrico/produto/quadro-de-comando-300x200x200mm-902303/
29154,QUADRO DE COMANDO 200X200X120MM 902301,LEGRAND,Interruptores e Tomadas,sem_par,sem_par,0.228,,,,,,2026-08,,https://universoeletrico.com.br/eletrico/produto/quadro-de-comando-200x200x120mm-902301/
29007,QUADRO COMAND.C/PL.MONTAG.1200X800X250MM 901131,LEGRAND,Interruptores e Tomadas,sem_par,sem_par,0.182,,,,,,2026-08,,https://universoeletrico.com.br/eletrico/produto/quadro-comand-c-pl-montag-1200x800x250mm-901131/
29033,CAIXA DE PASSAGEM DE EMBUTIR 40X40X15CM 901066,LEGRAND,Interruptores e Tomadas,sem_par,sem_par,0.362,,,,,,2026-08,,https://universoeletrico.com.br/eletrico/produto/caixa-de-passagem-de-embutir-40x40x15cm-901066/
29032,CAIXA DE PASSAGEM DE EMBUTIR 30x30x12CM 901064,LEGRAND,Interruptores e Tomadas,sem_par,sem_par,0.366,,,,,,2026-08,,https://universoeletrico.com.br/eletrico/produto/caixa-de-passagem-de-embutir-30x30x12cm-901064/
29031,CAIXA DE PASSAGEM DE EMBUTIR 20x20x10CM 901062,LEGRAND,Interruptores e Tomadas,sem_par,sem_par,0.361,,,,,,2026-08,,https://universoeletrico.com.br/eletrico/produto/caixa-de-passagem-de-embutir-20x20x10cm-901062/
29030,CAIXA DE PASSAGEM DE EMBUTIR 15x15x8CM 901061,LEGRAND,Interruptores e Tomadas,sem_par,sem_par,0.366,,,,,,2026-08,,https://universoeletrico.com.br/eletrico/produto/caixa-de-passagem-de-embutir-15x15x8cm-901061/
29037,CAIXA DE PASSAGEM DE SOBREPOR40X40X15CM 901047,LEGRAND,Interruptores e Tomadas,revisado,media,0.596,39773,"CAIXA DE PASSAGEM METALICA DE SOBREPOR COM TAMPA PARAFUSADA, DIMENSOES 40 X 40 X 15 CM",UN,95.48,95.48,2026-08,caixa passagem 40x40x15,https://universoeletrico.com.br/eletrico/produto/caixa-de-passagem-de-sobrepor40x40x15cm-901047/
29036,CAIXA DE PASSAGEM DE SOBREPOR30X30X12CM 901045,LEGRAND,Interruptores e Tomadas,familia,baixa,0.45,20253,"CAIXA DE PASSAGEM METALICA, DE SOBREPOR, COM TAMPA APARAFUSADA, DIMENSOES 35 X 35 X *12* CM",UN,69.59,69.59,2026-08,profundidade 12 vs 10 diferente,https://universoeletrico.com.br/eletrico/produto/caixa-de-passagem-de-sobrepor30x30x12cm-901045/
29035,CAIXA DE PASSAGEM DE SOBREPOR 20X20X10CM 901043,LEGRAND,Interruptores e Tomadas,alta,alta,0.645,39771,"CAIXA DE PASSAGEM METALICA DE SOBREPOR COM TAMPA PARAFUSADA, DIMENSOES 20 X 20 X 10 CM",UN,30.22,30.22,2026-08,,https://universoeletrico.com.br/eletrico/produto/caixa-de-passagem-de-sobrepor-20x20x10cm-901043/
29034,CAIXA DE PASSAGEM DE SOBREPOR 15X15X8CM 901042,LEGRAND,Interruptores e Tomadas,familia,baixa,0.494,39773,"CAIXA DE PASSAGEM METALICA DE SOBREPOR COM TAMPA PARAFUSADA, DIMENSOES 40 X 40 X 15 CM",UN,95.48,95.48,2026-08,profundidade 8 vs 10 diferente,https://universoeletrico.com.br/eletrico/produto/caixa-de-passagem-de-sobrepor-15x15x8cm-901042/
29048,CAIXA PADR.TELEBRAS SOBREPOR 60X60X15CM 900505C,LEGRAND,Interruptores e Tomadas,sem_par,sem_par,0.166,,,,,,2026-08,,https://universoeletrico.com.br/eletrico/produto/caixa-padr-telebras-sobrepor-60x60x15cm-900505c/
29047,CAIXA PADR. TELEBRAS SOBREPOR 40X40X15CM 900503C,LEGRAND,Interruptores e Tomadas,sem_par,sem_par,0.193,,,,,,2026-08,,https://universoeletrico.com.br/eletrico/produto/caixa-padr-telebras-sobrepor-40x40x15cm-900503c/
29045,CAIXA PADR. TELEBRAS SOBREPOR 20x20x15CM 900501C,LEGRAND,Interruptores e Tomadas,sem_par,sem_par,0.212,,,,,,2026-08,,https://universoeletrico.com.br/eletrico/produto/caixa-padr-telebras-sobrepor-20x20x15cm-900501c/
29044,CAIXA PAD. TELEBRAS EMBUTIR120X120X13CM 900411C,LEGRAND,Interruptores e Tomadas,sem_par,sem_par,0.279,,,,,,2026-08,,https://universoeletrico.com.br/eletrico/produto/caixa-pad-telebras-embutir120x120x13cm-900411c/
29043,CAIXA PAD. TELEBRAS EMBUT. 100X100X13CM 900410C,LEGRAND,Interruptores e Tomadas,sem_par,sem_par,0.193,,,,,,2026-08,,https://universoeletrico.com.br/eletrico/produto/caixa-pad-telebras-embut-100x100x13cm-900410c/
29042,CAIXA PADRAO TELEBRAS EMBUTIR80X80X13CM 900408C,LEGRAND,Interruptores e Tomadas,sem_par,sem_par,0.344,,,,,,2026-08,,https://universoeletrico.com.br/eletrico/produto/caixa-padrao-telebras-embutir80x80x13cm-900408c/
29041,CAIXA PADRAO TELEBRAS EMBUTIR 60X60X13CM 900406C,LEGRAND,Interruptores e Tomadas,sem_par,sem_par,0.394,,,,,,2026-08,,https://universoeletrico.com.br/eletrico/produto/caixa-padrao-telebras-embutir-60x60x13cm-900406c/
29040,CAIXA PADRAO TELEBRAS EMBUTIR 40X40X13CM 900404C,LEGRAND,Interruptores e Tomadas,sem_par,sem_par,0.392,,,,,,2026-08,,https://universoeletrico.com.br/eletrico/produto/caixa-padrao-telebras-embutir-40x40x13cm-900404c/
29039,CAIXA PADRAO TELEBRAS EMBUTIR30X30X13CM 900403C,LEGRAND,Interruptores e Tomadas,sem_par,sem_par,0.202,,,,,,2026-08,,https://universoeletrico.com.br/eletrico/produto/caixa-padrao-telebras-embutir30x30x13cm-900403c/
29038,CAIXA PADRAO TELEBRAS EMBUTIR 20X20X13CM 900402C,LEGRAND,Interruptores e Tomadas,sem_par,sem_par,0.392,,,,,,2026-08,,https://universoeletrico.com.br/eletrico/produto/caixa-padrao-telebras-embutir-20x20x13cm-900402c/
77513,TOMADA 2P + T 20A SL4166S,LEGRAND,Interruptores e Tomadas,alta,alta,0.763,38102,"TOMADA 2P+T 20A, 250V (APENAS MODULO)",UN,10.09,10.09,2026-08,,https://universoeletrico.com.br/eletrico/produto/tomada-2p-t-20a-sl4166s/
77627,TOMADA 2P + T 10A SN4165S,LEGRAND,Interruptores e Tomadas,alta,alta,0.753,38101,"TOMADA 2P+T 10A, 250V (APENAS MODULO)",UN,7.89,7.89,2026-08,,https://universoeletrico.com.br/eletrico/produto/tomada-2p-t-10a-sn4165s/
52028,SUPORTE EM ABS 4X4 ATE 6 MODULOS M9S,LEGRAND,Interruptores e Tomadas,revisado,baixa,0.427,38100,"SUPORTE DE FIXACAO PARA ESPELHO / PLACA 4"" X 4"", PARA 6 MODULOS, PARA INSTALACAO DE TOMADAS E INTERRUPTORES (SOMENTE SUPORTE)",UN,2.49,2.49,2026-08,suporte 4x4 6 modulos,https://universoeletrico.com.br/eletrico/produto/suporte-em-abs-4x4-ate-6-modulos-m9s/
52027,SUPORTE EM ABS 4X2 ATE 3 MODULOS M5S,LEGRAND,Interruptores e Tomadas,revisado,baixa,0.441,38099,"SUPORTE DE FIXACAO PARA ESPELHO / PLACA 4"" X 2"", PARA 3 MODULOS, PARA INSTALACAO DE TOMADAS E INTERRUPTORES (SOMENTE SUPORTE)",UN,1.52,1.52,2026-08,suporte 4x2 3 modulos,https://universoeletrico.com.br/eletrico/produto/suporte-em-abs-4x2-ate-3-modulos-m5s/
77547,SUPORTE 3+3 MODULOS 4X4 – LL SLN4726,LEGRAND,Interruptores e Tomadas,revisado,media,0.594,38100,"SUPORTE DE FIXACAO PARA ESPELHO / PLACA 4"" X 4"", PARA 6 MODULOS, PARA INSTALACAO DE TOMADAS E INTERRUPTORES (SOMENTE SUPORTE)",UN,2.49,2.49,2026-08,suporte 4x4 6 modulos,https://universoeletrico.com.br/eletrico/produto/suporte-33-modulos-4x4-ll-sln4726/
77545,SUPORTE 3 MODULOS 4X2 LL SLN4703M,LEGRAND,Interruptores e Tomadas,alta,alta,0.607,38099,"SUPORTE DE FIXACAO PARA ESPELHO / PLACA 4"" X 2"", PARA 3 MODULOS, PARA INSTALACAO DE TOMADAS E INTERRUPTORES (SOMENTE SUPORTE)",UN,1.52,1.52,2026-08,,https://universoeletrico.com.br/eletrico/produto/suporte-3-modulos-4x2-ll-sln4703m/
77622,PULSADOR 10A 250V – WHITE SN4005NF,LEGRAND,Interruptores e Tomadas,familia,media,0.569,38117,"PULSADOR MINUTERIA 10A, 250V (APENAS MODULO)",UN,9.89,9.89,2026-08,pulsador minuteria ou campainha indefinido,https://universoeletrico.com.br/eletrico/produto/pulsador-10a-250v-white-sn4005nf/
77245,PLACA QUADRADA 3 POSTOS 4X2 BRONZO LNA4803BZ,LEGRAND,Interruptores e Tomadas,revisado,media,0.575,38094,"ESPELHO / PLACA DE 3 POSTOS 4"" X 2"", PARA INSTALACAO DE TOMADAS E INTERRUPTORES",UN,2.94,2.94,2026-08,placa 3 postos 4x2,https://universoeletrico.com.br/eletrico/produto/placa-quadrada-3-postos-4x2-bronzo-lna4803bz/
77314,PLACA QUAD. 3+3 P.4X4 ACCIAIO SPAZZOLATO LNA4826ACS,LEGRAND,Interruptores e Tomadas,sem_par,sem_par,0.329,,,,,,2026-08,,https://universoeletrico.com.br/eletrico/produto/placa-quad-33-p-4x4-acciaio-spazzolato-lna4826acs/
77239,PLACA QUAD. 3 P. 4X2 ACCIAIO SPAZZOLATO LNA4803ACS,LEGRAND,Interruptores e Tomadas,revisado,baixa,0.466,38094,"ESPELHO / PLACA DE 3 POSTOS 4"" X 2"", PARA INSTALACAO DE TOMADAS E INTERRUPTORES",UN,2.94,2.94,2026-08,placa 3 postos 4x2,https://universoeletrico.com.br/eletrico/produto/placa-quad-3-p-4x2-acciaio-spazzolato-lna4803acs/
52046,PLACA 4X4 CEGA EM ABS BRANCO M9P0,LEGRAND,Interruptores e Tomadas,sem_par,sem_par,0.391,,,,,,2026-08,,https://universoeletrico.com.br/eletrico/produto/placa-4x4-cega-em-abs-branco-m9p0/
52049,PLACA 4X4 6 POSTOS EM ABS BRANCO M9P6,LEGRAND,Interruptores e Tomadas,revisado,baixa,0.521,38098,"ESPELHO / PLACA DE 6 POSTOS 4"" X 4"", PARA INSTALACAO DE TOMADAS E INTERRUPTORES",UN,5.96,5.96,2026-08,placa 6 postos 4x4,https://universoeletrico.com.br/eletrico/produto/placa-4x4-6-postos-em-abs-branco-m9p6/
52048,PLACA 4X4 4 POSTOS EM ABS BRANCO M9P4,LEGRAND,Interruptores e Tomadas,revisado,baixa,0.469,38097,"ESPELHO / PLACA DE 4 POSTOS 4"" X 4"", PARA INSTALACAO DE TOMADAS E INTERRUPTORES",UN,5.96,5.96,2026-08,placa 4 postos 4x4,https://universoeletrico.com.br/eletrico/produto/placa-4x4-4-postos-em-abs-branco-m9p4/
52047,PLACA 4X4 2 POSTOS EM ABS BRANCO M9P2,LEGRAND,Interruptores e Tomadas,revisado,baixa,0.513,38096,"ESPELHO / PLACA DE 2 POSTOS 4"" X 4"", PARA INSTALACAO DE TOMADAS E INTERRUPTORES",UN,5.56,5.56,2026-08,placa 2 postos 4x4,https://universoeletrico.com.br/eletrico/produto/placa-4x4-2-postos-em-abs-branco-m9p2/
52041,PLACA 4X2 CEGA EM ABS BRANCO M5P0,LEGRAND,Interruptores e Tomadas,revisado,baixa,0.439,38091,"ESPELHO / PLACA CEGA 4"" X 2"", PARA INSTALACAO DE TOMADAS E INTERRUPTORES",UN,2.44,2.44,2026-08,placa cega 4x2,https://universoeletrico.com.br/eletrico/produto/placa-4x2-cega-em-abs-branco-m5p0/
52044,PLACA 4X2 3 POSTOS EM ABS BRANCO M5P3,LEGRAND,Interruptores e Tomadas,revisado,baixa,0.541,38094,"ESPELHO / PLACA DE 3 POSTOS 4"" X 2"", PARA INSTALACAO DE TOMADAS E INTERRUPTORES",UN,2.94,2.94,2026-08,placa 3 postos 4x2,https://universoeletrico.com.br/eletrico/produto/placa-4x2-3-postos-em-abs-branco-m5p3/
52043,PLACA 4X2 2 POSTOS EM ABS BRANCO M5P2,LEGRAND,Interruptores e Tomadas,revisado,baixa,0.514,38093,"ESPELHO / PLACA DE 2 POSTOS 4"" X 2"", PARA INSTALACAO DE TOMADAS E INTERRUPTORES",UN,2.4,2.4,2026-08,placa 2 postos 4x2,https://universoeletrico.com.br/eletrico/produto/placa-4x2-2-postos-em-abs-branco-m5p2/
52042,PLACA 4X2 1 POSTO EM ABS BRANCO M5P1,LEGRAND,Interruptores e Tomadas,revisado,baixa,0.515,38092,"ESPELHO / PLACA DE 1 POSTO 4"" X 2"", PARA INSTALACAO DE TOMADAS E INTERRUPTORES",UN,2.32,2.32,2026-08,placa 1 posto 4x2,https://universoeletrico.com.br/eletrico/produto/placa-4x2-1-posto-em-abs-branco-m5p1/
77320,PLAC QUAD 3+3 POST 4X4 BRONZO LNA4826BZ,LEGRAND,Interruptores e Tomadas,sem_par,sem_par,0.28,,,,,,2026-08,,https://universoeletrico.com.br/eletrico/produto/plac-quad-33-post-4x4-bronzo-lna4826bz/
77322,PLAC QUAD 3+3 POST 4X4 ARGENTO LUNARE LNA4826GL,LEGRAND,Interruptores e Tomadas,sem_par,sem_par,0.278,,,,,,2026-08,,https://universoeletrico.com.br/eletrico/produto/plac-quad-33-post-4x4-argento-lunare-lna4826gl/
77247,PLAC QUAD 3 POSTOS 4X2 ARGENTO LUNARE LNA4803GL,LEGRAND,Interruptores e Tomadas,sem_par,sem_par,0.343,,,,,,2026-08,,https://universoeletrico.com.br/eletrico/produto/plac-quad-3-postos-4x2-argento-lunare-lna4803gl/
52040,MOLDURA 4X2 EM ABS BRANCO# M5M,LEGRAND,Interruptores e Tomadas,sem_par,sem_par,0.26,,,,,,2026-08,,https://universoeletrico.com.br/eletrico/produto/moldura-4x2-em-abs-branco-m5m/
52016,MODULO TOMADA PARA TELEFONE RJ 11 M2082N,LEGRAND,Interruptores e Tomadas,revisado,baixa,0.4,38103,"TOMADA RJ11, 2 FIOS (APENAS MODULO)",UN,16.59,16.59,2026-08,modulo RJ11,https://universoeletrico.com.br/eletrico/produto/modulo-tomada-para-telefone-rj-11-m2082n/
52006,MODULO SAIDA DE FIO M2009,LEGRAND,Interruptores e Tomadas,sem_par,sem_par,0.347,,,,,,2026-08,,https://universoeletrico.com.br/eletrico/produto/modulo-saida-de-fio-m2009/
52005,MODULO PULSADOR 10A M2005,LEGRAND,Interruptores e Tomadas,familia,media,0.573,38117,"PULSADOR MINUTERIA 10A, 250V (APENAS MODULO)",UN,9.89,9.89,2026-08,pulsador minuteria ou campainha indefinido,https://universoeletrico.com.br/eletrico/produto/modulo-pulsador-10a-m2005/
52003,MODULO INTERRUPTOR SIMPLES 10A M2001,LEGRAND,Interruptores e Tomadas,alta,alta,0.661,38112,"INTERRUPTOR SIMPLES 10A, 250V (APENAS MODULO)",UN,6.93,6.93,2026-08,,https://universoeletrico.com.br/eletrico/produto/modulo-interruptor-simples-10a-m2001/
52004,MODULO INTERRUPTOR PARALELO 10A M2003,LEGRAND,Interruptores e Tomadas,alta,alta,0.643,38113,"INTERRUPTOR PARALELO 10A, 250V (APENAS MODULO)",UN,9.03,9.03,2026-08,,https://universoeletrico.com.br/eletrico/produto/modulo-interruptor-paralelo-10a-m2003/
52008,MODULO INTERRUPTOR INTERMEDIARIO 10A M2012,LEGRAND,Interruptores e Tomadas,alta,alta,0.667,38115,"INTERRUPTOR INTERMEDIARIO 10 A, 250 V (APENAS MODULO)",UN,19.18,19.18,2026-08,,https://universoeletrico.com.br/eletrico/produto/modulo-interruptor-intermediario-10a-m2012/
77658,MODULO CEGO LG SN4950F,LEGRAND,Interruptores e Tomadas,sem_par,sem_par,0.345,,,,,,2026-08,,https://universoeletrico.com.br/eletrico/produto/modulo-cego-lg-sn4950f/
52002,MODULO CEGO M2000,LEGRAND,Interruptores e Tomadas,sem_par,sem_par,0.349,,,,,,2026-08,,https://universoeletrico.com.br/eletrico/produto/modulo-cego-m2000/
52050,MOD.TOM. 2P+T 10A PADRAO BRAS.ANTICHOQUE M4165,LEGRAND,Interruptores e Tomadas,sem_par,sem_par,0.359,,,,,,2026-08,,https://universoeletrico.com.br/eletrico/produto/mod-tom-2pt-10a-padrao-bras-antichoque-m4165/
52052,MOD. TOMADA 2P+T 20A PADRAO BRASILEIRO M4166S,LEGRAND,Interruptores e Tomadas,revisado,media,0.502,38102,"TOMADA 2P+T 20A, 250V (APENAS MODULO)",UN,10.09,10.09,2026-08,tomada 20A apenas modulo,https://universoeletrico.com.br/eletrico/produto/mod-tomada-2pt-20a-padrao-brasileiro-m4166s/
52051,MOD. TOMADA 2P+T 10A PADRAO BRASILEIRO M4165S,LEGRAND,Interruptores e Tomadas,revisado,baixa,0.498,38101,"TOMADA 2P+T 10A, 250V (APENAS MODULO)",UN,7.89,7.89,2026-08,tomada 10A apenas modulo,https://universoeletrico.com.br/eletrico/produto/mod-tomada-2pt-10a-padrao-brasileiro-m4165s/
77549,LED BRANCO 127V SLN4742V127T,LEGRAND,Interruptores e Tomadas,sem_par,sem_par,0.248,,,,,,2026-08,,https://universoeletrico.com.br/eletrico/produto/led-branco-127v-sln4742v127t/
77663,INTERRUPTOR PARALELO 16A 250V – TECH SNT4003NF,LEGRAND,Interruptores e Tomadas,familia,baixa,0.456,38113,"INTERRUPTOR PARALELO 10A, 250V (APENAS MODULO)",UN,9.03,9.03,2026-08,"16A vs 10A, so familia",https://universoeletrico.com.br/eletrico/produto/interruptor-paralelo-16a-250v-tech-snt4003nf/
77621,INTERRUPTOR INTERMEDIARIO LG 16A SN4004N,LEGRAND,Interruptores e Tomadas,sem_par,sem_par,0.219,,,,,,2026-08,,https://universoeletrico.com.br/eletrico/produto/interruptor-intermediario-lg-16a-sn4004n/
77633,TOM RJ45 TOOLLESS CAT6 LG ENC SN4279C6,LEGRAND,Interruptores e Tomadas,sem_par,sem_par,0.353,,,,,,2026-08,,https://universoeletrico.com.br/eletrico/produto/tom-rj45-toolless-cat6-lg-enc-sn4279c6/
120340,TOMADA TELEFONE RJ11 1M QUADRADO BR 582542B,LEGRAND,Interruptores e Tomadas,sem_par,sem_par,0.398,,,,,,2026-08,,https://universoeletrico.com.br/eletrico/produto/tomada-telefone-rj11-1m-quadrado-br-582542b/
120050,TOMADA RJ45 CAT6 1M QUADRADO BRANCA 572302B,LEGRAND,Interruptores e Tomadas,revisado,baixa,0.414,39601,"CONECTOR / TOMADA FEMEA RJ 45, CATEGORIA 6 (CAT 6) PARA CABOS",UN,34.59,34.59,2026-08,RJ45 cat6 femea,https://universoeletrico.com.br/eletrico/produto/tomada-rj45-cat6-1m-quadrado-branca-572302b/
120106,TOMADA RJ45 CAT6 1M QD MAGNESIO 572802B,LEGRAND,Interruptores e Tomadas,sem_par,sem_par,0.394,,,,,,2026-08,,https://universoeletrico.com.br/eletrico/produto/tomada-rj45-cat6-1m-qd-magnesio-572802b/
120107,TOMADA RJ45 CAT5E 1M QUAD MAGNESIO 572803B,LEGRAND,Interruptores e Tomadas,revisado,baixa,0.498,38104,"TOMADA RJ45, 8 FIOS, CAT 5E (APENAS MODULO)",UN,32.48,32.48,2026-08,RJ45 cat5e apenas modulo,https://universoeletrico.com.br/eletrico/produto/tomada-rj45-cat5e-1m-quad-magnesio-572803b/
120358,TOMADA ANTENA TV F 1M QUADRADO MAGNESIO 582650B,LEGRAND,Interruptores e Tomadas,revisado,media,0.558,38105,"TOMADA PARA ANTENA DE TV, CABO COAXIAL DE 9 MM (APENAS MODULO)",UN,11.05,11.05,2026-08,antena TV apenas modulo,https://universoeletrico.com.br/eletrico/produto/tomada-antena-tv-f-1m-quadrado-magnesio-582650b/
120341,TOMADA ANTENA TV F 1M QUADRADO BRANCA 582550B,LEGRAND,Interruptores e Tomadas,alta,alta,0.605,38105,"TOMADA PARA ANTENA DE TV, CABO COAXIAL DE 9 MM (APENAS MODULO)",UN,11.05,11.05,2026-08,,https://universoeletrico.com.br/eletrico/produto/tomada-antena-tv-f-1m-quadrado-branca-582550b/
120473,TOMADA 2P+T 20A QUADRADA VERMELHA 593732,LEGRAND,Interruptores e Tomadas,revisado,media,0.567,38102,"TOMADA 2P+T 20A, 250V (APENAS MODULO)",UN,10.09,10.09,2026-08,tomada 20A apenas modulo,https://universoeletrico.com.br/eletrico/produto/tomada-2pt-20a-quadrada-vermelha-593732/
120458,TOMADA 2P+T 20A QUADRADA MAGNESIO 592632,LEGRAND,Interruptores e Tomadas,revisado,media,0.537,38102,"TOMADA 2P+T 20A, 250V (APENAS MODULO)",UN,10.09,10.09,2026-08,tomada 20A apenas modulo,https://universoeletrico.com.br/eletrico/produto/tomada-2pt-20a-quadrada-magnesio-592632/
120447,TOMADA 2P+T 20A QUADRADA BR 592532,LEGRAND,Interruptores e Tomadas,revisado,media,0.586,38102,"TOMADA 2P+T 20A, 250V (APENAS MODULO)",UN,10.09,10.09,2026-08,tomada 20A apenas modulo,https://universoeletrico.com.br/eletrico/produto/tomada-2pt-20a-quadrada-br-592532/
120457,TOMADA 2P+T 10A QUADRADA MAGNESIO 592630,LEGRAND,Interruptores e Tomadas,revisado,media,0.545,38101,"TOMADA 2P+T 10A, 250V (APENAS MODULO)",UN,7.89,7.89,2026-08,tomada 10A apenas modulo,https://universoeletrico.com.br/eletrico/produto/tomada-2pt-10a-quadrada-magnesio-592630/
120446,TOMADA 2P+T 10A QUADRADA BR 592530,LEGRAND,Interruptores e Tomadas,revisado,media,0.581,38101,"TOMADA 2P+T 10A, 250V (APENAS MODULO)",UN,7.89,7.89,2026-08,tomada 10A apenas modulo,https://universoeletrico.com.br/eletrico/produto/tomada-2pt-10a-quadrada-br-592530/
120249,SUPORTE 3+3 MODULOS 4X4 576032B,LEGRAND,Interruptores e Tomadas,alta,alta,0.634,38099,"SUPORTE DE FIXACAO PARA ESPELHO / PLACA 4"" X 2"", PARA 3 MODULOS, PARA INSTALACAO DE TOMADAS E INTERRUPTORES (SOMENTE SUPORTE)",UN,1.52,1.52,2026-08,,https://universoeletrico.com.br/eletrico/produto/suporte-33-modulos-4x4-576032b/
120421,SUPORTE 3 MODULOS 4X2 583750B,LEGRAND,Interruptores e Tomadas,alta,alta,0.653,38099,"SUPORTE DE FIXACAO PARA ESPELHO / PLACA 4"" X 2"", PARA 3 MODULOS, PARA INSTALACAO DE TOMADAS E INTERRUPTORES (SOMENTE SUPORTE)",UN,1.52,1.52,2026-08,,https://universoeletrico.com.br/eletrico/produto/suporte-3-modulos-4x2-583750b/
120248,SUPORTE 2 MODULOS CENTRALIZADOS 4X4 576031B,LEGRAND,Interruptores e Tomadas,sem_par,baixa,0.478,,,,,,2026-08,suporte 4x4 2 modulos sem item,https://universoeletrico.com.br/eletrico/produto/suporte-2-modulos-centralizados-4x4-576031b/
120247,SUPORTE 1-2 MODULOS 4X2 576030B,LEGRAND,Interruptores e Tomadas,alta,alta,0.617,38099,"SUPORTE DE FIXACAO PARA ESPELHO / PLACA 4"" X 2"", PARA 3 MODULOS, PARA INSTALACAO DE TOMADAS E INTERRUPTORES (SOMENTE SUPORTE)",UN,1.52,1.52,2026-08,,https://universoeletrico.com.br/eletrico/produto/suporte-1-2-modulos-4x2-576030b/
120360,SAI FIO MAGNESIO 582661B,LEGRAND,Interruptores e Tomadas,sem_par,sem_par,0.282,,,,,,2026-08,,https://universoeletrico.com.br/eletrico/produto/sai-fio-magnesio-582661b/
120344,SAI FIO BRANCA 582561B,LEGRAND,Interruptores e Tomadas,sem_par,sem_par,0.295,,,,,,2026-08,,https://universoeletrico.com.br/eletrico/produto/sai-fio-branca-582561b/
120155,PULSADOR REVERSAO PERSIANA 2M QD MAG. 573724B,LEGRAND,Interruptores e Tomadas,sem_par,sem_par,0.375,,,,,,2026-08,,https://universoeletrico.com.br/eletrico/produto/pulsador-reversao-persiana-2m-qd-mag-573724b/
120337,PULSADOR LED 10A 1M QUADRADO BRANCA 582510B,LEGRAND,Interruptores e Tomadas,familia,baixa,0.449,38117,"PULSADOR MINUTERIA 10A, 250V (APENAS MODULO)",UN,9.89,9.89,2026-08,"pulsador LED, tipo indefinido",https://universoeletrico.com.br/eletrico/produto/pulsador-led-10a-1m-quadrado-branca-582510b/
120441,PULSADOR CAMPAINHA 10A 1M QUADRADO BR 592510,LEGRAND,Interruptores e Tomadas,alta,alta,0.622,38116,"PULSADOR CAMPAINHA 10A, 250V (APENAS MODULO)",UN,5.81,5.81,2026-08,,https://universoeletrico.com.br/eletrico/produto/pulsador-campainha-10a-1m-quadrado-br-592510/
120452,PULSADOR CAMPA 10A 1M QUAD. MAGNESIO 592610,LEGRAND,Interruptores e Tomadas,revisado,baixa,0.457,38116,"PULSADOR CAMPAINHA 10A, 250V (APENAS MODULO)",UN,5.81,5.81,2026-08,pulsador campainha modulo,https://universoeletrico.com.br/eletrico/produto/pulsador-campa-10a-1m-quad-magnesio-592610/
120214,PLACA CEGA 4X4 WHITE 575360B,LEGRAND,Interruptores e Tomadas,alta,alta,0.629,38095,"ESPELHO / PLACA CEGA 4"" X 4"", PARA INSTALACAO DE TOMADAS E INTERRUPTORES",UN,5.17,5.17,2026-08,,https://universoeletrico.com.br/eletrico/produto/placa-cega-4x4-white-575360b/
120483,PLACA CEGA 4X4 SOFT ALU 571400B,LEGRAND,Interruptores e Tomadas,revisado,media,0.579,38095,"ESPELHO / PLACA CEGA 4"" X 4"", PARA INSTALACAO DE TOMADAS E INTERRUPTORES",UN,5.17,5.17,2026-08,placa cega 4x4,https://universoeletrico.com.br/eletrico/produto/placa-cega-4x4-soft-alu-571400b/
120216,PLACA CEGA 4X4 GRAPHITE 575362B,LEGRAND,Interruptores e Tomadas,alta,alta,0.669,38095,"ESPELHO / PLACA CEGA 4"" X 4"", PARA INSTALACAO DE TOMADAS E INTERRUPTORES",UN,5.17,5.17,2026-08,,https://universoeletrico.com.br/eletrico/produto/placa-cega-4x4-graphite-575362b/
120349,PLACA CEGA 4X2 WHITE 582566B,LEGRAND,Interruptores e Tomadas,alta,alta,0.625,38091,"ESPELHO / PLACA CEGA 4"" X 2"", PARA INSTALACAO DE TOMADAS E INTERRUPTORES",UN,2.44,2.44,2026-08,,https://universoeletrico.com.br/eletrico/produto/placa-cega-4x2-white-582566b/
120479,PLACA CEGA 4X2 SOFT ALU 571410B,LEGRAND,Interruptores e Tomadas,revisado,media,0.574,38091,"ESPELHO / PLACA CEGA 4"" X 2"", PARA INSTALACAO DE TOMADAS E INTERRUPTORES",UN,2.44,2.44,2026-08,placa cega 4x2,https://universoeletrico.com.br/eletrico/produto/placa-cega-4x2-soft-alu-571410b/
120497,PLACA CEGA 4X2 MAGNESIUM 571452B,LEGRAND,Interruptores e Tomadas,revisado,media,0.566,38091,"ESPELHO / PLACA CEGA 4"" X 2"", PARA INSTALACAO DE TOMADAS E INTERRUPTORES",UN,2.44,2.44,2026-08,placa cega 4x2,https://universoeletrico.com.br/eletrico/produto/placa-cega-4x2-magnesium-571452b/
120463,PLACA CEGA 4X2 GRAPHITE 592680,LEGRAND,Interruptores e Tomadas,alta,alta,0.677,38091,"ESPELHO / PLACA CEGA 4"" X 2"", PARA INSTALACAO DE TOMADAS E INTERRUPTORES",UN,2.44,2.44,2026-08,,https://universoeletrico.com.br/eletrico/produto/placa-cega-4x2-graphite-592680/
120207,PLACA 3+3 POSTOS 4X4 QUADRADOS WHITE 575300B,LEGRAND,Interruptores e Tomadas,sem_par,sem_par,0.339,,,,,,2026-08,,https://universoeletrico.com.br/eletrico/produto/placa-33-postos-4x4-quadrados-white-575300b/
120482,PLACA 3+3 POSTOS 4X4 QUADRADOS SOFT ALU 571488B,LEGRAND,Interruptores e Tomadas,sem_par,sem_par,0.32,,,,,,2026-08,,https://universoeletrico.com.br/eletrico/produto/placa-33-postos-4x4-quadrados-soft-alu-571488b/
120514,PLACA 3+3 POSTOS 4X4 QUADRADOS MAGNESIU 571498B,LEGRAND,Interruptores e Tomadas,sem_par,sem_par,0.332,,,,,,2026-08,,https://universoeletrico.com.br/eletrico/produto/placa-33-postos-4x4-quadrados-magnesiu-571498b/
120524,PLACA 3+3 POSTOS 4X4 QUADRADOS DARK BRO 571518B,LEGRAND,Interruptores e Tomadas,sem_par,sem_par,0.311,,,,,,2026-08,,https://universoeletrico.com.br/eletrico/produto/placa-33-postos-4x4-quadrados-dark-bro-571518b/
120519,PLACA 3+3 POSTOS 4X4 QUADRADOS CHAMPAGN 571508B,LEGRAND,Interruptores e Tomadas,sem_par,sem_par,0.333,,,,,,2026-08,,https://universoeletrico.com.br/eletrico/produto/placa-33-postos-4x4-quadrados-champagn-571508b/
120208,PLACA 3+3 POSTOS 4X4 QUAD PEARL ALU 575301B,LEGRAND,Interruptores e Tomadas,sem_par,sem_par,0.302,,,,,,2026-08,,https://universoeletrico.com.br/eletrico/produto/placa-33-postos-4x4-quad-pearl-alu-575301b/
120211,PLACA 3+3 POSTOS 4X4 QUAD MIRROR WHITE 575304,LEGRAND,Interruptores e Tomadas,sem_par,sem_par,0.315,,,,,,2026-08,,https://universoeletrico.com.br/eletrico/produto/placa-33-postos-4x4-quad-mirror-white-575304/
120209,PLACA 3+3 POSTOS 4X4 QUAD GRAPHITE 575302B,LEGRAND,Interruptores e Tomadas,sem_par,sem_par,0.345,,,,,,2026-08,,https://universoeletrico.com.br/eletrico/produto/placa-33-postos-4x4-quad-graphite-575302b/
120348,PLACA 3 POSTOS 4X2 QUADRADOS WHITE 582565B,LEGRAND,Interruptores e Tomadas,alta,alta,0.614,38094,"ESPELHO / PLACA DE 3 POSTOS 4"" X 2"", PARA INSTALACAO DE TOMADAS E INTERRUPTORES",UN,2.94,2.94,2026-08,,https://universoeletrico.com.br/eletrico/produto/placa-3-postos-4x2-quadrados-white-582565b/
120481,PLACA 3 POSTOS 4X2 QUADRADOS SOFT ALU 571483B,LEGRAND,Interruptores e Tomadas,revisado,media,0.569,38094,"ESPELHO / PLACA DE 3 POSTOS 4"" X 2"", PARA INSTALACAO DE TOMADAS E INTERRUPTORES",UN,2.94,2.94,2026-08,placa 3 postos 4x2,https://universoeletrico.com.br/eletrico/produto/placa-3-postos-4x2-quadrados-soft-alu-571483b/
120512,PLACA 3 POSTOS 4X2 QUADRADOS MAGNESIUM 571493B,LEGRAND,Interruptores e Tomadas,revisado,media,0.551,38094,"ESPELHO / PLACA DE 3 POSTOS 4"" X 2"", PARA INSTALACAO DE TOMADAS E INTERRUPTORES",UN,2.94,2.94,2026-08,placa 3 postos 4x2,https://universoeletrico.com.br/eletrico/produto/placa-3-postos-4x2-quadrados-magnesium-571493b/
120427,PLACA 3 POSTOS 4X2 QUADRADOS GRAPH 583763B,LEGRAND,Interruptores e Tomadas,revisado,media,0.588,38094,"ESPELHO / PLACA DE 3 POSTOS 4"" X 2"", PARA INSTALACAO DE TOMADAS E INTERRUPTORES",UN,2.94,2.94,2026-08,placa 3 postos 4x2,https://universoeletrico.com.br/eletrico/produto/placa-3-postos-4x2-quadrados-graph-583763b/
120517,PLACA 3 POSTOS 4X2 QUADRADOS CHAMPAGNE 571503B,LEGRAND,Interruptores e Tomadas,revisado,media,0.564,38094,"ESPELHO / PLACA DE 3 POSTOS 4"" X 2"", PARA INSTALACAO DE TOMADAS E INTERRUPTORES",UN,2.94,2.94,2026-08,placa 3 postos 4x2,https://universoeletrico.com.br/eletrico/produto/placa-3-postos-4x2-quadrados-champagne-571503b/
120436,PLACA 3 POSTOS 4X2 QUAD MIRROR WHITE 583773,LEGRAND,Interruptores e Tomadas,revisado,media,0.557,38094,"ESPELHO / PLACA DE 3 POSTOS 4"" X 2"", PARA INSTALACAO DE TOMADAS E INTERRUPTORES",UN,2.94,2.94,2026-08,placa 3 postos 4x2,https://universoeletrico.com.br/eletrico/produto/placa-3-postos-4x2-quad-mirror-white-583773/
120513,PLACA 2 POSTOS 4X4 QUADRADOS MAGNESIUM 571496B,LEGRAND,Interruptores e Tomadas,revisado,media,0.56,38096,"ESPELHO / PLACA DE 2 POSTOS 4"" X 4"", PARA INSTALACAO DE TOMADAS E INTERRUPTORES",UN,5.56,5.56,2026-08,placa 2 postos 4x4,https://universoeletrico.com.br/eletrico/produto/placa-2-postos-4x4-quadrados-magnesium-571496b/
120518,PLACA 2 POSTOS 4X4 QUADRADOS CHAMPAGNE 571506B,LEGRAND,Interruptores e Tomadas,revisado,media,0.566,38096,"ESPELHO / PLACA DE 2 POSTOS 4"" X 4"", PARA INSTALACAO DE TOMADAS E INTERRUPTORES",UN,5.56,5.56,2026-08,placa 2 postos 4x4,https://universoeletrico.com.br/eletrico/produto/placa-2-postos-4x4-quadrados-champagne-571506b/
120346,PLACA 2 POSTOS 4X2 QUADRADOS WHITE 582563B,LEGRAND,Interruptores e Tomadas,alta,alta,0.613,38093,"ESPELHO / PLACA DE 2 POSTOS 4"" X 2"", PARA INSTALACAO DE TOMADAS E INTERRUPTORES",UN,2.4,2.4,2026-08,,https://universoeletrico.com.br/eletrico/produto/placa-2-postos-4x2-quadrados-white-582563b/
120424,PLACA 2 POSTOS 4X2 QUADRADOS PEARL ALU 583760B,LEGRAND,Interruptores e Tomadas,revisado,media,0.562,38093,"ESPELHO / PLACA DE 2 POSTOS 4"" X 2"", PARA INSTALACAO DE TOMADAS E INTERRUPTORES",UN,2.4,2.4,2026-08,placa 2 postos 4x2,https://universoeletrico.com.br/eletrico/produto/placa-2-postos-4x2-quadrados-pearl-alu-583760b/
120511,PLACA 2 POSTOS 4X2 QUADRADOS MAGNESIUM 571492B,LEGRAND,Interruptores e Tomadas,revisado,media,0.556,38093,"ESPELHO / PLACA DE 2 POSTOS 4"" X 2"", PARA INSTALACAO DE TOMADAS E INTERRUPTORES",UN,2.4,2.4,2026-08,placa 2 postos 4x2,https://universoeletrico.com.br/eletrico/produto/placa-2-postos-4x2-quadrados-magnesium-571492b/
120425,PLACA 2 POSTOS 4X2 QUADRADOS GRAPHITE 583761B,LEGRAND,Interruptores e Tomadas,alta,alta,0.628,38093,"ESPELHO / PLACA DE 2 POSTOS 4"" X 2"", PARA INSTALACAO DE TOMADAS E INTERRUPTORES",UN,2.4,2.4,2026-08,,https://universoeletrico.com.br/eletrico/produto/placa-2-postos-4x2-quadrados-graphite-583761b/
120516,PLACA 2 POSTOS 4X2 QUADRADOS CHAMPAGNE 571502B,LEGRAND,Interruptores e Tomadas,revisado,media,0.565,38093,"ESPELHO / PLACA DE 2 POSTOS 4"" X 2"", PARA INSTALACAO DE TOMADAS E INTERRUPTORES",UN,2.4,2.4,2026-08,placa 2 postos 4x2,https://universoeletrico.com.br/eletrico/produto/placa-2-postos-4x2-quadrados-champagne-571502b/
120197,PLACA 2 POSTOS 4X2 QUAD MIRROR WHITE 575254,LEGRAND,Interruptores e Tomadas,revisado,media,0.562,38093,"ESPELHO / PLACA DE 2 POSTOS 4"" X 2"", PARA INSTALACAO DE TOMADAS E INTERRUPTORES",UN,2.4,2.4,2026-08,placa 2 postos 4x2,https://universoeletrico.com.br/eletrico/produto/placa-2-postos-4x2-quad-mirror-white-575254/
120347,PLACA 1+1 POSTOS 4X2 QUADRADOS WHITE 582564B,LEGRAND,Interruptores e Tomadas,familia,baixa,0.494,38092,"ESPELHO / PLACA DE 1 POSTO 4"" X 2"", PARA INSTALACAO DE TOMADAS E INTERRUPTORES",UN,2.32,2.32,2026-08,"1+1 postos, 2 postos nao listado",https://universoeletrico.com.br/eletrico/produto/placa-11-postos-4x2-quadrados-white-582564b/
120465,PLACA 1+1 POSTOS 4X2 QUAD GRAPHITE 592684,LEGRAND,Interruptores e Tomadas,revisado,baixa,0.499,38093,"ESPELHO / PLACA DE 2 POSTOS 4"" X 2"", PARA INSTALACAO DE TOMADAS E INTERRUPTORES",UN,2.4,2.4,2026-08,1+1 = placa 2 postos 4x2,https://universoeletrico.com.br/eletrico/produto/placa-11-postos-4x2-quad-graphite-592684/
120345,PLACA 1 POSTO 4X2 QUADRADOS WHITE 582562B,LEGRAND,Interruptores e Tomadas,alta,alta,0.614,38092,"ESPELHO / PLACA DE 1 POSTO 4"" X 2"", PARA INSTALACAO DE TOMADAS E INTERRUPTORES",UN,2.32,2.32,2026-08,,https://universoeletrico.com.br/eletrico/produto/placa-1-posto-4x2-quadrados-white-582562b/
120480,PLACA 1 POSTO 4X2 QUADRADOS SOFT ALU 571481B,LEGRAND,Interruptores e Tomadas,revisado,media,0.577,38092,"ESPELHO / PLACA DE 1 POSTO 4"" X 2"", PARA INSTALACAO DE TOMADAS E INTERRUPTORES",UN,2.32,2.32,2026-08,placa 1 posto 4x2,https://universoeletrico.com.br/eletrico/produto/placa-1-posto-4x2-quadrados-soft-alu-571481b/
120461,PLACA 1 POSTO 4X2 QUADRADOS PEARL ALU# 592661,LEGRAND,Interruptores e Tomadas,revisado,media,0.56,38092,"ESPELHO / PLACA DE 1 POSTO 4"" X 2"", PARA INSTALACAO DE TOMADAS E INTERRUPTORES",UN,2.32,2.32,2026-08,placa 1 posto 4x2,https://universoeletrico.com.br/eletrico/produto/placa-1-posto-4x2-quadrados-pearl-alu-592661/
120510,PLACA 1 POSTO 4X2 QUADRADOS MAGNESIUM 571491B,LEGRAND,Interruptores e Tomadas,revisado,media,0.554,38092,"ESPELHO / PLACA DE 1 POSTO 4"" X 2"", PARA INSTALACAO DE TOMADAS E INTERRUPTORES",UN,2.32,2.32,2026-08,placa 1 posto 4x2,https://universoeletrico.com.br/eletrico/produto/placa-1-posto-4x2-quadrados-magnesium-571491b/
120464,PLACA 1 POSTO 4X2 QUADRADOS GRAPHITE 592681,LEGRAND,Interruptores e Tomadas,alta,alta,0.626,38092,"ESPELHO / PLACA DE 1 POSTO 4"" X 2"", PARA INSTALACAO DE TOMADAS E INTERRUPTORES",UN,2.32,2.32,2026-08,,https://universoeletrico.com.br/eletrico/produto/placa-1-posto-4x2-quadrados-graphite-592681/
120515,PLACA 1 POSTO 4X2 QUADRADOS CHAMPAGNE 571501B,LEGRAND,Interruptores e Tomadas,revisado,media,0.568,38092,"ESPELHO / PLACA DE 1 POSTO 4"" X 2"", PARA INSTALACAO DE TOMADAS E INTERRUPTORES",UN,2.32,2.32,2026-08,placa 1 posto 4x2,https://universoeletrico.com.br/eletrico/produto/placa-1-posto-4x2-quadrados-champagne-571501b/
120193,PLACA 1 POSTO 4X2 QUAD MIRROR WHITE 575244,LEGRAND,Interruptores e Tomadas,revisado,media,0.563,38092,"ESPELHO / PLACA DE 1 POSTO 4"" X 2"", PARA INSTALACAO DE TOMADAS E INTERRUPTORES",UN,2.32,2.32,2026-08,placa 1 posto 4x2,https://universoeletrico.com.br/eletrico/produto/placa-1-posto-4x2-quad-mirror-white-575244/
120359,MODULO CEGO MAGNESIO 582660B,LEGRAND,Interruptores e Tomadas,sem_par,sem_par,0.318,,,,,,2026-08,,https://universoeletrico.com.br/eletrico/produto/modulo-cego-magnesio-582660b/
120343,MODULO CEGO BRANCA 582560B,LEGRAND,Interruptores e Tomadas,sem_par,sem_par,0.35,,,,,,2026-08,,https://universoeletrico.com.br/eletrico/produto/modulo-cego-branca-582560b/
120439,INTERRUPTOR SIMPLES 16A 1M QUADRADO BR 592500,LEGRAND,Interruptores e Tomadas,sem_par,sem_par,0.253,,,,,,2026-08,,https://universoeletrico.com.br/eletrico/produto/interruptor-simples-16a-1m-quadrado-br-592500/
120440,INTERRUPTOR PARALELO 16A 1M QUADRADO BR 592502,LEGRAND,Interruptores e Tomadas,sem_par,sem_par,0.266,,,,,,2026-08,,https://universoeletrico.com.br/eletrico/produto/interruptor-paralelo-16a-1m-quadrado-br-592502/
120071,INTERRUPTOR INTERM 10A 1M QD MAGNESIO 572508B,LEGRAND,Interruptores e Tomadas,revisado,baixa,0.467,38115,"INTERRUPTOR INTERMEDIARIO 10 A, 250 V (APENAS MODULO)",UN,19.18,19.18,2026-08,interm. modulo 10A,https://universoeletrico.com.br/eletrico/produto/interruptor-interm-10a-1m-qd-magnesio-572508b/
120350,INTER. SIMPLES LED16A 1M QUAD MAGNESIO 582601B,LEGRAND,Interruptores e Tomadas,sem_par,sem_par,0.103,,,,,,2026-08,,https://universoeletrico.com.br/eletrico/produto/inter-simples-led16a-1m-quad-magnesio-582601b/
120450,INTER. SIMPLES 16A 1M QUAD MAGNESIO 592600,LEGRAND,Interruptores e Tomadas,sem_par,sem_par,0.251,,,,,,2026-08,,https://universoeletrico.com.br/eletrico/produto/inter-simples-16a-1m-quad-magnesio-592600/
120351,INTER. PARALELO LED 16A 1M QUAD MAG 582603B,LEGRAND,Interruptores e Tomadas,sem_par,sem_par,0.248,,,,,,2026-08,,https://universoeletrico.com.br/eletrico/produto/inter-paralelo-led-16a-1m-quad-mag-582603b/
120451,INTER. PARALELO 16A 1M QUAD MAGNESIO 592602,LEGRAND,Interruptores e Tomadas,sem_par,sem_par,0.251,,,,,,2026-08,,https://universoeletrico.com.br/eletrico/produto/inter-paralelo-16a-1m-quad-magnesio-592602/
120010,INTER. INTERMEDIARIO 10A 1M QUADRADO BR 572008B,LEGRAND,Interruptores e Tomadas,revisado,baixa,0.498,38115,"INTERRUPTOR INTERMEDIARIO 10 A, 250 V (APENAS MODULO)",UN,19.18,19.18,2026-08,interm. modulo 10A,https://universoeletrico.com.br/eletrico/produto/inter-intermediario-10a-1m-quadrado-br-572008b/
120011,INTER. BIPOLAR SIMPLES 10A 2M QUAD BR 572040B,LEGRAND,Interruptores e Tomadas,revisado,baixa,0.425,38114,"INTERRUPTOR BIPOLAR SIMPLES 10 A, 250 V (APENAS MODULO)",UN,17.96,17.96,2026-08,bipolar simples modulo,https://universoeletrico.com.br/eletrico/produto/inter-bipolar-simples-10a-2m-quad-br-572040b/
120012,INTER. BIPOLAR PARALELO 25A 2M QUAD BR 572048B,LEGRAND,Interruptores e Tomadas,sem_par,sem_par,0.277,,,,,,2026-08,,https://universoeletrico.com.br/eletrico/produto/inter-bipolar-paralelo-25a-2m-quad-br-572048b/
120072,INTER. BIP SIMPLES 10A 2M QD MAGNESIO 572540B,LEGRAND,Interruptores e Tomadas,sem_par,sem_par,0.326,,,,,,2026-08,,https://universoeletrico.com.br/eletrico/produto/inter-bip-simples-10a-2m-qd-magnesio-572540b/
120576,CARREGADOR USB 3A 15W 1M MAGNESIO 571681B,LEGRAND,Interruptores e Tomadas,sem_par,sem_par,0.176,,,,,,2026-08,,https://universoeletrico.com.br/eletrico/produto/carregador-usb-3a-15w-1m-magnesio-571681b/
120448,CAMPAINHA CIGARRA 127V 1M QUADRADO BR 592540,LEGRAND,Interruptores e Tomadas,alta,alta,0.624,38106,CAMPAINHA CIGARRA 127 V / 220 V (APENAS MODULO),UN,18.57,18.57,2026-08,,https://universoeletrico.com.br/eletrico/produto/campainha-cigarra-127v-1m-quadrado-br-592540/
120459,CAMP CIGARRA 127V 1M QUAD. MAGNESIO 592640,LEGRAND,Interruptores e Tomadas,revisado,baixa,0.401,38106,CAMPAINHA CIGARRA 127 V / 220 V (APENAS MODULO),UN,18.57,18.57,2026-08,cigarra apenas modulo,https://universoeletrico.com.br/eletrico/produto/camp-cigarra-127v-1m-quad-magnesio-592640/
120031,*VARIADOR UNIVERSAL 2FIO 2M QUADRADO BR 572239B,LEGRAND,Interruptores e Tomadas,sem_par,sem_par,0.294,,,,,,2026-08,,https://universoeletrico.com.br/eletrico/produto/variador-universal-2fio-2m-quadrado-br-572239b/
120582,*STARKIT COM CONCETADO MAST+GATEWAY MAGN 574227,LEGRAND,Interruptores e Tomadas,sem_par,sem_par,0.23,,,,,,2026-08,,https://universoeletrico.com.br/eletrico/produto/starkit-com-concetado-mastgateway-magn-574227/
120498,*PLACA CEGA 4X2 CHAMPAGNE 571453B,LEGRAND,Interruptores e Tomadas,revisado,media,0.58,38091,"ESPELHO / PLACA CEGA 4"" X 2"", PARA INSTALACAO DE TOMADAS E INTERRUPTORES",UN,2.44,2.44,2026-08,placa cega 4x2,https://universoeletrico.com.br/eletrico/produto/placa-cega-4x2-champagne-571453b/
120509,*PLACA 2 POSTOS 4X4 QUADRADOS SOFT ALU 571486B,LEGRAND,Interruptores e Tomadas,revisado,media,0.57,38096,"ESPELHO / PLACA DE 2 POSTOS 4"" X 4"", PARA INSTALACAO DE TOMADAS E INTERRUPTORES",UN,5.56,5.56,2026-08,placa 2 postos 4x4,https://universoeletrico.com.br/eletrico/produto/placa-2-postos-4x4-quadrados-soft-alu-571486b/
120204,*PLACA 2 POSTOS 4X4 QUAD MIRROR WHITE 575264,LEGRAND,Interruptores e Tomadas,revisado,media,0.564,38096,"ESPELHO / PLACA DE 2 POSTOS 4"" X 4"", PARA INSTALACAO DE TOMADAS E INTERRUPTORES",UN,5.56,5.56,2026-08,placa 2 postos 4x4,https://universoeletrico.com.br/eletrico/produto/placa-2-postos-4x4-quad-mirror-white-575264/
120270,*PLACA 1 POSTO 4X2 QUADRADOS GOLD BRASS 576410,LEGRAND,Interruptores e Tomadas,revisado,media,0.544,38092,"ESPELHO / PLACA DE 1 POSTO 4"" X 2"", PARA INSTALACAO DE TOMADAS E INTERRUPTORES",UN,2.32,2.32,2026-08,placa 1 posto 4x2,https://universoeletrico.com.br/eletrico/produto/placa-1-posto-4x2-quadrados-gold-brass-576410/
120581,*INTERRUPTOR PARAL.CONEC 1M C/NEUT MAGNE 574220,LEGRAND,Interruptores e Tomadas,sem_par,baixa,0.477,,,,,,2026-08,paralelo conecta com neutro,https://universoeletrico.com.br/eletrico/produto/interruptor-paral-conec-1m-c-neut-magne-574220/
120443,*CONTROLE PARA VENTILADOR 220V 160W BR 592521,LEGRAND,Interruptores e Tomadas,sem_par,sem_par,0.376,,,,,,2026-08,,https://universoeletrico.com.br/eletrico/produto/controle-para-ventilador-220v-160w-br-592521/
120083,*CONTR VENT. ROTATIVO 400VA QD MAGNESIO 572718B,LEGRAND,Interruptores e Tomadas,sem_par,sem_par,0.262,,,,,,2026-08,,https://universoeletrico.com.br/eletrico/produto/contr-vent-rotativo-400va-qd-magnesio-572718b/
131.083,CONECTOR DERIVAÇÃO PERFURANTE UNIVERSAL CDPU 35-35,INTELLI,Material Elétrico,sem_par,sem_par,0.379,,,,,,2026-08,,https://universoeletrico.com.br/eletrico/produto/conector-derivacao-perfurante-universal-cdpu-35-35/
131.082,"CONECTOR PRTFURAÇÃO 10-95 / 1,5-10 CDP-70",INTELLI,Material Elétrico,sem_par,sem_par,0.169,,,,,,2026-08,,https://universoeletrico.com.br/eletrico/produto/conector-prtfuracao-10-95-15-10-cdp-70/
131.081,CONECTOR PRTFURAÇÃO 16-120 / 16-120 CDP-16-120,INTELLI,Material Elétrico,sem_par,sem_par,0.209,,,,,,2026-08,,https://universoeletrico.com.br/eletrico/produto/conector-prtfuracao-16-120-16-120-cdp-16-120/
33384,CONECTOR ATERR.COMPRES.HAST 3/4 CB 50-70 SACG-5834-70,INTELLI,Material Elétrico,sem_par,sem_par,0.282,,,,,,2026-08,,https://universoeletrico.com.br/eletrico/produto/conector-aterr-compres-hast-3-4-cb-50-70-sacg-5834-70/
33383,CONECTOR ATERR.COMPRES.HAST 5/8 CB 50-70 SACG-1258-70,INTELLI,Material Elétrico,sem_par,sem_par,0.252,,,,,,2026-08,,https://universoeletrico.com.br/eletrico/produto/conector-aterr-compres-hast-5-8-cb-50-70-sacg-1258-70/
33382,CONECTOR ATERR.COMPRES.CB/CB 35-70/16-70 SACC-70-70,INTELLI,Material Elétrico,sem_par,sem_par,0.264,,,,,,2026-08,,https://universoeletrico.com.br/eletrico/produto/conector-aterr-compres-cb-cb-35-70-16-70-sacc-70-70/
62088,CORDOALHA AÇO ALUMINIO 3/8 CAS-038,INTELLI,Material Elétrico,sem_par,sem_par,0.291,,,,,,2026-08,,https://universoeletrico.com.br/eletrico/produto/cordoalha-aco-aluminio-3-8-cas-038/
62087,CORDOALHA AÇO ALUMINIO 1/4 CAS-014,INTELLI,Material Elétrico,sem_par,sem_par,0.288,,,,,,2026-08,,https://universoeletrico.com.br/eletrico/produto/cordoalha-aco-aluminio-1-4-cas-014/
33131,PARAFUSO FENDIDO TRANSVERSAL PFT-70,INTELLI,Material Elétrico,revisado,baixa,0.431,11855,"CONECTOR METALICO TIPO PARAFUSO FENDIDO (SPLIT BOLT), PARA CABOS ATE 70 MM2",UN,28.06,28.06,2026-08,split bolt 70mm2,https://universoeletrico.com.br/eletrico/produto/parafuso-fendido-transversal-pft-70/
33182,FIXADOR UNIVERSAL PFS-70,INTELLI,Material Elétrico,sem_par,sem_par,0.102,,,,,,2026-08,,https://universoeletrico.com.br/eletrico/produto/fixador-universal-pfs-70/
131.079,CONECTOR PERFURAÇÃO SIMPLES 50-240/50-240MM CDP-240-240 S,INTELLI,Material Elétrico,sem_par,sem_par,0.256,,,,,,2026-08,,https://universoeletrico.com.br/eletrico/produto/conector-perfuracao-simples-50-240-50-240mm-cdp-240-240-s/
131015,CONECTOR PERFURAÇÃO DUPLO 240/70-240MM CDP-240-240,INTELLI,Material Elétrico,sem_par,sem_par,0.198,,,,,,2026-08,,https://universoeletrico.com.br/eletrico/produto/conector-perfuracao-duplo-240-70-240mm-cdp-240-240/
131014,CONECTOR PRTFURAÇÃO 10-150/4-35M CDP-150-35,INTELLI,Material Elétrico,sem_par,sem_par,0.319,,,,,,2026-08,,https://universoeletrico.com.br/eletrico/produto/conector-prtfuracao-10-150-4-35m-cdp-150-35/
131013,"CONECTOR PERFURAÇÃO 10-150/1,5-10MM CDP-150-10",INTELLI,Material Elétrico,sem_par,sem_par,0.243,,,,,,2026-08,,https://universoeletrico.com.br/eletrico/produto/conector-perfuracao-10-150-15-10mm-cdp-150-10/
131012,"CONECTOR PERFURAÇÃO 25-150/1,5-10MM CDP-120-120",INTELLI,Material Elétrico,sem_par,sem_par,0.22,,,,,,2026-08,,https://universoeletrico.com.br/eletrico/produto/conector-perfuracao-25-150-15-10mm-cdp-120-120/
131011,CONECTOR CUNHA ALUMINIO 150X150MM CADC-35B,INTELLI,Material Elétrico,sem_par,sem_par,0.305,,,,,,2026-08,,https://universoeletrico.com.br/eletrico/produto/conector-cunha-aluminio-150x150mm-cadc-35b/
131010,CONECTOR CUNHA ALUMINIO 150X50MM CADC-208,INTELLI,Material Elétrico,sem_par,sem_par,0.285,,,,,,2026-08,,https://universoeletrico.com.br/eletrico/produto/conector-cunha-aluminio-150x50mm-cadc-208/
131008,CONECTOR CUNHA ALUMINIO 50MM C/ESTRIBO CAEN-103,INTELLI,Material Elétrico,sem_par,sem_par,0.343,,,,,,2026-08,,https://universoeletrico.com.br/eletrico/produto/conector-cunha-aluminio-50mm-c-estribo-caen-103/
131006,CONCTOR FORMATO TIPO H6 120-185 CAH 240-240,INTELLI,Material Elétrico,sem_par,sem_par,0.186,,,,,,2026-08,,https://universoeletrico.com.br/eletrico/produto/conctor-formato-tipo-h6-120-185-cah-240-240/
131005,CONCTOR FORMATO TIPO H5 95-120/120-150 CAH 120-120,INTELLI,Material Elétrico,sem_par,sem_par,0.178,,,,,,2026-08,,https://universoeletrico.com.br/eletrico/produto/conctor-formato-tipo-h5-95-120-120-150-cah-120-120/
131004,CONCTOR FORMATO TIPO H4 95-120/50-70 CAH 120-70,INTELLI,Material Elétrico,sem_par,sem_par,0.178,,,,,,2026-08,,https://universoeletrico.com.br/eletrico/produto/conctor-formato-tipo-h4-95-120-50-70-cah-120-70/
131003,CONCTOR FORMATO TIPO H3 50-95/50-95 CAH 95-95,INTELLI,Material Elétrico,sem_par,sem_par,0.245,,,,,,2026-08,,https://universoeletrico.com.br/eletrico/produto/conctor-formato-tipo-h3-50-95-50-95-cah-95-95/
131002,CONCTOR FORMATO TIPO H2 25-70/16-35 CAH 49-38,INTELLI,Material Elétrico,sem_par,sem_par,0.189,,,,,,2026-08,,https://universoeletrico.com.br/eletrico/produto/conctor-formato-tipo-h2-25-70-16-35-cah-49-38/
131001,CONCTOR FORMATO TIPO H1 16-35/16-36 CAH 35-35,INTELLI,Material Elétrico,sem_par,sem_par,0.197,,,,,,2026-08,,https://universoeletrico.com.br/eletrico/produto/conctor-formato-tipo-h1-16-35-16-36-cah-35-35/
41042,CONECTOR PARAF. FENDIDO BIMETAL. 70MM2 PFB-70,INTELLI,Material Elétrico,revisado,media,0.555,1563,"CONECTOR METALICO TIPO PARAFUSO FENDIDO (SPLIT BOLT), COM SEPARADOR DE CABOS BIMETALICOS, PARA CABOS ATE 70 MM2",UN,29.02,29.02,2026-08,split bolt bimetalico 70,https://universoeletrico.com.br/eletrico/produto/conector-paraf-fendido-bimetal-70mm2-pfb-70/
41041,CONECTOR PARAF. FENDIDO BIMETAL. 50MM2 PFB-50,INTELLI,Material Elétrico,revisado,media,0.555,1562,"CONECTOR METALICO TIPO PARAFUSO FENDIDO (SPLIT BOLT), COM SEPARADOR DE CABOS BIMETALICOS, PARA CABOS ATE 50 MM2",UN,21.62,21.62,2026-08,split bolt bimetalico 50,https://universoeletrico.com.br/eletrico/produto/conector-paraf-fendido-bimetal-50mm2-pfb-50/
41040,CONECTOR PARAF. FENDIDO BIMETAL. 35MM2 PFB-35,INTELLI,Material Elétrico,revisado,media,0.552,11854,"CONECTOR METALICO TIPO PARAFUSO FENDIDO (SPLIT BOLT), PARA CABOS ATE 35 MM2",UN,13.4,13.4,2026-08,"split bolt 35, sem bimetal",https://universoeletrico.com.br/eletrico/produto/conector-paraf-fendido-bimetal-35mm2-pfb-35/
41039,CONECTOR PARAF. FENDIDO BIMETAL. 25MM2 PFB-25,INTELLI,Material Elétrico,revisado,media,0.559,11821,"CONECTOR METALICO TIPO PARAFUSO FENDIDO (SPLIT BOLT), COM SEPARADOR DE CABOS BIMETALICOS, PARA CABOS ATE 25 MM2",UN,13.2,13.2,2026-08,split bolt bimetalico 25,https://universoeletrico.com.br/eletrico/produto/conector-paraf-fendido-bimetal-25mm2-pfb-25/
41038,CONECTOR PARAF. FENDIDO BIMETAL. 16MM2 PFB-16,INTELLI,Material Elétrico,revisado,media,0.541,1539,"CONECTOR METALICO TIPO PARAFUSO FENDIDO (SPLIT BOLT), PARA CABOS ATE 16 MM2",UN,10.16,10.16,2026-08,"split bolt 16, sem bimetal",https://universoeletrico.com.br/eletrico/produto/conector-paraf-fendido-bimetal-16mm2-pfb-16/
41037,CONECTOR PARAF. FENDIDO BIMETAL. 10MM2 PFB-10,INTELLI,Material Elétrico,revisado,media,0.551,11856,"CONECTOR METALICO TIPO PARAFUSO FENDIDO (SPLIT BOLT), PARA CABOS ATE 10 MM2",UN,8.65,8.65,2026-08,"split bolt 10, sem bimetal",https://universoeletrico.com.br/eletrico/produto/conector-paraf-fendido-bimetal-10mm2-pfb-10/
41023,TERMINAL DE PRESSAO PARA CABO 240MM TA-240,INTELLI,Material Elétrico,alta,alta,0.665,11838,"TERMINAL METALICO A PRESSAO PARA 1 CABO DE 240 MM2, COM 1 FURO DE FIXACAO",UN,49.7,49.7,2026-08,,https://universoeletrico.com.br/eletrico/produto/terminal-de-pressao-para-cabo-240mm-ta-240/
41022,TERMINAL DE PRESSAO PARA CABO 185MM TA-185,INTELLI,Material Elétrico,alta,alta,0.648,1593,"TERMINAL METALICO A PRESSAO PARA 1 CABO DE 185 MM2, COM 1 FURO DE FIXACAO",UN,37.67,37.67,2026-08,,https://universoeletrico.com.br/eletrico/produto/terminal-de-pressao-para-cabo-185mm-ta-185/
41021,TERMINAL DE PRESSAO PARA CABO 150MM TA-150,INTELLI,Material Elétrico,alta,alta,0.662,1547,"TERMINAL METALICO A PRESSAO PARA 1 CABO DE 150 A 185 MM2, COM 2 FUROS PARA FIXACAO",UN,176.96,176.96,2026-08,,https://universoeletrico.com.br/eletrico/produto/terminal-de-pressao-para-cabo-150mm-ta-150/
41020,TRMINAL DE PRESSAO PARA CABO 120MM TA-120,INTELLI,Material Elétrico,revisado,baixa,0.447,1591,"TERMINAL METALICO A PRESSAO PARA 1 CABO DE 120 MM2, COM 1 FURO DE FIXACAO",UN,33.77,33.77,2026-08,terminal pressao 120mm2,https://universoeletrico.com.br/eletrico/produto/trminal-de-pressao-para-cabo-120mm-ta-120/
41019,TERMINAL DE PRESSAO PARA CABO 95MM TA-95,INTELLI,Material Elétrico,alta,alta,0.654,1590,"TERMINAL METALICO A PRESSAO PARA 1 CABO DE 95 MM2, COM 1 FURO DE FIXACAO",UN,22.78,22.78,2026-08,,https://universoeletrico.com.br/eletrico/produto/terminal-de-pressao-para-cabo-95mm-ta-95/
41018,TERMINAL DE PRESSAO PARA CABO 70MM TA-70,INTELLI,Material Elétrico,alta,alta,0.658,1589,"TERMINAL METALICO A PRESSAO PARA 1 CABO DE 70 MM2, COM 1 FURO DE FIXACAO",UN,12.94,12.94,2026-08,,https://universoeletrico.com.br/eletrico/produto/terminal-de-pressao-para-cabo-70mm-ta-70/
41017,TERMINAL DE PRESSAO PARA CABO 50MM TA-50,INTELLI,Material Elétrico,alta,alta,0.655,1588,"TERMINAL METALICO A PRESSAO PARA 1 CABO DE 50 MM2, COM 1 FURO DE FIXACAO",UN,12.54,12.54,2026-08,,https://universoeletrico.com.br/eletrico/produto/terminal-de-pressao-para-cabo-50mm-ta-50/
41016,TERMINAL DE PRESSAO PARA CABO 35MM TA-35,INTELLI,Material Elétrico,alta,alta,0.658,1587,"TERMINAL METALICO A PRESSAO PARA 1 CABO DE 35 MM2, COM 1 FURO DE FIXACAO",UN,9.14,9.14,2026-08,,https://universoeletrico.com.br/eletrico/produto/terminal-de-pressao-para-cabo-35mm-ta-35/
41015,TERMINAL DE PRESSAO PARA CABO 25MM TA-25,INTELLI,Material Elétrico,alta,alta,0.651,1586,"TERMINAL METALICO A PRESSAO PARA 1 CABO DE 25 MM2, COM 1 FURO DE FIXACAO",UN,8.98,8.98,2026-08,,https://universoeletrico.com.br/eletrico/produto/terminal-de-pressao-para-cabo-25mm-ta-25/
41014,TERMINAL DE PRESSAO PARA CABO 16MM TA-16,INTELLI,Material Elétrico,alta,alta,0.658,1585,"TERMINAL METALICO A PRESSAO PARA 1 CABO DE 16 MM2, COM 1 FURO DE FIXACAO",UN,7.09,7.09,2026-08,,https://universoeletrico.com.br/eletrico/produto/terminal-de-pressao-para-cabo-16mm-ta-16/
41013,TERMINAL DE PRESSAO PARA CABO 10MM TA-10,INTELLI,Material Elétrico,alta,alta,0.646,1535,"TERMINAL METALICO A PRESSAO PARA 1 CABO DE 6 A 10 MM2, COM 1 FURO DE FIXACAO",UN,7.23,7.23,2026-08,,https://universoeletrico.com.br/eletrico/produto/terminal-de-pressao-para-cabo-10mm-ta-10/
41012,CONECTOR PARAFUSO FENDIDO 240MM2 PF-240,INTELLI,Material Elétrico,sem_par,baixa,0.476,,,,,,2026-08,240mm2 sem split bolt,https://universoeletrico.com.br/eletrico/produto/conector-parafuso-fendido-240mm2-pf-240/
41011,CONECTOR PARAFUSO FENDIDO 185MM2 PF-185,INTELLI,Material Elétrico,alta,alta,0.7,11859,"CONECTOR METALICO TIPO PARAFUSO FENDIDO (SPLIT BOLT), PARA CABOS ATE 185 MM2",UN,76.87,76.87,2026-08,,https://universoeletrico.com.br/eletrico/produto/conector-parafuso-fendido-185mm2-pf-185/
41010,CONECTOR PARAFUSO FENDIDO 150MM2 PF-150,INTELLI,Material Elétrico,alta,alta,0.688,11858,"CONECTOR METALICO TIPO PARAFUSO FENDIDO (SPLIT BOLT), PARA CABOS ATE 150 MM2",UN,56.5,56.5,2026-08,,https://universoeletrico.com.br/eletrico/produto/conector-parafuso-fendido-150mm2-pf-150/
41009,CONECTOR PARAFUSO FENDIDO 120MM2 PF-120,INTELLI,Material Elétrico,alta,alta,0.683,11857,"CONECTOR METALICO TIPO PARAFUSO FENDIDO (SPLIT BOLT), PARA CABOS ATE 120 MM2",UN,45.52,45.52,2026-08,,https://universoeletrico.com.br/eletrico/produto/conector-parafuso-fendido-120mm2-pf-120/
41008,CONECTOR PARAFUSO FENDIDO 95M2 PF-95,INTELLI,Material Elétrico,alta,alta,0.645,11864,"CONECTOR METALICO TIPO PARAFUSO FENDIDO (SPLIT BOLT), PARA CABOS ATE 95 MM2",UN,42.42,42.42,2026-08,,https://universoeletrico.com.br/eletrico/produto/conector-parafuso-fendido-95m2-pf-95/
41007,CONECTOR PARAFUSO FENDIDO 70MM2 PF-70,INTELLI,Material Elétrico,alta,alta,0.686,11855,"CONECTOR METALICO TIPO PARAFUSO FENDIDO (SPLIT BOLT), PARA CABOS ATE 70 MM2",UN,28.06,28.06,2026-08,,https://universoeletrico.com.br/eletrico/produto/conector-parafuso-fendido-70mm2-pf-70/
41006,CONECTOR PARAFUSO FENDIDO 50MM2 PF-50,INTELLI,Material Elétrico,alta,alta,0.685,11862,"CONECTOR METALICO TIPO PARAFUSO FENDIDO (SPLIT BOLT), PARA CABOS ATE 50 MM2",UN,18.8,18.8,2026-08,,https://universoeletrico.com.br/eletrico/produto/conector-parafuso-fendido-50mm2-pf-50/
41005,CONECTOR PARAFUSO FENDIDO 35MM2 PF-35,INTELLI,Material Elétrico,alta,alta,0.68,11854,"CONECTOR METALICO TIPO PARAFUSO FENDIDO (SPLIT BOLT), PARA CABOS ATE 35 MM2",UN,13.4,13.4,2026-08,,https://universoeletrico.com.br/eletrico/produto/conector-parafuso-fendido-35mm2-pf-35/
41004,CONECTOR PARAFUSO FENDIDO 25MM2 PF-25,INTELLI,Material Elétrico,alta,alta,0.688,1550,"CONECTOR METALICO TIPO PARAFUSO FENDIDO (SPLIT BOLT), PARA CABOS ATE 25 MM2",UN,10.72,10.72,2026-08,,https://universoeletrico.com.br/eletrico/produto/conector-parafuso-fendido-25mm2-pf-25/
41003,CONECTOR PARAFUSO FENDIDO 16MM2 PF-16,INTELLI,Material Elétrico,alta,alta,0.662,1539,"CONECTOR METALICO TIPO PARAFUSO FENDIDO (SPLIT BOLT), PARA CABOS ATE 16 MM2",UN,10.16,10.16,2026-08,,https://universoeletrico.com.br/eletrico/produto/conector-parafuso-fendido-16mm2-pf-16/
41002,CONECTOR PARAFUSO FENDIDO 10MM2 PF-10,INTELLI,Material Elétrico,alta,alta,0.671,11856,"CONECTOR METALICO TIPO PARAFUSO FENDIDO (SPLIT BOLT), PARA CABOS ATE 10 MM2",UN,8.65,8.65,2026-08,,https://universoeletrico.com.br/eletrico/produto/conector-parafuso-fendido-10mm2-pf-10/
33326,CABO DE AÇO COBREADO 7 FIOS 95MM2 CS-95-7F-21,INTELLI,Material Elétrico,sem_par,sem_par,0.325,,,,,,2026-08,,https://universoeletrico.com.br/eletrico/produto/cabo-de-aco-cobreado-7-fios-95mm2-cs-95-7f-21/
33325,CABO DE AÇO COBREADO 7 FIOS 70MM2 CS-70-7F-21,INTELLI,Material Elétrico,sem_par,sem_par,0.326,,,,,,2026-08,,https://universoeletrico.com.br/eletrico/produto/cabo-de-aco-cobreado-7-fios-70mm2-cs-70-7f-21/
33323,CABO DE AÇO COBREADO 7 FIOS 50MM2 CS-50-7F-21,INTELLI,Material Elétrico,sem_par,sem_par,0.325,,,,,,2026-08,,https://universoeletrico.com.br/eletrico/produto/cabo-de-aco-cobreado-7-fios-50mm2-cs-50-7f-21/
33322,CABO DE AÇO COBREADO 7 FIOS 35MM2 CS-35-7F-21,INTELLI,Material Elétrico,sem_par,sem_par,0.331,,,,,,2026-08,,https://universoeletrico.com.br/eletrico/produto/cabo-de-aco-cobreado-7-fios-35mm2-cs-35-7f-21/
33320,CABO DE AÇO COBREADO 7 FIOS 16MM2 CS-16-7F-21,INTELLI,Material Elétrico,sem_par,sem_par,0.325,,,,,,2026-08,,https://universoeletrico.com.br/eletrico/produto/cabo-de-aco-cobreado-7-fios-16mm2-cs-16-7f-21/
33154,CONECTOR MEDIÇÃO BIMETAL.2PA 16-70MM2 GPAL-44-2,INTELLI,Material Elétrico,sem_par,sem_par,0.279,,,,,,2026-08,,https://universoeletrico.com.br/eletrico/produto/conector-medicao-bimetal-2pa-16-70mm2-gpal-44-2/
33101,CONECTOR P.FEND.C/RABICHO 3/8 6-35MM2 PFR-35,INTELLI,Material Elétrico,sem_par,sem_par,0.251,,,,,,2026-08,,https://universoeletrico.com.br/eletrico/produto/conector-p-fend-c-rabicho-3-8-6-35mm2-pfr-35/
33099,CONECTOR P.FEND.C/RABICHO 10/70MM EST PFR-70 EST,INTELLI,Material Elétrico,sem_par,sem_par,0.217,,,,,,2026-08,,https://universoeletrico.com.br/eletrico/produto/conector-p-fend-c-rabicho-10-70mm-est-pfr-70-est/
33018,"HASTE P/ ATER. ALTA CAMADA 3/4 X 3,0MT IH-1034",INTELLI,Material Elétrico,sem_par,sem_par,0.282,,,,,,2026-08,,https://universoeletrico.com.br/eletrico/produto/haste-p-ater-alta-camada-3-4-x-30mt-ih-1034/
33017,"HASTE P/ ATER. ALTA CAMADA 3/4 X 2,40MT IH-834",INTELLI,Material Elétrico,sem_par,sem_par,0.248,,,,,,2026-08,,https://universoeletrico.com.br/eletrico/produto/haste-p-ater-alta-camada-3-4-x-240mt-ih-834/
33016,"HASTE P/ ATER. ALTA CAMADA 5/8 X 3,0MT IH-1058",INTELLI,Material Elétrico,sem_par,sem_par,0.261,,,,,,2026-08,,https://universoeletrico.com.br/eletrico/produto/haste-p-ater-alta-camada-5-8-x-30mt-ih-1058/
33015,"HASTE P/ ATER. ALTA CAMADA 5/8 X 2,40MT IH-858",INTELLI,Material Elétrico,sem_par,sem_par,0.251,,,,,,2026-08,,https://universoeletrico.com.br/eletrico/produto/haste-p-ater-alta-camada-5-8-x-240mt-ih-858/
33013,"HASTE ATER. B. CAMADA 15,8MM(3/4) X 3MT IHBC-834",INTELLI,Material Elétrico,sem_par,sem_par,0.216,,,,,,2026-08,,https://universoeletrico.com.br/eletrico/produto/haste-ater-b-camada-158mm3-4-x-3mt-ihbc-834/
33012,HASTE ATER. B. CAMADA 12MM(5/8) X 3MT IHBC-1058,INTELLI,Material Elétrico,sem_par,sem_par,0.197,,,,,,2026-08,,https://universoeletrico.com.br/eletrico/produto/haste-ater-b-camada-12mm5-8-x-3mt-ihbc-1058/
33011,"HASTE ATER. B. CAMADA 12MM(5/8) X 2,40MT IHBC-858",INTELLI,Material Elétrico,sem_par,sem_par,0.19,,,,,,2026-08,,https://universoeletrico.com.br/eletrico/produto/haste-ater-b-camada-12mm5-8-x-240mt-ihbc-858/
10025,TERM PRE-ISOL. PINO 25MM AM TPP-25-16,INTELLI,Material Elétrico,sem_par,sem_par,0.359,,,,,,2026-08,,https://universoeletrico.com.br/eletrico/produto/term-pre-isol-pino-25mm-am-tpp-25-16/
10024,TERM PRE-ISOL. PINO 16MM AZ TPP-16-16,INTELLI,Material Elétrico,sem_par,sem_par,0.36,,,,,,2026-08,,https://universoeletrico.com.br/eletrico/produto/term-pre-isol-pino-16mm-az-tpp-16-16/
10023,TERM PRE-ISOL. PINO 10MM VM TPP-10-15,INTELLI,Material Elétrico,sem_par,sem_par,0.249,,,,,,2026-08,,https://universoeletrico.com.br/eletrico/produto/term-pre-isol-pino-10mm-vm-tpp-10-15/
10022,"TERM PRE-ISOL. PINO 2,70-6,6MM AM 100UN TPP-6-12",INTELLI,Material Elétrico,sem_par,sem_par,0.165,,,,,,2026-08,,https://universoeletrico.com.br/eletrico/produto/term-pre-isol-pino-270-66mm-am-100un-tpp-6-12/
10020,"TERM PRE-ISOL. PINO 0,25-1,60 VM 100UN TPP-1,5-8",INTELLI,Material Elétrico,sem_par,sem_par,0.149,,,,,,2026-08,,https://universoeletrico.com.br/eletrico/produto/term-pre-isol-pino-025-160-vm-100un-tpp-15-8/
10018,"TERM PRE-ISOL. FORQ. M5 2,70-6,6 AM 100UN TPF-6-5",INTELLI,Material Elétrico,sem_par,sem_par,0.224,,,,,,2026-08,,https://universoeletrico.com.br/eletrico/produto/term-pre-isol-forq-m5-270-66-am-100un-tpf-6-5/
10011,TERMINAL PRE-ISOL. ANEL M8 25MM AM TPT-25-8,INTELLI,Material Elétrico,sem_par,sem_par,0.395,,,,,,2026-08,,https://universoeletrico.com.br/eletrico/produto/terminal-pre-isol-anel-m8-25mm-am-tpt-25-8/
10010,TERMINAL PRE-ISOL. ANEL M8 16MM AZ TPT-16-8,INTELLI,Material Elétrico,sem_par,sem_par,0.296,,,,,,2026-08,,https://universoeletrico.com.br/eletrico/produto/terminal-pre-isol-anel-m8-16mm-az-tpt-16-8/
10009,TERMINAL PRE-ISOL. ANEL M6 10MM VM TPT-10-6,INTELLI,Material Elétrico,sem_par,sem_par,0.35,,,,,,2026-08,,https://universoeletrico.com.br/eletrico/produto/terminal-pre-isol-anel-m6-10mm-vm-tpt-10-6/
5053,TERMINAL COMPRESSAO BIMETAL CB AL 120MM2 TBTA-120-13,INTELLI,Material Elétrico,familia,baixa,0.421,1581,"TERMINAL A COMPRESSAO EM COBRE ESTANHADO PARA CABO 120 MM2, 1 FURO E 1 COMPRESSAO, PARA PARAFUSO DE FIXACAO M12",UN,15.31,15.31,2026-08,terminal bimetal vs cobre estanhado,https://universoeletrico.com.br/eletrico/produto/terminal-compressao-bimetal-cb-al-120mm2-tbta-120-13/
5052,TERMINAL COMPRESSAO BIMETAL CB AL 95MM2 TBTA-95-13,INTELLI,Material Elétrico,familia,baixa,0.418,1580,"TERMINAL A COMPRESSAO EM COBRE ESTANHADO PARA CABO 95 MM2, 1 FURO E 1 COMPRESSAO, PARA PARAFUSO DE FIXACAO M12",UN,10.89,10.89,2026-08,terminal bimetal vs cobre estanhado,https://universoeletrico.com.br/eletrico/produto/terminal-compressao-bimetal-cb-al-95mm2-tbta-95-13/
5051,TERMINAL COMPRESSAO BIMETAL CB AL 70MM2 TBTA-70-13,INTELLI,Material Elétrico,familia,baixa,0.423,1579,"TERMINAL A COMPRESSAO EM COBRE ESTANHADO PARA CABO 70 MM2, 1 FURO E 1 COMPRESSAO, PARA PARAFUSO DE FIXACAO M10",UN,8.84,8.84,2026-08,terminal bimetal vs cobre estanhado,https://universoeletrico.com.br/eletrico/produto/terminal-compressao-bimetal-cb-al-70mm2-tbta-70-13/
5050,TERMINAL COMPRESSAO BIMETAL CB AL 50MM2 TBTA-50-13,INTELLI,Material Elétrico,familia,baixa,0.418,1578,"TERMINAL A COMPRESSAO EM COBRE ESTANHADO PARA CABO 50 MM2, 1 FURO E 1 COMPRESSAO, PARA PARAFUSO DE FIXACAO M8",UN,7.09,7.09,2026-08,terminal bimetal vs cobre estanhado,https://universoeletrico.com.br/eletrico/produto/terminal-compressao-bimetal-cb-al-50mm2-tbta-50-13/
5049,TERMINAL COMPRESSAO BIMETAL CB AL 35MM2 TBTA-35-13,INTELLI,Material Elétrico,familia,baixa,0.411,1577,"TERMINAL A COMPRESSAO EM COBRE ESTANHADO PARA CABO 35 MM2, 1 FURO E 1 COMPRESSAO, PARA PARAFUSO DE FIXACAO M8",UN,4.09,4.09,2026-08,terminal bimetal vs cobre estanhado,https://universoeletrico.com.br/eletrico/produto/terminal-compressao-bimetal-cb-al-35mm2-tbta-35-13/
5048,TERMINAL COMPRESSAO BIMETAL CB AL 25MM2 TBTA-25-10,INTELLI,Material Elétrico,familia,baixa,0.411,1576,"TERMINAL A COMPRESSAO EM COBRE ESTANHADO PARA CABO 25 MM2, 1 FURO E 1 COMPRESSAO, PARA PARAFUSO DE FIXACAO M8",UN,3.63,3.63,2026-08,terminal bimetal vs cobre estanhado,https://universoeletrico.com.br/eletrico/produto/terminal-compressao-bimetal-cb-al-25mm2-tbta-25-10/
5028,LUVA TUBULAR A COMPRESSAO 240MM LF-240,INTELLI,Material Elétrico,sem_par,sem_par,0.278,,,,,,2026-08,,https://universoeletrico.com.br/eletrico/produto/luva-tubular-a-compressao-240mm-lf-240/
5027,LUVA TUBULAR A COMPRESSAO 185MM LF-185,INTELLI,Material Elétrico,sem_par,sem_par,0.117,,,,,,2026-08,,https://universoeletrico.com.br/eletrico/produto/luva-tubular-a-compressao-185mm-lf-185/
5026,LUVA TUBULAR A COMPRESSAO 150MM LF-150,INTELLI,Material Elétrico,sem_par,baixa,0.402,,,,,,2026-08,"luva de emenda, candidatos hidraulicos",https://universoeletrico.com.br/eletrico/produto/luva-tubular-a-compressao-150mm-lf-150/
5025,LUVA TUBULAR A COMPRESSAO 120MM LF-120,INTELLI,Material Elétrico,sem_par,sem_par,0.33,,,,,,2026-08,,https://universoeletrico.com.br/eletrico/produto/luva-tubular-a-compressao-120mm-lf-120/
5024,LUVA TUBULAR A COMPRESSAO 95MM LF-95,INTELLI,Material Elétrico,sem_par,sem_par,0.331,,,,,,2026-08,,https://universoeletrico.com.br/eletrico/produto/luva-tubular-a-compressao-95mm-lf-95/
5023,LUVA TUBULAR A COMPRESSAO 70MM LF-70,INTELLI,Material Elétrico,sem_par,sem_par,0.337,,,,,,2026-08,,https://universoeletrico.com.br/eletrico/produto/luva-tubular-a-compressao-70mm-lf-70/
5022,LUVA TUBULAR A COMPRESSAO 50MM LF-50,INTELLI,Material Elétrico,sem_par,sem_par,0.393,,,,,,2026-08,,https://universoeletrico.com.br/eletrico/produto/luva-tubular-a-compressao-50mm-lf-50/
5021,LUVA TUBULAR A COMPRESSAO 35MM LF-35,INTELLI,Material Elétrico,sem_par,baixa,0.407,,,,,,2026-08,"luva de emenda, candidatos hidraulicos",https://universoeletrico.com.br/eletrico/produto/luva-tubular-a-compressao-35mm-lf-35/
5020,LUVA TUBULAR A COMPRESSAO 25MM LF-25,INTELLI,Material Elétrico,sem_par,baixa,0.429,,,,,,2026-08,"luva de emenda, candidatos hidraulicos",https://universoeletrico.com.br/eletrico/produto/luva-tubular-a-compressao-25mm-lf-25/
5019,LUVA TUBULAR A COMPRESSAO 16MM LF-16,INTELLI,Material Elétrico,sem_par,sem_par,0.326,,,,,,2026-08,,https://universoeletrico.com.br/eletrico/produto/luva-tubular-a-compressao-16mm-lf-16/
5018,LUVA TUBULAR A COMPRESSAO 10MM LF-10,INTELLI,Material Elétrico,sem_par,sem_par,0.339,,,,,,2026-08,,https://universoeletrico.com.br/eletrico/produto/luva-tubular-a-compressao-10mm-lf-10/
5015,TERMINAL A COMPRESSAO 300MM 1F TM-300,INTELLI,Material Elétrico,revisado,baixa,0.479,11839,"TERMINAL METALICO A PRESSAO PARA 1 CABO DE 300 MM2, COM 1 FURO DE FIXACAO",UN,72.31,72.31,2026-08,terminal pressao 300mm2,https://universoeletrico.com.br/eletrico/produto/terminal-a-compressao-300mm-1f-tm-300/
5014,TERMINAL A COMPRESSAO 240MM 1F TM-240,INTELLI,Material Elétrico,revisado,baixa,0.475,11838,"TERMINAL METALICO A PRESSAO PARA 1 CABO DE 240 MM2, COM 1 FURO DE FIXACAO",UN,49.7,49.7,2026-08,terminal pressao 240mm2,https://universoeletrico.com.br/eletrico/produto/terminal-a-compressao-240mm-1f-tm-240/
5013,TERMINAL A COMPRESSAO 185MM 1F TM-185,INTELLI,Material Elétrico,revisado,baixa,0.478,1593,"TERMINAL METALICO A PRESSAO PARA 1 CABO DE 185 MM2, COM 1 FURO DE FIXACAO",UN,37.67,37.67,2026-08,terminal pressao 185mm2,https://universoeletrico.com.br/eletrico/produto/terminal-a-compressao-185mm-1f-tm-185/
5012,TERMINAL A COMPRESSAO 150MM 1F TM-150,INTELLI,Material Elétrico,revisado,baixa,0.481,38196,"TERMINAL METALICO A PRESSAO PARA 1 CABO DE 150 MM2, COM 1 FURO DE FIXACAO",UN,34.46,34.46,2026-08,terminal pressao 150mm2,https://universoeletrico.com.br/eletrico/produto/terminal-a-compressao-150mm-1f-tm-150/
5011,TERMINAL A COMPRESSAO 120MM 1F TM-120,INTELLI,Material Elétrico,alta,alta,0.632,1581,"TERMINAL A COMPRESSAO EM COBRE ESTANHADO PARA CABO 120 MM2, 1 FURO E 1 COMPRESSAO, PARA PARAFUSO DE FIXACAO M12",UN,15.31,15.31,2026-08,,https://universoeletrico.com.br/eletrico/produto/terminal-a-compressao-120mm-1f-tm-120/
5010,TERMINAL A COMPRESSAO 95MM 1F TM-95,INTELLI,Material Elétrico,alta,alta,0.634,1580,"TERMINAL A COMPRESSAO EM COBRE ESTANHADO PARA CABO 95 MM2, 1 FURO E 1 COMPRESSAO, PARA PARAFUSO DE FIXACAO M12",UN,10.89,10.89,2026-08,,https://universoeletrico.com.br/eletrico/produto/terminal-a-compressao-95mm-1f-tm-95/
5009,TERMINAL A COMPRESSAO 70MM 1F TM-70,INTELLI,Material Elétrico,alta,alta,0.643,1579,"TERMINAL A COMPRESSAO EM COBRE ESTANHADO PARA CABO 70 MM2, 1 FURO E 1 COMPRESSAO, PARA PARAFUSO DE FIXACAO M10",UN,8.84,8.84,2026-08,,https://universoeletrico.com.br/eletrico/produto/terminal-a-compressao-70mm-1f-tm-70/
5008,TERMINAL A COMPRESSAO 50MM 1F TM-50,INTELLI,Material Elétrico,alta,alta,0.648,1578,"TERMINAL A COMPRESSAO EM COBRE ESTANHADO PARA CABO 50 MM2, 1 FURO E 1 COMPRESSAO, PARA PARAFUSO DE FIXACAO M8",UN,7.09,7.09,2026-08,,https://universoeletrico.com.br/eletrico/produto/terminal-a-compressao-50mm-1f-tm-50/
5007,TERMINAL A COMPRESSAO 35MM 1F TM-35,INTELLI,Material Elétrico,alta,alta,0.636,1577,"TERMINAL A COMPRESSAO EM COBRE ESTANHADO PARA CABO 35 MM2, 1 FURO E 1 COMPRESSAO, PARA PARAFUSO DE FIXACAO M8",UN,4.09,4.09,2026-08,,https://universoeletrico.com.br/eletrico/produto/terminal-a-compressao-35mm-1f-tm-35/
5006,TERMINAL A COMPRESSAO 25MM 1F TM-25,INTELLI,Material Elétrico,alta,alta,0.647,1576,"TERMINAL A COMPRESSAO EM COBRE ESTANHADO PARA CABO 25 MM2, 1 FURO E 1 COMPRESSAO, PARA PARAFUSO DE FIXACAO M8",UN,3.63,3.63,2026-08,,https://universoeletrico.com.br/eletrico/produto/terminal-a-compressao-25mm-1f-tm-25/
5005,TERMINAL A COMPRESSAO 16MM 1F TM-16,INTELLI,Material Elétrico,alta,alta,0.636,1575,"TERMINAL A COMPRESSAO EM COBRE ESTANHADO PARA CABO 16 MM2, 1 FURO E 1 COMPRESSAO, PARA PARAFUSO DE FIXACAO M6",UN,2.62,2.62,2026-08,,https://universoeletrico.com.br/eletrico/produto/terminal-a-compressao-16mm-1f-tm-16/
5004,TERMINAL A COMPRESSAO 10MM 1F TM-10,INTELLI,Material Elétrico,alta,alta,0.636,1574,"TERMINAL A COMPRESSAO EM COBRE ESTANHADO PARA CABO 10 MM2, 1 FURO E 1 COMPRESSAO, PARA PARAFUSO DE FIXACAO M6",UN,2.21,2.21,2026-08,,https://universoeletrico.com.br/eletrico/produto/terminal-a-compressao-10mm-1f-tm-10/
5003,TERMINAL A COMPRESSAO 6MM 1F TM-6,INTELLI,Material Elétrico,alta,alta,0.641,1573,"TERMINAL A COMPRESSAO EM COBRE ESTANHADO PARA CABO 6 MM2, 1 FURO E 1 COMPRESSAO, PARA PARAFUSO DE FIXACAO M6",UN,2.04,2.04,2026-08,,https://universoeletrico.com.br/eletrico/produto/terminal-a-compressao-6mm-1f-tm-6/
19735,"TUBO TERMOCONTRATIL 8,0 mm / 4 mm PRETO – Rolo 100 m W8PR",FRONTEC,Material Elétrico,sem_par,sem_par,0.265,,,,,,2026-08,,https://universoeletrico.com.br/eletrico/produto/tubo-termocontratil-80-mm-4-mm-preto-rolo-100-m-w8pr/
19734,"TUBO TERMOCONTRATIL 6,0 mm / 3 mm PRETO W6PR",FRONTEC,Material Elétrico,sem_par,sem_par,0.307,,,,,,2026-08,,https://universoeletrico.com.br/eletrico/produto/tubo-termocontratil-60-mm-3-mm-preto-w6pr/
20277,TUBO TERMOCONTRATIL 50 mm / 25 mm PRETO – Rolo 25 m W50PR,FRONTEC,Material Elétrico,sem_par,sem_par,0.355,,,,,,2026-08,,https://universoeletrico.com.br/eletrico/produto/tubo-termocontratil-50-mm-25-mm-preto-rolo-25-m-w50pr/
19747,TUBO TERMOCONTRATIL 40 mm / 20 mm PRETO – Rolo 50 m W40PR,FRONTEC,Material Elétrico,sem_par,sem_par,0.26,,,,,,2026-08,,https://universoeletrico.com.br/eletrico/produto/tubo-termocontratil-40-mm-20-mm-preto-rolo-50-m-w40pr/
19733,"TUBO TERMOCONTRATIL 4,5 mm / 2,30 mm PRETO – Rolo 100 m W4,5PR",FRONTEC,Material Elétrico,sem_par,sem_par,0.266,,,,,,2026-08,,https://universoeletrico.com.br/eletrico/produto/tubo-termocontratil-45-mm-230-mm-preto-rolo-100-m-w45pr/
19744,"TUBO TERMOCONTRATIL 35 mm / 17,5 mm PRETO – Rolo 50 m W35PR",FRONTEC,Material Elétrico,sem_par,sem_par,0.261,,,,,,2026-08,,https://universoeletrico.com.br/eletrico/produto/tubo-termocontratil-35-mm-175-mm-preto-rolo-50-m-w35pr/
19701,"TUBO TERMOCONTRATIL 3,0 mm / 1,5 mm PRETO – Rolo 200 m W3,0PR",FRONTEC,Material Elétrico,sem_par,sem_par,0.271,,,,,,2026-08,,https://universoeletrico.com.br/eletrico/produto/tubo-termocontratil-30-mm-15-mm-preto-rolo-200-m-w30pr/
19743,"TUBO TERMOCONTRATIL 25 mm / 12,5 mm PRETO – Rolo 50 m W25PR",FRONTEC,Material Elétrico,sem_par,sem_par,0.33,,,,,,2026-08,,https://universoeletrico.com.br/eletrico/produto/tubo-termocontratil-25-mm-125-mm-preto-rolo-50-m-w25pr/
19740,TUBO TERMOCONTRATIL 20 mm / 10 mm PRETO – Rolo 100 m W20PR,FRONTEC,Material Elétrico,sem_par,sem_par,0.323,,,,,,2026-08,,https://universoeletrico.com.br/eletrico/produto/tubo-termocontratil-20-mm-10-mm-preto-rolo-100-m-w20pr/
19739,TUBO TERMOCONTRATIL 16 mm / 8 mm PRETO – Rolo 100 m W16PR,FRONTEC,Material Elétrico,sem_par,sem_par,0.26,,,,,,2026-08,,https://universoeletrico.com.br/eletrico/produto/tubo-termocontratil-16-mm-8-mm-preto-rolo-100-m-w16pr/
19737,TUBO TERMOCONTRATIL 10 mm / 5 mm PRETO – Rolo 100 m W10PR,FRONTEC,Material Elétrico,sem_par,sem_par,0.323,,,,,,2026-08,,https://universoeletrico.com.br/eletrico/produto/tubo-termocontratil-10-mm-5-mm-preto-rolo-100-m-w10pr/
19194,"MARCADOR DE FIO 0,75mm² – 4mm² (LETRA Z) – 100 pcs FGT1 Z 100",FRONTEC,Material Elétrico,sem_par,sem_par,0.178,,,,,,2026-08,,https://universoeletrico.com.br/eletrico/produto/marcador-de-fio-075mm%c2%b2-4mm%c2%b2-letra-z-100-pcs-fgt1-z-100/
19193,"MARCADOR DE FIO 0,75mm² – 4mm² (LETRA Y) – 100 pcs FGT1 Y 100",FRONTEC,Material Elétrico,sem_par,sem_par,0.179,,,,,,2026-08,,https://universoeletrico.com.br/eletrico/produto/marcador-de-fio-075mm%c2%b2-4mm%c2%b2-letra-y-100-pcs-fgt1-y-100/
19192,"MARCADOR DE FIO 0,75mm² – 4mm² (LETRA X) – 100 pcs FGT1 X 100",FRONTEC,Material Elétrico,sem_par,sem_par,0.183,,,,,,2026-08,,https://universoeletrico.com.br/eletrico/produto/marcador-de-fio-075mm%c2%b2-4mm%c2%b2-letra-x-100-pcs-fgt1-x-100/
19191,"MARCADOR DE FIO 0,75mm² – 4mm² (LETRA W) – 100 pcs FGT1 W 100",FRONTEC,Material Elétrico,sem_par,sem_par,0.192,,,,,,2026-08,,https://universoeletrico.com.br/eletrico/produto/marcador-de-fio-075mm%c2%b2-4mm%c2%b2-letra-w-100-pcs-fgt1-w-100/
19190,"MARCADOR DE FIO 0,75mm² – 4mm² (LETRA V) – 100 pcs FGT1 V 100",FRONTEC,Material Elétrico,sem_par,sem_par,0.179,,,,,,2026-08,,https://universoeletrico.com.br/eletrico/produto/marcador-de-fio-075mm%c2%b2-4mm%c2%b2-letra-v-100-pcs-fgt1-v-100/
19189,"MARCADOR DE FIO 0,75mm² – 4mm² (LETRA U) – 100 pcs FGT1 U 100",FRONTEC,Material Elétrico,sem_par,sem_par,0.182,,,,,,2026-08,,https://universoeletrico.com.br/eletrico/produto/marcador-de-fio-075mm%c2%b2-4mm%c2%b2-letra-u-100-pcs-fgt1-u-100/
19188,"MARCADOR DE FIO 0,75mm² – 4mm² (LETRA T) – 100 pcs FGT1 T 100",FRONTEC,Material Elétrico,sem_par,sem_par,0.188,,,,,,2026-08,,https://universoeletrico.com.br/eletrico/produto/marcador-de-fio-075mm%c2%b2-4mm%c2%b2-letra-t-100-pcs-fgt1-t-100/
19187,"MARCADOR DE FIO 0,75mm² – 4mm² (LETRA S) – 100 pcs FGT1 S 100",FRONTEC,Material Elétrico,sem_par,sem_par,0.192,,,,,,2026-08,,https://universoeletrico.com.br/eletrico/produto/marcador-de-fio-075mm%c2%b2-4mm%c2%b2-letra-s-100-pcs-fgt1-s-100/
19186,"MARCADOR DE FIO 0,75mm² – 4mm² (LETRA R) – 100 pcs FGT1 R 100",FRONTEC,Material Elétrico,sem_par,sem_par,0.216,,,,,,2026-08,,https://universoeletrico.com.br/eletrico/produto/marcador-de-fio-075mm%c2%b2-4mm%c2%b2-letra-r-100-pcs-fgt1-r-100/
19185,"MARCADOR DE FIO 0,75mm² – 4mm² (LETRA Q) – 100 pcs FGT1 Q 100",FRONTEC,Material Elétrico,sem_par,sem_par,0.176,,,,,,2026-08,,https://universoeletrico.com.br/eletrico/produto/marcador-de-fio-075mm%c2%b2-4mm%c2%b2-letra-q-100-pcs-fgt1-q-100/
19184,"MARCADOR DE FIO 0,75mm² – 4mm² (LETRA P) – 100 pcs FGT1 P 100",FRONTEC,Material Elétrico,sem_par,sem_par,0.184,,,,,,2026-08,,https://universoeletrico.com.br/eletrico/produto/marcador-de-fio-075mm%c2%b2-4mm%c2%b2-letra-p-100-pcs-fgt1-p-100/
19183,"MARCADOR DE FIO 0,75mm² – 4mm² (LETRA O) – 100 pcs FGT1 O 100",FRONTEC,Material Elétrico,sem_par,sem_par,0.196,,,,,,2026-08,,https://universoeletrico.com.br/eletrico/produto/marcador-de-fio-075mm%c2%b2-4mm%c2%b2-letra-o-100-pcs-fgt1-o-100/
19182,"MARCADOR DE FIO 0,75mm² – 4mm² (LETRA N) – 100 pcs FGT1 N 100",FRONTEC,Material Elétrico,sem_par,sem_par,0.193,,,,,,2026-08,,https://universoeletrico.com.br/eletrico/produto/marcador-de-fio-075mm%c2%b2-4mm%c2%b2-letra-n-100-pcs-fgt1-n-100/
19181,"MARCADOR DE FIO 0,75mm² – 4mm² (LETRA M) – 100 pcs FGT1 M 100",FRONTEC,Material Elétrico,sem_par,sem_par,0.181,,,,,,2026-08,,https://universoeletrico.com.br/eletrico/produto/marcador-de-fio-075mm%c2%b2-4mm%c2%b2-letra-m-100-pcs-fgt1-m-100/
19180,"MARCADOR DE FIO 0,75mm² – 4mm² (LETRA L) – 100 pcs FGT1 L 100",FRONTEC,Material Elétrico,sem_par,sem_par,0.181,,,,,,2026-08,,https://universoeletrico.com.br/eletrico/produto/marcador-de-fio-075mm%c2%b2-4mm%c2%b2-letra-l-100-pcs-fgt1-l-100/
19179,"MARCADOR DE FIO 0,75mm² – 4mm² (LETRA K) – 100 pcs FGT1 K 100",FRONTEC,Material Elétrico,sem_par,sem_par,0.18,,,,,,2026-08,,https://universoeletrico.com.br/eletrico/produto/marcador-de-fio-075mm%c2%b2-4mm%c2%b2-letra-k-100-pcs-fgt1-k-100/
19178,"MARCADOR DE FIO 0,75mm² – 4mm² (LETRA J) – 100 pcs FGT1 J 100",FRONTEC,Material Elétrico,sem_par,sem_par,0.178,,,,,,2026-08,,https://universoeletrico.com.br/eletrico/produto/marcador-de-fio-075mm%c2%b2-4mm%c2%b2-letra-j-100-pcs-fgt1-j-100/
19177,"MARCADOR DE FIO 0,75mm² – 4mm² (LETRA I) – 100 pcs FGT1 I 100",FRONTEC,Material Elétrico,sem_par,sem_par,0.177,,,,,,2026-08,,https://universoeletrico.com.br/eletrico/produto/marcador-de-fio-075mm%c2%b2-4mm%c2%b2-letra-i-100-pcs-fgt1-i-100/
19176,"MARCADOR DE FIO 0,75mm² – 4mm² (LETRA H) – 100 pcs FGT1 H 100",FRONTEC,Material Elétrico,sem_par,sem_par,0.179,,,,,,2026-08,,https://universoeletrico.com.br/eletrico/produto/marcador-de-fio-075mm%c2%b2-4mm%c2%b2-letra-h-100-pcs-fgt1-h-100/
19175,"MARCADOR DE FIO 0,75mm² – 4mm² (LETRA G) – 100 pcs FGT1 G 100",FRONTEC,Material Elétrico,sem_par,sem_par,0.176,,,,,,2026-08,,https://universoeletrico.com.br/eletrico/produto/marcador-de-fio-075mm%c2%b2-4mm%c2%b2-letra-g-100-pcs-fgt1-g-100/
19174,"MARCADOR DE FIO 0,75mm² – 4mm² (LETRA F) – 100 pcs FGT1 F 100",FRONTEC,Material Elétrico,sem_par,sem_par,0.174,,,,,,2026-08,,https://universoeletrico.com.br/eletrico/produto/marcador-de-fio-075mm%c2%b2-4mm%c2%b2-letra-f-100-pcs-fgt1-f-100/
19173,"MARCADOR DE FIO 0,75mm² – 4mm² (LETRA E) – 100 pcs FGT1 E 100",FRONTEC,Material Elétrico,sem_par,sem_par,0.181,,,,,,2026-08,,https://universoeletrico.com.br/eletrico/produto/marcador-de-fio-075mm%c2%b2-4mm%c2%b2-letra-e-100-pcs-fgt1-e-100/
19172,"MARCADOR DE FIO 0,75mm² – 4mm² (LETRA D) – 100 pcs FGT1 D 100",FRONTEC,Material Elétrico,sem_par,sem_par,0.176,,,,,,2026-08,,https://universoeletrico.com.br/eletrico/produto/marcador-de-fio-075mm%c2%b2-4mm%c2%b2-letra-d-100-pcs-fgt1-d-100/
19171,"MARCADOR DE FIO 0,75mm² – 4mm² (LETRA C) – 100 pcs FGT1 C 100",FRONTEC,Material Elétrico,sem_par,sem_par,0.216,,,,,,2026-08,,https://universoeletrico.com.br/eletrico/produto/marcador-de-fio-075mm%c2%b2-4mm%c2%b2-letra-c-100-pcs-fgt1-c-100/
19170,"MARCADOR DE FIO 0,75mm² – 4mm² (LETRA B) – 100 pcs FGT1 B 100",FRONTEC,Material Elétrico,sem_par,sem_par,0.222,,,,,,2026-08,,https://universoeletrico.com.br/eletrico/produto/marcador-de-fio-075mm%c2%b2-4mm%c2%b2-letra-b-100-pcs-fgt1-b-100/
19169,"MARCADOR DE FIO 0,75mm² – 4mm² (LETRA A) – 100 pcs FGT1 A 100",FRONTEC,Material Elétrico,sem_par,sem_par,0.193,,,,,,2026-08,,https://universoeletrico.com.br/eletrico/produto/marcador-de-fio-075mm%c2%b2-4mm%c2%b2-letra-a-100-pcs-fgt1-a-100/
19163,"MARCADOR DE FIO 0,75mm² – 4mm² (NUMERO 9) – 100 pcs FGT1 9 100",FRONTEC,Material Elétrico,sem_par,sem_par,0.233,,,,,,2026-08,,https://universoeletrico.com.br/eletrico/produto/marcador-de-fio-075mm%c2%b2-4mm%c2%b2-numero-9-100-pcs-fgt1-9-100/
19162,"MARCADOR DE FIO 0,75mm² – 4mm² (NUMERO 8) – 100 pcs FGT1 8 100",FRONTEC,Material Elétrico,sem_par,sem_par,0.208,,,,,,2026-08,,https://universoeletrico.com.br/eletrico/produto/marcador-de-fio-075mm%c2%b2-4mm%c2%b2-numero-8-100-pcs-fgt1-8-100/
19161,"MARCADOR DE FIO 0,75mm² – 4mm² (NUMERO 7) – 100 pcs FGT1 7 100",FRONTEC,Material Elétrico,sem_par,sem_par,0.163,,,,,,2026-08,,https://universoeletrico.com.br/eletrico/produto/marcador-de-fio-075mm%c2%b2-4mm%c2%b2-numero-7-100-pcs-fgt1-7-100/
19160,"MARCADOR DE FIO 0,75mm² – 4mm² (NUMERO 6) – 100 pcs FGT1 6 100",FRONTEC,Material Elétrico,sem_par,sem_par,0.17,,,,,,2026-08,,https://universoeletrico.com.br/eletrico/produto/marcador-de-fio-075mm%c2%b2-4mm%c2%b2-numero-6-100-pcs-fgt1-6-100/
19159,"MARCADOR DE FIO 0,75mm² – 4mm² (NUMERO 5) – 100 pcs FGT1 5 100",FRONTEC,Material Elétrico,sem_par,sem_par,0.219,,,,,,2026-08,,https://universoeletrico.com.br/eletrico/produto/marcador-de-fio-075mm%c2%b2-4mm%c2%b2-numero-5-100-pcs-fgt1-5-100/
19158,"MARCADOR DE FIO 0,75mm² – 4mm² (NUMERO 4) – 100 pcs FGT1 4 100",FRONTEC,Material Elétrico,sem_par,sem_par,0.206,,,,,,2026-08,,https://universoeletrico.com.br/eletrico/produto/marcador-de-fio-075mm%c2%b2-4mm%c2%b2-numero-4-100-pcs-fgt1-4-100/
19157,"MARCADOR DE FIO 0,75mm² – 4mm² (NUMERO 3) – 100 pcs FGT1 3 100",FRONTEC,Material Elétrico,sem_par,sem_par,0.191,,,,,,2026-08,,https://universoeletrico.com.br/eletrico/produto/marcador-de-fio-075mm%c2%b2-4mm%c2%b2-numero-3-100-pcs-fgt1-3-100/
19156,"MARCADOR DE FIO 0,75mm² – 4mm² (NUMERO 2) – 100 pcs FGT1 2 100",FRONTEC,Material Elétrico,sem_par,sem_par,0.199,,,,,,2026-08,,https://universoeletrico.com.br/eletrico/produto/marcador-de-fio-075mm%c2%b2-4mm%c2%b2-numero-2-100-pcs-fgt1-2-100/
19155,"MARCADOR DE FIO 0,75mm² – 4mm² (NUMERO 1) – 100 pcs FGT1 1 100",FRONTEC,Material Elétrico,sem_par,sem_par,0.202,,,,,,2026-08,,https://universoeletrico.com.br/eletrico/produto/marcador-de-fio-075mm%c2%b2-4mm%c2%b2-numero-1-100-pcs-fgt1-1-100/
19154,"MARCADOR DE FIO 0,75mm² – 4mm² (NUMERO 0) – 100 pcs FGT1 0 100",FRONTEC,Material Elétrico,sem_par,sem_par,0.16,,,,,,2026-08,,https://universoeletrico.com.br/eletrico/produto/marcador-de-fio-075mm%c2%b2-4mm%c2%b2-numero-0-100-pcs-fgt1-0-100/
9060,"*DISJ.2X0016A SHB16 C220 4,5KA DIN SOPRA",SOPRANO,Material Elétrico,sem_par,sem_par,0.175,,,,,,2026-08,,https://universoeletrico.com.br/eletrico/produto/disj-2x0016a-shb16-c220-45ka-din-sopra/
9061,"*DISJ.1X0010A SHB10 C220 4,5KA DIN SOPRA",SOPRANO,Material Elétrico,sem_par,sem_par,0.178,,,,,,2026-08,,https://universoeletrico.com.br/eletrico/produto/disj-1x0010a-shb10-c220-45ka-din-sopra/
9062,*DISJ.3X0080A SHB80 C220 10KA DIN SOPRA,SOPRANO,Material Elétrico,sem_par,sem_par,0.175,,,,,,2026-08,,https://universoeletrico.com.br/eletrico/produto/disj-3x0080a-shb80-c220-10ka-din-sopra/
9058,*DISJ.3X0100A SHB100 C220 10KA DIN SOPRA,SOPRANO,Material Elétrico,sem_par,sem_par,0.198,,,,,,2026-08,,https://universoeletrico.com.br/eletrico/produto/disj-3x0100a-shb100-c220-10ka-din-sopra/
9059,"*DISJ.2X0025A SHB25 C220 4,5KA DIN SOPRA",SOPRANO,Material Elétrico,sem_par,sem_par,0.175,,,,,,2026-08,,https://universoeletrico.com.br/eletrico/produto/disj-2x0025a-shb25-c220-45ka-din-sopra/
9063,"DISJ.3X00A SHB40 C220 4,5KA DIN SOPRA",SOPRANO,Material Elétrico,sem_par,sem_par,0.181,,,,,,2026-08,,https://universoeletrico.com.br/eletrico/produto/disj-3x00a-shb40-c220-45ka-din-sopra/
9112,KIT BARRAMENTO BIFÁSICO 225A 70DIN,,Material Elétrico,sem_par,sem_par,0.178,,,,,,2026-08,,https://universoeletrico.com.br/eletrico/produto/kit-barramento-bifasico-225a-70din/
9111,KIT BARRAMENTO BIFÁSICO 150A 4D IN,,Material Elétrico,sem_par,sem_par,0.14,,,,,,2026-08,,https://universoeletrico.com.br/eletrico/produto/kit-barramento-bifasico-150a-4d-in/
9043,CONECTOR 20MM PARA DISJUNTOR,SOPRANO,Material Elétrico,sem_par,media,0.515,,,,,,2026-08,conector 20mm sem equivalente,https://universoeletrico.com.br/eletrico/produto/conector-20mm-para-disjuntor/
9031,DISJUNTOR TERMOMAGNETICO TRIPOLAR 70A,SOPRANO,Material Elétrico,sem_par,sem_par,0.226,,,,,,2026-08,,https://universoeletrico.com.br/eletrico/produto/disjuntor-termomagnetico-tripolar-70a/
9032,DISJUNTOR TERMOMAGNETICO TRIPOLAR 90A,SOPRANO,Material Elétrico,sem_par,sem_par,0.225,,,,,,2026-08,,https://universoeletrico.com.br/eletrico/produto/disjuntor-termomagnetico-tripolar-90a/
9033,DISJUNTOR TERMOMAGNETICO TRIPOLAR 100A,SOPRANO,Material Elétrico,alta,alta,0.718,34729,"DISJUNTOR TERMOMAGNETICO AJUSTAVEL, TRIPOLAR DE 100 ATE 250A, CAPACIDADE DE INTERRUPCAO DE 35KA",UN,1366.23,1366.23,2026-08,,https://universoeletrico.com.br/eletrico/produto/disjuntor-termomagnetico-tripolar-100a/
9009,DISJUNTOR TERMOMAGNETICO MONOPOLAR 60A,SOPRANO,Material Elétrico,revisado,baixa,0.496,34689,"DISJUNTOR TIPO NEMA, MONOPOLAR DE 60 ATE 70A, TENSAO MAXIMA DE 240 V",UN,35.72,35.72,2026-08,NEMA mono 60-70A,https://universoeletrico.com.br/eletrico/produto/disjuntor-termomagnetico-monopolar-60a/
9023,DISJUNTOR TERMOMAGNETICO TRIPOLAR 15A,SOPRANO,Material Elétrico,sem_par,sem_par,0.227,,,,,,2026-08,,https://universoeletrico.com.br/eletrico/produto/disjuntor-termomagnetico-tripolar-15a/
9005,DISJUNTOR TERMOMAGNETICO MONOPOLAR 30A,SOPRANO,Material Elétrico,familia,media,0.533,2370,"DISJUNTOR TIPO NEMA, MONOPOLAR 10 ATE 30A, TENSAO MAXIMA DE 240 V",UN,13.59,13.59,2026-08,30A: DIN ou NEMA indefinido,https://universoeletrico.com.br/eletrico/produto/disjuntor-termomagnetico-monopolar-30a/
9010,DISJUNTOR TERMOMAGNETICO BIPOLAR 70A,SOPRANO,Material Elétrico,sem_par,sem_par,0.217,,,,,,2026-08,,https://universoeletrico.com.br/eletrico/produto/disjuntor-termomagnetico-bipolar-70a/
9011,DISJUNTOR TERMOMAGNETICO BIPOLAR 10A,SOPRANO,Material Elétrico,familia,baixa,0.476,2388,"DISJUNTOR TIPO NEMA, BIPOLAR 10 ATE 50 A, TENSAO MAXIMA 415 V",UN,73.14,73.14,2026-08,bipolar 10A: DIN ou NEMA indefinido,https://universoeletrico.com.br/eletrico/produto/disjuntor-termomagnetico-bipolar-10a/
9012,DISJUNTOR TERMOMAGNETICO BIPOLAR 15A,SOPRANO,Material Elétrico,sem_par,sem_par,0.22,,,,,,2026-08,,https://universoeletrico.com.br/eletrico/produto/disjuntor-termomagnetico-bipolar-15a/
9013,DISJUNTOR TERMOMAGNETICO BIPOLAR 20A,SOPRANO,Material Elétrico,sem_par,sem_par,0.218,,,,,,2026-08,,https://universoeletrico.com.br/eletrico/produto/disjuntor-termomagnetico-bipolar-20a/
9014,DISJUNTOR TERMOMAGNETICO BIPOLAR 25A,SOPRANO,Material Elétrico,sem_par,sem_par,0.282,,,,,,2026-08,,https://universoeletrico.com.br/eletrico/produto/disjuntor-termomagnetico-bipolar-25a/
9015,DISJUNTOR TERMOMAGNETICO BIPOLAR 30A,SOPRANO,Material Elétrico,sem_par,sem_par,0.22,,,,,,2026-08,,https://universoeletrico.com.br/eletrico/produto/disjuntor-termomagnetico-bipolar-30a/
9016,DISJUNTOR TERMOMAGNETICO BIPOLAR 35A,SOPRANO,Material Elétrico,sem_par,sem_par,0.276,,,,,,2026-08,,https://universoeletrico.com.br/eletrico/produto/disjuntor-termomagnetico-bipolar-35a/
9017,DISJUNTOR TERMOMAGNETICO BIPOLAR 40A,SOPRANO,Material Elétrico,alta,alta,0.724,34623,"DISJUNTOR TERMOMAGNETICO PARA TRILHO DIN (IEC), BIPOLAR, 40 - 50 A",UN,59.22,59.22,2026-08,,https://universoeletrico.com.br/eletrico/produto/disjuntor-termomagnetico-bipolar-40a/
9018,DISJUNTOR TERMOMAGNETICO BIPOLAR 50A,SOPRANO,Material Elétrico,alta,alta,0.767,34623,"DISJUNTOR TERMOMAGNETICO PARA TRILHO DIN (IEC), BIPOLAR, 40 - 50 A",UN,59.22,59.22,2026-08,,https://universoeletrico.com.br/eletrico/produto/disjuntor-termomagnetico-bipolar-50a/
9019,DISJUNTOR TERMOMAGNETICO BIPOLAR 60A,SOPRANO,Material Elétrico,revisado,baixa,0.471,34606,"DISJUNTOR TIPO NEMA, BIPOLAR 60 ATE 100A, TENSAO MAXIMA 415 V",UN,112.19,112.19,2026-08,NEMA bipolar 60-100A,https://universoeletrico.com.br/eletrico/produto/disjuntor-termomagnetico-bipolar-60a/
9022,DISJUNTOR TERMOMAGNETICO TRIPOLAR 10A,SOPRANO,Material Elétrico,alta,alta,0.746,34709,"DISJUNTOR TERMOMAGNETICO PARA TRILHO DIN (IEC), TRIPOLAR, 10 - 50 A",UN,73.69,73.69,2026-08,,https://universoeletrico.com.br/eletrico/produto/disjuntor-termomagnetico-tripolar-10a/
9024,DISJUNTOR TERMOMAGNETICO TRIPOLAR 20A,SOPRANO,Material Elétrico,sem_par,sem_par,0.228,,,,,,2026-08,,https://universoeletrico.com.br/eletrico/produto/disjuntor-termomagnetico-tripolar-20a/
9025,DISJUNTOR TERMOMAGNETICO TRIPOLAR 25A,SOPRANO,Material Elétrico,alta,alta,0.779,34705,DISJUNTOR TERMOMAGNETICO TRIPOLAR 3 X 250 A/ICC - 25 KA,UN,937.36,937.36,2026-08,,https://universoeletrico.com.br/eletrico/produto/disjuntor-termomagnetico-tripolar-25a/
9026,DISJUNTOR TERMOMAGNETICO TRIPOLAR 30A,SOPRANO,Material Elétrico,sem_par,sem_par,0.228,,,,,,2026-08,,https://universoeletrico.com.br/eletrico/produto/disjuntor-termomagnetico-tripolar-30a/
9027,DISJUNTOR TERMOMAGNETICO TRIPOLAR 35A,SOPRANO,Material Elétrico,alta,alta,0.739,2374,"DISJUNTOR TERMOMAGNETICO TRIPOLAR 150 A / 600 V, TIPO FXD / ICC - 35 KA",UN,456.01,456.01,2026-08,,https://universoeletrico.com.br/eletrico/produto/disjuntor-termomagnetico-tripolar-35a/
9028,DISJUNTOR TERMOMAGNETICO TRIPOLAR 40A,SOPRANO,Material Elétrico,alta,alta,0.745,2376,"DISJUNTOR TERMOMAGNETICO TRIPOLAR 600 A / 600 V, TIPO LXD / ICC - 40 KA",UN,2424.59,2424.59,2026-08,,https://universoeletrico.com.br/eletrico/produto/disjuntor-termomagnetico-tripolar-40a/
9029,DISJUNTOR TERMOMAGNETICO TRIPOLAR 50A,SOPRANO,Material Elétrico,alta,alta,0.782,34709,"DISJUNTOR TERMOMAGNETICO PARA TRILHO DIN (IEC), TRIPOLAR, 10 - 50 A",UN,73.69,73.69,2026-08,,https://universoeletrico.com.br/eletrico/produto/disjuntor-termomagnetico-tripolar-50a/
9030,DISJUNTOR TERMOMAGNETICO TRIPOLAR 60A,SOPRANO,Material Elétrico,revisado,baixa,0.48,2373,"DISJUNTOR TIPO NEMA, TRIPOLAR 60 ATE 100 A, TENSAO MAXIMA DE 415 V",UN,128.53,128.53,2026-08,NEMA tripolar 60-100A,https://universoeletrico.com.br/eletrico/produto/disjuntor-termomagnetico-tripolar-60a/
9044,DISJUNTOR TERMOMAGNETICO 3X500A,SOPRANO,Material Elétrico,sem_par,baixa,0.538,,,,,,2026-08,3x500A inexistente,https://universoeletrico.com.br/eletrico/produto/disjuntor-termomagnetico-3x500a/
9042,DISJUNTOR TERMOMAGNETICO TRIPOLAR 400A,SOPRANO,Material Elétrico,alta,alta,0.835,2379,"DISJUNTOR TERMOMAGNETICO TRIPOLAR 400 A / 600 V, TIPO JXD / ICC - 40 KA",UN,1472.13,1472.13,2026-08,,https://universoeletrico.com.br/eletrico/produto/disjuntor-termomagnetico-tripolar-400a/
9041,DISJUNTOR TERMOMAGNETICO TRIPOLAR 300A,SOPRANO,Material Elétrico,alta,alta,0.831,2378,"DISJUNTOR TERMOMAGNETICO TRIPOLAR 300 A / 600 V, TIPO JXD / ICC - 40 KA",UN,1472.13,1472.13,2026-08,,https://universoeletrico.com.br/eletrico/produto/disjuntor-termomagnetico-tripolar-300a/
9047,DISJUNTOR TRIPOLAR 3X600A 65KA,SOPRANO,Material Elétrico,sem_par,baixa,0.409,,,,,,2026-08,3x600A inexistente,https://universoeletrico.com.br/eletrico/produto/disjuntor-tripolar-3x600a-65ka/
9040,DISJUNTOR TERMOMAGNETICO TRIPOLAR 250A,SOPRANO,Material Elétrico,alta,alta,0.872,2393,"DISJUNTOR TERMOMAGNETICO TRIPOLAR 250 A / 600 V, TIPO FXD",UN,1071.7,1071.7,2026-08,,https://universoeletrico.com.br/eletrico/produto/disjuntor-termomagnetico-tripolar-250a/
9034,DISJUNTOR TERMOMAGNETICO TRIPOLAR 120A,SOPRANO,Material Elétrico,sem_par,sem_par,0.228,,,,,,2026-08,,https://universoeletrico.com.br/eletrico/produto/disjuntor-termomagnetico-tripolar-120a/
9039,DISJUNTOR TERMOMAGNETICO TRIPOLAR 225A,SOPRANO,Material Elétrico,sem_par,sem_par,0.233,,,,,,2026-08,,https://universoeletrico.com.br/eletrico/produto/disjuntor-termomagnetico-tripolar-225a/
9035,DISJUNTOR TERMOMAGNETICO TRIPOLAR 125A,SOPRANO,Material Elétrico,alta,alta,0.855,2391,DISJUNTOR TERMOMAGNETICO TRIPOLAR 125 A / 425 V / ICC - 25 KA,UN,401.96,401.96,2026-08,,https://universoeletrico.com.br/eletrico/produto/disjuntor-termomagnetico-tripolar-125a/
9037,DISJUNTOR TERMOMAGNETICO TRIPOLAR 175A,SOPRANO,Material Elétrico,sem_par,sem_par,0.226,,,,,,2026-08,,https://universoeletrico.com.br/eletrico/produto/disjuntor-termomagnetico-tripolar-175a/
9006,DISJUNTOR TERMOMAGNETICO MONOPOLAR 35A,SOPRANO,Material Elétrico,revisado,baixa,0.478,2386,"DISJUNTOR TIPO NEMA, MONOPOLAR 35 ATE 50 A, TENSAO MAXIMA DE 240 V",UN,22.8,22.8,2026-08,NEMA mono 35-50A,https://universoeletrico.com.br/eletrico/produto/disjuntor-termomagnetico-monopolar-35a/
9004,DISJUNTOR TERMOMAGNETICO MONOPOLAR 25A,SOPRANO,Material Elétrico,sem_par,sem_par,0.304,,,,,,2026-08,,https://universoeletrico.com.br/eletrico/produto/disjuntor-termomagnetico-monopolar-25a/
9003,DISJUNTOR TERMOMAGNETICO MONOPOLAR 20A,SOPRANO,Material Elétrico,sem_par,sem_par,0.266,,,,,,2026-08,,https://universoeletrico.com.br/eletrico/produto/disjuntor-termomagnetico-monopolar-20a/
9002,DISJUNTOR TERMOMAGNETICO MONOPOLAR 15A,SOPRANO,Material Elétrico,sem_par,sem_par,0.224,,,,,,2026-08,,https://universoeletrico.com.br/eletrico/produto/disjuntor-termomagnetico-monopolar-15a/
9001,DISJUNTOR TERMOMAGNETICO MONOPOLAR 10A,SOPRANO,Material Elétrico,familia,baixa,0.491,2370,"DISJUNTOR TIPO NEMA, MONOPOLAR 10 ATE 30A, TENSAO MAXIMA DE 240 V",UN,13.59,13.59,2026-08,10A: DIN ou NEMA indefinido,https://universoeletrico.com.br/eletrico/produto/disjuntor-termomagnetico-monopolar-10a/
9007,DISJUNTOR TERMOMAGNETICO MONOPOLAR 40A,SOPRANO,Material Elétrico,alta,alta,0.744,34686,"DISJUNTOR TERMOMAGNETICO PARA TRILHO DIN (IEC), MONOPOLAR, 40 - 50 A",UN,15.56,15.56,2026-08,,https://universoeletrico.com.br/eletrico/produto/disjuntor-termomagnetico-monopolar-40a/
9008,DISJUNTOR TERMOMAGNETICO MONOPOLAR 50A,SOPRANO,Material Elétrico,alta,alta,0.784,34686,"DISJUNTOR TERMOMAGNETICO PARA TRILHO DIN (IEC), MONOPOLAR, 40 - 50 A",UN,15.56,15.56,2026-08,,https://universoeletrico.com.br/eletrico/produto/disjuntor-termomagnetico-monopolar-50a/
9108,ACOP. ACS-4256-32A-3P+T-380440VCA-IP44-6H,SOPRANO,Material Elétrico,sem_par,sem_par,0.14,,,,,,2026-08,,https://universoeletrico.com.br/eletrico/produto/acop-acs-4256-32a-3pt-380440vca-ip44-6h/
9106,ACOP. ACS-3056-16A-2P+T-220240VCA-IP44-6H,SOPRANO,Material Elétrico,sem_par,sem_par,0.164,,,,,,2026-08,,https://universoeletrico.com.br/eletrico/produto/acop-acs-3056-16a-2pt-220240vca-ip44-6h/
9107,PLUG. PLS-4276-32A-3P+T-380440VCA-IP44-6H,SOPRANO,Material Elétrico,sem_par,sem_par,0.142,,,,,,2026-08,,https://universoeletrico.com.br/eletrico/produto/plug-pls-4276-32a-3pt-380440vca-ip44-6h/
9105,PLUG. PLS-3076-16A-2P+T-220240VCA-IP44-6H,SOPRANO,Material Elétrico,sem_par,sem_par,0.151,,,,,,2026-08,,https://universoeletrico.com.br/eletrico/produto/plug-pls-3076-16a-2pt-220240vca-ip44-6h/
9104,DISJ. SHB3 GIII-C063A,SOPRANO,Material Elétrico,sem_par,sem_par,0.099,,,,,,2026-08,,https://universoeletrico.com.br/eletrico/produto/disj-shb3-giii-c063a/
9103,DISJ. SHB3 GIII-C032A,SOPRANO,Material Elétrico,sem_par,sem_par,0.19,,,,,,2026-08,,https://universoeletrico.com.br/eletrico/produto/disj-shb3-giii-c032a/
9101,DISJ. SHB1 GIII-C063A,SOPRANO,Material Elétrico,sem_par,sem_par,0.216,,,,,,2026-08,,https://universoeletrico.com.br/eletrico/produto/disj-shb1-giii-c063a/
2071,"Carretel Cabo FlexSil 750 V 4,00 Verde/Amarelo 00789.019",SIL,Condutores,alta,alta,0.642,981,"CABO DE COBRE, FLEXIVEL, CLASSE 4 OU 5, ISOLACAO EM PVC/A, ANTICHAMA BWF-B, 1 CONDUTOR, 450/750 V, SECAO NOMINAL 4 MM2",M,4.84,4.84,2026-08,,https://universoeletrico.com.br/eletrico/produto/carretel-cabo-flexsil-750-v-400-verde-amarelo-00789-019/
2062,"Carretel Cabo FlexSil 750 V 2,50 Cinza 00089.018",SIL,Condutores,alta,alta,0.661,1014,"CABO DE COBRE, FLEXIVEL, CLASSE 4 OU 5, ISOLACAO EM PVC/A, ANTICHAMA BWF-B, 1 CONDUTOR, 450/750 V, SECAO NOMINAL 2,5 MM2",M,2.92,2.92,2026-08,,https://universoeletrico.com.br/eletrico/produto/carretel-cabo-flexsil-750-v-250-cinza-00089-018/
2055,"Carretel Cabo FlexSil 750 V 1,50 Verde/Amarelo 00089.017",SIL,Condutores,alta,alta,0.649,1013,"CABO DE COBRE, FLEXIVEL, CLASSE 4 OU 5, ISOLACAO EM PVC/A, ANTICHAMA BWF-B, 1 CONDUTOR, 450/750 V, SECAO NOMINAL 1,5 MM2",M,1.84,1.84,2026-08,,https://universoeletrico.com.br/eletrico/produto/carretel-cabo-flexsil-750-v-150-verde-amarelo-00089-017/
2070,"Carretel Cabo FlexSil 750 V 4,00 Cinza 00789.019",SIL,Condutores,alta,alta,0.659,981,"CABO DE COBRE, FLEXIVEL, CLASSE 4 OU 5, ISOLACAO EM PVC/A, ANTICHAMA BWF-B, 1 CONDUTOR, 450/750 V, SECAO NOMINAL 4 MM2",M,4.84,4.84,2026-08,,https://universoeletrico.com.br/eletrico/produto/carretel-cabo-flexsil-750-v-400-cinza-00789-019/
2069,"Carretel Cabo FlexSil 750 V 4,00 Amarelo 00789.019",SIL,Condutores,alta,alta,0.648,981,"CABO DE COBRE, FLEXIVEL, CLASSE 4 OU 5, ISOLACAO EM PVC/A, ANTICHAMA BWF-B, 1 CONDUTOR, 450/750 V, SECAO NOMINAL 4 MM2",M,4.84,4.84,2026-08,,https://universoeletrico.com.br/eletrico/produto/carretel-cabo-flexsil-750-v-400-amarelo-00789-019/
2063,"Carretel Cabo FlexSil 750 V 2,50 Verde/Amarelo 00089.018",SIL,Condutores,alta,alta,0.648,1014,"CABO DE COBRE, FLEXIVEL, CLASSE 4 OU 5, ISOLACAO EM PVC/A, ANTICHAMA BWF-B, 1 CONDUTOR, 450/750 V, SECAO NOMINAL 2,5 MM2",M,2.92,2.92,2026-08,,https://universoeletrico.com.br/eletrico/produto/carretel-cabo-flexsil-750-v-250-verde-amarelo-00089-018/
2079,"Carretel Cabo FlexSil 750 V 6,00 Verde/Amarelo 00789.020",SIL,Condutores,alta,alta,0.643,982,"CABO DE COBRE, FLEXIVEL, CLASSE 4 OU 5, ISOLACAO EM PVC/A, ANTICHAMA BWF-B, 1 CONDUTOR, 450/750 V, SECAO NOMINAL 6 MM2",M,6.96,6.96,2026-08,,https://universoeletrico.com.br/eletrico/produto/carretel-cabo-flexsil-750-v-600-verde-amarelo-00789-020/
2078,"Carretel Cabo FlexSil 750 V 6,00 Cinza 00789.020",SIL,Condutores,alta,alta,0.662,982,"CABO DE COBRE, FLEXIVEL, CLASSE 4 OU 5, ISOLACAO EM PVC/A, ANTICHAMA BWF-B, 1 CONDUTOR, 450/750 V, SECAO NOMINAL 6 MM2",M,6.96,6.96,2026-08,,https://universoeletrico.com.br/eletrico/produto/carretel-cabo-flexsil-750-v-600-cinza-00789-020/
2077,"Carretel Cabo FlexSil 750 V 6,00 Amarelo 00789.020",SIL,Condutores,alta,alta,0.651,982,"CABO DE COBRE, FLEXIVEL, CLASSE 4 OU 5, ISOLACAO EM PVC/A, ANTICHAMA BWF-B, 1 CONDUTOR, 450/750 V, SECAO NOMINAL 6 MM2",M,6.96,6.96,2026-08,,https://universoeletrico.com.br/eletrico/produto/carretel-cabo-flexsil-750-v-600-amarelo-00789-020/
2074,"Carretel Cabo FlexSil 750 V 6,00 Azul 00789.020",SIL,Condutores,alta,alta,0.659,982,"CABO DE COBRE, FLEXIVEL, CLASSE 4 OU 5, ISOLACAO EM PVC/A, ANTICHAMA BWF-B, 1 CONDUTOR, 450/750 V, SECAO NOMINAL 6 MM2",M,6.96,6.96,2026-08,,https://universoeletrico.com.br/eletrico/produto/carretel-cabo-flexsil-750-v-600-azul-00789-020/
2076,"Carretel Cabo FlexSil 750 V 6,00 Branco 00789.020",SIL,Condutores,alta,alta,0.654,982,"CABO DE COBRE, FLEXIVEL, CLASSE 4 OU 5, ISOLACAO EM PVC/A, ANTICHAMA BWF-B, 1 CONDUTOR, 450/750 V, SECAO NOMINAL 6 MM2",M,6.96,6.96,2026-08,,https://universoeletrico.com.br/eletrico/produto/carretel-cabo-flexsil-750-v-600-branco-00789-020/
2075,"Carretel Cabo FlexSil 750 V 6,00 Preto 00789.020",SIL,Condutores,alta,alta,0.66,982,"CABO DE COBRE, FLEXIVEL, CLASSE 4 OU 5, ISOLACAO EM PVC/A, ANTICHAMA BWF-B, 1 CONDUTOR, 450/750 V, SECAO NOMINAL 6 MM2",M,6.96,6.96,2026-08,,https://universoeletrico.com.br/eletrico/produto/carretel-cabo-flexsil-750-v-600-preto-00789-020/
2073,"Carretel Cabo FlexSil 750 V 6,00 Verde 00789.020",SIL,Condutores,alta,alta,0.661,982,"CABO DE COBRE, FLEXIVEL, CLASSE 4 OU 5, ISOLACAO EM PVC/A, ANTICHAMA BWF-B, 1 CONDUTOR, 450/750 V, SECAO NOMINAL 6 MM2",M,6.96,6.96,2026-08,,https://universoeletrico.com.br/eletrico/produto/carretel-cabo-flexsil-750-v-600-verde-00789-020/
2072,"Carretel Cabo FlexSil 750 V 6,00 Vermelho 00789.020",SIL,Condutores,alta,alta,0.65,982,"CABO DE COBRE, FLEXIVEL, CLASSE 4 OU 5, ISOLACAO EM PVC/A, ANTICHAMA BWF-B, 1 CONDUTOR, 450/750 V, SECAO NOMINAL 6 MM2",M,6.96,6.96,2026-08,,https://universoeletrico.com.br/eletrico/produto/carretel-cabo-flexsil-750-v-600-vermelho-00789-020/
2066,"Carretel Cabo FlexSil 750 V 4,00 Azul 00789.019",SIL,Condutores,alta,alta,0.655,981,"CABO DE COBRE, FLEXIVEL, CLASSE 4 OU 5, ISOLACAO EM PVC/A, ANTICHAMA BWF-B, 1 CONDUTOR, 450/750 V, SECAO NOMINAL 4 MM2",M,4.84,4.84,2026-08,,https://universoeletrico.com.br/eletrico/produto/carretel-cabo-flexsil-750-v-400-azul-00789-019/
2068,"Carretel Cabo FlexSil 750 V 4,00 Branco 00789.019",SIL,Condutores,alta,alta,0.651,981,"CABO DE COBRE, FLEXIVEL, CLASSE 4 OU 5, ISOLACAO EM PVC/A, ANTICHAMA BWF-B, 1 CONDUTOR, 450/750 V, SECAO NOMINAL 4 MM2",M,4.84,4.84,2026-08,,https://universoeletrico.com.br/eletrico/produto/carretel-cabo-flexsil-750-v-400-branco-00789-019/
2067,"Carretel Cabo FlexSil 750 V 4,00 Preto 00789.019",SIL,Condutores,alta,alta,0.658,981,"CABO DE COBRE, FLEXIVEL, CLASSE 4 OU 5, ISOLACAO EM PVC/A, ANTICHAMA BWF-B, 1 CONDUTOR, 450/750 V, SECAO NOMINAL 4 MM2",M,4.84,4.84,2026-08,,https://universoeletrico.com.br/eletrico/produto/carretel-cabo-flexsil-750-v-400-preto-00789-019/
2065,"Carretel Cabo FlexSil 750 V 4,00 Verde 00789.019",SIL,Condutores,alta,alta,0.656,981,"CABO DE COBRE, FLEXIVEL, CLASSE 4 OU 5, ISOLACAO EM PVC/A, ANTICHAMA BWF-B, 1 CONDUTOR, 450/750 V, SECAO NOMINAL 4 MM2",M,4.84,4.84,2026-08,,https://universoeletrico.com.br/eletrico/produto/carretel-cabo-flexsil-750-v-400-verde-00789-019/
2064,"Carretel Cabo FlexSil 750 V 4,00 Vermelho 00789.019",SIL,Condutores,alta,alta,0.647,981,"CABO DE COBRE, FLEXIVEL, CLASSE 4 OU 5, ISOLACAO EM PVC/A, ANTICHAMA BWF-B, 1 CONDUTOR, 450/750 V, SECAO NOMINAL 4 MM2",M,4.84,4.84,2026-08,,https://universoeletrico.com.br/eletrico/produto/carretel-cabo-flexsil-750-v-400-vermelho-00789-019/
2084,"Carrt Cord Flex Paralelo SIL 300 V 2,50 Branco 00775.018",SIL,Condutores,sem_par,sem_par,0.303,,,,,,2026-08,,https://universoeletrico.com.br/eletrico/produto/carrt-cord-flex-paralelo-sil-300-v-250-branco-00775-018/
2085,"Carrt Cord Flex Paralelo SIL 300 V 2,50 Marrom 00775.018",SIL,Condutores,sem_par,sem_par,0.303,,,,,,2026-08,,https://universoeletrico.com.br/eletrico/produto/carrt-cord-flex-paralelo-sil-300-v-250-marrom-00775-018/
2082,"Carrt Cord Flex Paralelo SIL 300 V 1,50 Branco 00775.017",SIL,Condutores,sem_par,sem_par,0.303,,,,,,2026-08,,https://universoeletrico.com.br/eletrico/produto/carrt-cord-flex-paralelo-sil-300-v-150-branco-00775-017/
2083,"Carrt Cord Flex Paralelo SIL 300 V 1,50 Marrom 00775.017",SIL,Condutores,sem_par,sem_par,0.299,,,,,,2026-08,,https://universoeletrico.com.br/eletrico/produto/carrt-cord-flex-paralelo-sil-300-v-150-marrom-00775-017/
2080,"Carrt Cord Flex Paralelo SIL 300 V 1,00 Branco 00775.016",SIL,Condutores,sem_par,sem_par,0.301,,,,,,2026-08,,https://universoeletrico.com.br/eletrico/produto/carrt-cord-flex-paralelo-sil-300-v-100-branco-00775-016/
2081,"Carrt Cord Flex Paralelo SIL 300 V 1,00 Marrom 00775.016",SIL,Condutores,sem_par,sem_par,0.302,,,,,,2026-08,,https://universoeletrico.com.br/eletrico/produto/carrt-cord-flex-paralelo-sil-300-v-100-marrom-00775-016/
2087,"Carrt Cord Flex Paralelo SIL 300 V 0,75 Branco 00775.014",SIL,Condutores,sem_par,sem_par,0.306,,,,,,2026-08,,https://universoeletrico.com.br/eletrico/produto/carrt-cord-flex-paralelo-sil-300-v-075-branco-00775-014/
2086,"Carrt Cord Flex Paralelo SIL 300 V 0,75 Marrom 00775.014",SIL,Condutores,sem_par,sem_par,0.302,,,,,,2026-08,,https://universoeletrico.com.br/eletrico/produto/carrt-cord-flex-paralelo-sil-300-v-075-marrom-00775-014/
2061,"Carretel Cabo FlexSil 750 V 2,50 Amarelo 00089.018",SIL,Condutores,alta,alta,0.654,1014,"CABO DE COBRE, FLEXIVEL, CLASSE 4 OU 5, ISOLACAO EM PVC/A, ANTICHAMA BWF-B, 1 CONDUTOR, 450/750 V, SECAO NOMINAL 2,5 MM2",M,2.92,2.92,2026-08,,https://universoeletrico.com.br/eletrico/produto/carretel-cabo-flexsil-750-v-250-amarelo-00089-018/
2058,"Carretel Cabo FlexSil 750 V 2,50 Azul 00089.018",SIL,Condutores,alta,alta,0.66,1014,"CABO DE COBRE, FLEXIVEL, CLASSE 4 OU 5, ISOLACAO EM PVC/A, ANTICHAMA BWF-B, 1 CONDUTOR, 450/750 V, SECAO NOMINAL 2,5 MM2",M,2.92,2.92,2026-08,,https://universoeletrico.com.br/eletrico/produto/carretel-cabo-flexsil-750-v-250-azul-00089-018/
2060,"Carretel Cabo FlexSil 750 V 2,50 Branco 00089.018",SIL,Condutores,alta,alta,0.656,1014,"CABO DE COBRE, FLEXIVEL, CLASSE 4 OU 5, ISOLACAO EM PVC/A, ANTICHAMA BWF-B, 1 CONDUTOR, 450/750 V, SECAO NOMINAL 2,5 MM2",M,2.92,2.92,2026-08,,https://universoeletrico.com.br/eletrico/produto/carretel-cabo-flexsil-750-v-250-branco-00089-018/
2059,"Carretel Cabo FlexSil 750 V 2,50 Preto 00089.018",SIL,Condutores,alta,alta,0.662,1014,"CABO DE COBRE, FLEXIVEL, CLASSE 4 OU 5, ISOLACAO EM PVC/A, ANTICHAMA BWF-B, 1 CONDUTOR, 450/750 V, SECAO NOMINAL 2,5 MM2",M,2.92,2.92,2026-08,,https://universoeletrico.com.br/eletrico/produto/carretel-cabo-flexsil-750-v-250-preto-00089-018/
2057,"Carretel Cabo FlexSil 750 V 2,50 Verde 00089.018",SIL,Condutores,alta,alta,0.659,1014,"CABO DE COBRE, FLEXIVEL, CLASSE 4 OU 5, ISOLACAO EM PVC/A, ANTICHAMA BWF-B, 1 CONDUTOR, 450/750 V, SECAO NOMINAL 2,5 MM2",M,2.92,2.92,2026-08,,https://universoeletrico.com.br/eletrico/produto/carretel-cabo-flexsil-750-v-250-verde-00089-018/
2056,"Carretel Cabo FlexSil 750 V 2,50 Vermelho 00089.018",SIL,Condutores,alta,alta,0.652,1014,"CABO DE COBRE, FLEXIVEL, CLASSE 4 OU 5, ISOLACAO EM PVC/A, ANTICHAMA BWF-B, 1 CONDUTOR, 450/750 V, SECAO NOMINAL 2,5 MM2",M,2.92,2.92,2026-08,,https://universoeletrico.com.br/eletrico/produto/carretel-cabo-flexsil-750-v-250-vermelho-00089-018/
2053,"Carretel Cabo FlexSil 750 V 1,50 Amarelo 00089.017",SIL,Condutores,alta,alta,0.654,1013,"CABO DE COBRE, FLEXIVEL, CLASSE 4 OU 5, ISOLACAO EM PVC/A, ANTICHAMA BWF-B, 1 CONDUTOR, 450/750 V, SECAO NOMINAL 1,5 MM2",M,1.84,1.84,2026-08,,https://universoeletrico.com.br/eletrico/produto/carretel-cabo-flexsil-750-v-150-amarelo-00089-017/
2050,"Carretel Cabo FlexSil 750 V 1,50 Azul 00089.017",SIL,Condutores,alta,alta,0.66,1013,"CABO DE COBRE, FLEXIVEL, CLASSE 4 OU 5, ISOLACAO EM PVC/A, ANTICHAMA BWF-B, 1 CONDUTOR, 450/750 V, SECAO NOMINAL 1,5 MM2",M,1.84,1.84,2026-08,,https://universoeletrico.com.br/eletrico/produto/carretel-cabo-flexsil-750-v-150-azul-00089-017/
2052,"Carretel Cabo FlexSil 750 V 1,50 Branco 00089.017",SIL,Condutores,alta,alta,0.657,1013,"CABO DE COBRE, FLEXIVEL, CLASSE 4 OU 5, ISOLACAO EM PVC/A, ANTICHAMA BWF-B, 1 CONDUTOR, 450/750 V, SECAO NOMINAL 1,5 MM2",M,1.84,1.84,2026-08,,https://universoeletrico.com.br/eletrico/produto/carretel-cabo-flexsil-750-v-150-branco-00089-017/
2054,"Carretel Cabo FlexSil 750 V 1,50 Cinza 00089.017",SIL,Condutores,alta,alta,0.662,1013,"CABO DE COBRE, FLEXIVEL, CLASSE 4 OU 5, ISOLACAO EM PVC/A, ANTICHAMA BWF-B, 1 CONDUTOR, 450/750 V, SECAO NOMINAL 1,5 MM2",M,1.84,1.84,2026-08,,https://universoeletrico.com.br/eletrico/produto/carretel-cabo-flexsil-750-v-150-cinza-00089-017/
2051,"Carretel Cabo FlexSil 750 V 1,50 Preto 00089.017",SIL,Condutores,alta,alta,0.662,1013,"CABO DE COBRE, FLEXIVEL, CLASSE 4 OU 5, ISOLACAO EM PVC/A, ANTICHAMA BWF-B, 1 CONDUTOR, 450/750 V, SECAO NOMINAL 1,5 MM2",M,1.84,1.84,2026-08,,https://universoeletrico.com.br/eletrico/produto/carretel-cabo-flexsil-750-v-150-preto-00089-017/
2049,"Carretel Cabo FlexSil 750 V 1,50 Verde 00089.017",SIL,Condutores,alta,alta,0.659,1013,"CABO DE COBRE, FLEXIVEL, CLASSE 4 OU 5, ISOLACAO EM PVC/A, ANTICHAMA BWF-B, 1 CONDUTOR, 450/750 V, SECAO NOMINAL 1,5 MM2",M,1.84,1.84,2026-08,,https://universoeletrico.com.br/eletrico/produto/carretel-cabo-flexsil-750-v-150-verde-00089-017/
2048,"Carretel Cabo FlexSil 750 V 1,50 Vermelho 00089.017",SIL,Condutores,alta,alta,0.652,1013,"CABO DE COBRE, FLEXIVEL, CLASSE 4 OU 5, ISOLACAO EM PVC/A, ANTICHAMA BWF-B, 1 CONDUTOR, 450/750 V, SECAO NOMINAL 1,5 MM2",M,1.84,1.84,2026-08,,https://universoeletrico.com.br/eletrico/produto/carretel-cabo-flexsil-750-v-150-vermelho-00089-017/
12687,"Cabo FlexSil 750 V 16,00 Azul 00003.022",SIL,Condutores,alta,alta,0.659,979,"CABO DE COBRE, FLEXIVEL, CLASSE 4 OU 5, ISOLACAO EM PVC/A, ANTICHAMA BWF-B, 1 CONDUTOR, 450/750 V, SECAO NOMINAL 16 MM2",M,19.0,19.0,2026-08,,https://universoeletrico.com.br/eletrico/produto/cabo-flexsil-750-v-1600-azul-00003-022/
12688,"Cabo FlexSil 750 V 16,00 Preto 00003.022",SIL,Condutores,alta,alta,0.662,979,"CABO DE COBRE, FLEXIVEL, CLASSE 4 OU 5, ISOLACAO EM PVC/A, ANTICHAMA BWF-B, 1 CONDUTOR, 450/750 V, SECAO NOMINAL 16 MM2",M,19.0,19.0,2026-08,,https://universoeletrico.com.br/eletrico/produto/cabo-flexsil-750-v-1600-preto-00003-022/
12686,"Cabo FlexSil 750 V 16,00 Verde 00003.022",SIL,Condutores,alta,alta,0.658,979,"CABO DE COBRE, FLEXIVEL, CLASSE 4 OU 5, ISOLACAO EM PVC/A, ANTICHAMA BWF-B, 1 CONDUTOR, 450/750 V, SECAO NOMINAL 16 MM2",M,19.0,19.0,2026-08,,https://universoeletrico.com.br/eletrico/produto/cabo-flexsil-750-v-1600-verde-00003-022/
12685,"Cabo FlexSil 750 V 16,00 Vermelho 00003.022",SIL,Condutores,alta,alta,0.649,979,"CABO DE COBRE, FLEXIVEL, CLASSE 4 OU 5, ISOLACAO EM PVC/A, ANTICHAMA BWF-B, 1 CONDUTOR, 450/750 V, SECAO NOMINAL 16 MM2",M,19.0,19.0,2026-08,,https://universoeletrico.com.br/eletrico/produto/cabo-flexsil-750-v-1600-vermelho-00003-022/
12682,"Cabo FlexSil 750 V 10,00 Azul 00003.021",SIL,Condutores,alta,alta,0.659,980,"CABO DE COBRE, FLEXIVEL, CLASSE 4 OU 5, ISOLACAO EM PVC/A, ANTICHAMA BWF-B, 1 CONDUTOR, 450/750 V, SECAO NOMINAL 10 MM2",M,13.3,13.3,2026-08,,https://universoeletrico.com.br/eletrico/produto/cabo-flexsil-750-v-1000-azul-00003-021/
12683,"Cabo FlexSil 750 V 10,00 Preto 00003.021",SIL,Condutores,alta,alta,0.662,980,"CABO DE COBRE, FLEXIVEL, CLASSE 4 OU 5, ISOLACAO EM PVC/A, ANTICHAMA BWF-B, 1 CONDUTOR, 450/750 V, SECAO NOMINAL 10 MM2",M,13.3,13.3,2026-08,,https://universoeletrico.com.br/eletrico/produto/cabo-flexsil-750-v-1000-preto-00003-021/
12681,"Cabo FlexSil 750 V 10,00 Verde 00003.021",SIL,Condutores,alta,alta,0.658,980,"CABO DE COBRE, FLEXIVEL, CLASSE 4 OU 5, ISOLACAO EM PVC/A, ANTICHAMA BWF-B, 1 CONDUTOR, 450/750 V, SECAO NOMINAL 10 MM2",M,13.3,13.3,2026-08,,https://universoeletrico.com.br/eletrico/produto/cabo-flexsil-750-v-1000-verde-00003-021/
12680,"Cabo FlexSil 750 V 10,00 Vermelho 00003.021",SIL,Condutores,alta,alta,0.649,980,"CABO DE COBRE, FLEXIVEL, CLASSE 4 OU 5, ISOLACAO EM PVC/A, ANTICHAMA BWF-B, 1 CONDUTOR, 450/750 V, SECAO NOMINAL 10 MM2",M,13.3,13.3,2026-08,,https://universoeletrico.com.br/eletrico/produto/cabo-flexsil-750-v-1000-vermelho-00003-021/
2047,"Cabo FlexSil 750 V 6,00 Verde/Amarelo 00003.020",SIL,Condutores,alta,alta,0.64,982,"CABO DE COBRE, FLEXIVEL, CLASSE 4 OU 5, ISOLACAO EM PVC/A, ANTICHAMA BWF-B, 1 CONDUTOR, 450/750 V, SECAO NOMINAL 6 MM2",M,6.96,6.96,2026-08,,https://universoeletrico.com.br/eletrico/produto/cabo-flexsil-750-v-600-verde-amarelo-00003-020/
2046,"Cabo FlexSil 750 V 6,00 Cinza 00003.020",SIL,Condutores,alta,alta,0.66,982,"CABO DE COBRE, FLEXIVEL, CLASSE 4 OU 5, ISOLACAO EM PVC/A, ANTICHAMA BWF-B, 1 CONDUTOR, 450/750 V, SECAO NOMINAL 6 MM2",M,6.96,6.96,2026-08,,https://universoeletrico.com.br/eletrico/produto/cabo-flexsil-750-v-600-cinza-00003-020/
2045,"Cabo FlexSil 750 V 6,00 Amarelo 00003.020",SIL,Condutores,alta,alta,0.649,982,"CABO DE COBRE, FLEXIVEL, CLASSE 4 OU 5, ISOLACAO EM PVC/A, ANTICHAMA BWF-B, 1 CONDUTOR, 450/750 V, SECAO NOMINAL 6 MM2",M,6.96,6.96,2026-08,,https://universoeletrico.com.br/eletrico/produto/cabo-flexsil-750-v-600-amarelo-00003-020/
2042,"Cabo FlexSil 750 V 6,00 Azul 00003.020",SIL,Condutores,alta,alta,0.659,982,"CABO DE COBRE, FLEXIVEL, CLASSE 4 OU 5, ISOLACAO EM PVC/A, ANTICHAMA BWF-B, 1 CONDUTOR, 450/750 V, SECAO NOMINAL 6 MM2",M,6.96,6.96,2026-08,,https://universoeletrico.com.br/eletrico/produto/cabo-flexsil-750-v-600-azul-00003-020/
2044,"Cabo FlexSil 750 V 6,00 Branco 00003.020",SIL,Condutores,alta,alta,0.653,982,"CABO DE COBRE, FLEXIVEL, CLASSE 4 OU 5, ISOLACAO EM PVC/A, ANTICHAMA BWF-B, 1 CONDUTOR, 450/750 V, SECAO NOMINAL 6 MM2",M,6.96,6.96,2026-08,,https://universoeletrico.com.br/eletrico/produto/cabo-flexsil-750-v-600-branco-00003-020/
2043,"Cabo FlexSil 750 V 6,00 Preto 00003.020",SIL,Condutores,alta,alta,0.659,982,"CABO DE COBRE, FLEXIVEL, CLASSE 4 OU 5, ISOLACAO EM PVC/A, ANTICHAMA BWF-B, 1 CONDUTOR, 450/750 V, SECAO NOMINAL 6 MM2",M,6.96,6.96,2026-08,,https://universoeletrico.com.br/eletrico/produto/cabo-flexsil-750-v-600-preto-00003-020/
2041,"Cabo FlexSil 750 V 6,00 Verde 00003.020",SIL,Condutores,alta,alta,0.657,982,"CABO DE COBRE, FLEXIVEL, CLASSE 4 OU 5, ISOLACAO EM PVC/A, ANTICHAMA BWF-B, 1 CONDUTOR, 450/750 V, SECAO NOMINAL 6 MM2",M,6.96,6.96,2026-08,,https://universoeletrico.com.br/eletrico/produto/cabo-flexsil-750-v-600-verde-00003-020/
2040,"Cabo FlexSil 750 V 6,00 Vermelho 00003.020",SIL,Condutores,alta,alta,0.646,982,"CABO DE COBRE, FLEXIVEL, CLASSE 4 OU 5, ISOLACAO EM PVC/A, ANTICHAMA BWF-B, 1 CONDUTOR, 450/750 V, SECAO NOMINAL 6 MM2",M,6.96,6.96,2026-08,,https://universoeletrico.com.br/eletrico/produto/cabo-flexsil-750-v-600-vermelho-00003-020/
2037,"Cabo FlexSil 750 V 4,00 Amarelo 00003.019",SIL,Condutores,alta,alta,0.649,981,"CABO DE COBRE, FLEXIVEL, CLASSE 4 OU 5, ISOLACAO EM PVC/A, ANTICHAMA BWF-B, 1 CONDUTOR, 450/750 V, SECAO NOMINAL 4 MM2",M,4.84,4.84,2026-08,,https://universoeletrico.com.br/eletrico/produto/cabo-flexsil-750-v-400-amarelo-00003-019/
2034,"Cabo FlexSil 750 V 4,00 Azul 00003.019",SIL,Condutores,alta,alta,0.657,981,"CABO DE COBRE, FLEXIVEL, CLASSE 4 OU 5, ISOLACAO EM PVC/A, ANTICHAMA BWF-B, 1 CONDUTOR, 450/750 V, SECAO NOMINAL 4 MM2",M,4.84,4.84,2026-08,,https://universoeletrico.com.br/eletrico/produto/cabo-flexsil-750-v-400-azul-00003-019/
2036,"Cabo FlexSil 750 V 4,00 Branco 00003.019",SIL,Condutores,alta,alta,0.653,981,"CABO DE COBRE, FLEXIVEL, CLASSE 4 OU 5, ISOLACAO EM PVC/A, ANTICHAMA BWF-B, 1 CONDUTOR, 450/750 V, SECAO NOMINAL 4 MM2",M,4.84,4.84,2026-08,,https://universoeletrico.com.br/eletrico/produto/cabo-flexsil-750-v-400-branco-00003-019/
2039,"Cabo FlexSil 750 V 4,00 Verde/Amarelo 00003.019",SIL,Condutores,alta,alta,0.644,981,"CABO DE COBRE, FLEXIVEL, CLASSE 4 OU 5, ISOLACAO EM PVC/A, ANTICHAMA BWF-B, 1 CONDUTOR, 450/750 V, SECAO NOMINAL 4 MM2",M,4.84,4.84,2026-08,,https://universoeletrico.com.br/eletrico/produto/cabo-flexsil-750-v-400-brasileirinho-00003-019/
2038,"Cabo FlexSil 750 V 4,00 Cinza 00003.019",SIL,Condutores,alta,alta,0.658,981,"CABO DE COBRE, FLEXIVEL, CLASSE 4 OU 5, ISOLACAO EM PVC/A, ANTICHAMA BWF-B, 1 CONDUTOR, 450/750 V, SECAO NOMINAL 4 MM2",M,4.84,4.84,2026-08,,https://universoeletrico.com.br/eletrico/produto/cabo-flexsil-750-v-400-cinza-00003-019/
2035,"Cabo FlexSil 750 V 4,00 Preto 00003.019",SIL,Condutores,alta,alta,0.66,981,"CABO DE COBRE, FLEXIVEL, CLASSE 4 OU 5, ISOLACAO EM PVC/A, ANTICHAMA BWF-B, 1 CONDUTOR, 450/750 V, SECAO NOMINAL 4 MM2",M,4.84,4.84,2026-08,,https://universoeletrico.com.br/eletrico/produto/cabo-flexsil-750-v-400-preto-00003-019/
2033,"Cabo FlexSil 750 V 4,00 Verde 00003.019",SIL,Condutores,alta,alta,0.656,981,"CABO DE COBRE, FLEXIVEL, CLASSE 4 OU 5, ISOLACAO EM PVC/A, ANTICHAMA BWF-B, 1 CONDUTOR, 450/750 V, SECAO NOMINAL 4 MM2",M,4.84,4.84,2026-08,,https://universoeletrico.com.br/eletrico/produto/cabo-flexsil-750-v-400-verde-00003-019/
2032,"Cabo FlexSil 750 V 4,00 Vermelho 00003.019",SIL,Condutores,alta,alta,0.647,981,"CABO DE COBRE, FLEXIVEL, CLASSE 4 OU 5, ISOLACAO EM PVC/A, ANTICHAMA BWF-B, 1 CONDUTOR, 450/750 V, SECAO NOMINAL 4 MM2",M,4.84,4.84,2026-08,,https://universoeletrico.com.br/eletrico/produto/cabo-flexsil-750-v-400-vermelho-00003-019/
2029,"Cabo FlexSil 750 V 2,50 Amarelo 00003.018",SIL,Condutores,alta,alta,0.652,1014,"CABO DE COBRE, FLEXIVEL, CLASSE 4 OU 5, ISOLACAO EM PVC/A, ANTICHAMA BWF-B, 1 CONDUTOR, 450/750 V, SECAO NOMINAL 2,5 MM2",M,2.92,2.92,2026-08,,https://universoeletrico.com.br/eletrico/produto/cabo-flexsil-750-v-250-amarelo-00003-018/
2026,"Cabo FlexSil 750 V 2,50 Azul 00003.018",SIL,Condutores,alta,alta,0.661,1014,"CABO DE COBRE, FLEXIVEL, CLASSE 4 OU 5, ISOLACAO EM PVC/A, ANTICHAMA BWF-B, 1 CONDUTOR, 450/750 V, SECAO NOMINAL 2,5 MM2",M,2.92,2.92,2026-08,,https://universoeletrico.com.br/eletrico/produto/cabo-flexsil-750-v-250-azul-00003-018/
2028,"Cabo FlexSil 750 V 2,50 Branco 00003.018",SIL,Condutores,alta,alta,0.656,1014,"CABO DE COBRE, FLEXIVEL, CLASSE 4 OU 5, ISOLACAO EM PVC/A, ANTICHAMA BWF-B, 1 CONDUTOR, 450/750 V, SECAO NOMINAL 2,5 MM2",M,2.92,2.92,2026-08,,https://universoeletrico.com.br/eletrico/produto/cabo-flexsil-750-v-250-branco-00003-018/
2031,"Cabo FlexSil 750 V 2,50 Verde/Amarelo 00003.018",SIL,Condutores,alta,alta,0.644,1014,"CABO DE COBRE, FLEXIVEL, CLASSE 4 OU 5, ISOLACAO EM PVC/A, ANTICHAMA BWF-B, 1 CONDUTOR, 450/750 V, SECAO NOMINAL 2,5 MM2",M,2.92,2.92,2026-08,,https://universoeletrico.com.br/eletrico/produto/cabo-flexsil-750-v-250-verde-amarelo-00003-018/
2030,"Cabo FlexSil 750 V 2,50 Cinza 00003.018",SIL,Condutores,alta,alta,0.662,1014,"CABO DE COBRE, FLEXIVEL, CLASSE 4 OU 5, ISOLACAO EM PVC/A, ANTICHAMA BWF-B, 1 CONDUTOR, 450/750 V, SECAO NOMINAL 2,5 MM2",M,2.92,2.92,2026-08,,https://universoeletrico.com.br/eletrico/produto/cabo-flexsil-750-v-250-cinza-00003-018/
2027,"Cabo FlexSil 750 V 2,50 Preto 00003.018",SIL,Condutores,alta,alta,0.662,1014,"CABO DE COBRE, FLEXIVEL, CLASSE 4 OU 5, ISOLACAO EM PVC/A, ANTICHAMA BWF-B, 1 CONDUTOR, 450/750 V, SECAO NOMINAL 2,5 MM2",M,2.92,2.92,2026-08,,https://universoeletrico.com.br/eletrico/produto/cabo-flexsil-750-v-250-preto-00003-018/
2025,"Cabo FlexSil 750 V 2,50 Verde 00003.018",SIL,Condutores,alta,alta,0.659,1014,"CABO DE COBRE, FLEXIVEL, CLASSE 4 OU 5, ISOLACAO EM PVC/A, ANTICHAMA BWF-B, 1 CONDUTOR, 450/750 V, SECAO NOMINAL 2,5 MM2",M,2.92,2.92,2026-08,,https://universoeletrico.com.br/eletrico/produto/cabo-flexsil-750-v-250-verde-00003-018/
2024,"Cabo FlexSil 750 V 2,50 Vermelho 00003.018",SIL,Condutores,alta,alta,0.65,1014,"CABO DE COBRE, FLEXIVEL, CLASSE 4 OU 5, ISOLACAO EM PVC/A, ANTICHAMA BWF-B, 1 CONDUTOR, 450/750 V, SECAO NOMINAL 2,5 MM2",M,2.92,2.92,2026-08,,https://universoeletrico.com.br/eletrico/produto/cabo-flexsil-750-v-250-vermelho-00003-018/
2021,"Cabo FlexSil 750 V 1,50 Amarelo 00003.017",SIL,Condutores,alta,alta,0.652,1013,"CABO DE COBRE, FLEXIVEL, CLASSE 4 OU 5, ISOLACAO EM PVC/A, ANTICHAMA BWF-B, 1 CONDUTOR, 450/750 V, SECAO NOMINAL 1,5 MM2",M,1.84,1.84,2026-08,,https://universoeletrico.com.br/eletrico/produto/cabo-flexsil-750-v-150-amarelo-00003-017/
2023,"Cabo FlexSil 750 V 1,50 Verde/Amarelo 00003.017",SIL,Condutores,alta,alta,0.647,1013,"CABO DE COBRE, FLEXIVEL, CLASSE 4 OU 5, ISOLACAO EM PVC/A, ANTICHAMA BWF-B, 1 CONDUTOR, 450/750 V, SECAO NOMINAL 1,5 MM2",M,1.84,1.84,2026-08,,https://universoeletrico.com.br/eletrico/produto/cabo-flexsil-750-v-150-verde-amarelo-00003-017/
2018,"Cabo FlexSil 750 V 1,50 Azul 00003.017",SIL,Condutores,alta,alta,0.658,1013,"CABO DE COBRE, FLEXIVEL, CLASSE 4 OU 5, ISOLACAO EM PVC/A, ANTICHAMA BWF-B, 1 CONDUTOR, 450/750 V, SECAO NOMINAL 1,5 MM2",M,1.84,1.84,2026-08,,https://universoeletrico.com.br/eletrico/produto/cabo-flexsil-750-v-150-azul-00003-017/
2020,"Cabo FlexSil 750 V 1,50 Branco 00003.017",SIL,Condutores,alta,alta,0.656,1013,"CABO DE COBRE, FLEXIVEL, CLASSE 4 OU 5, ISOLACAO EM PVC/A, ANTICHAMA BWF-B, 1 CONDUTOR, 450/750 V, SECAO NOMINAL 1,5 MM2",M,1.84,1.84,2026-08,,https://universoeletrico.com.br/eletrico/produto/cabo-flexsil-750-v-150-branco-00003-017/
2022,"Cabo FlexSil 750 V 1,50 Cinza 00003.017",SIL,Condutores,alta,alta,0.661,1013,"CABO DE COBRE, FLEXIVEL, CLASSE 4 OU 5, ISOLACAO EM PVC/A, ANTICHAMA BWF-B, 1 CONDUTOR, 450/750 V, SECAO NOMINAL 1,5 MM2",M,1.84,1.84,2026-08,,https://universoeletrico.com.br/eletrico/produto/cabo-flexsil-750-v-150-cinza-00003-017/
2019,"Cabo FlexSil 750 V 1,50 Preto 00003.017",SIL,Condutores,alta,alta,0.662,1013,"CABO DE COBRE, FLEXIVEL, CLASSE 4 OU 5, ISOLACAO EM PVC/A, ANTICHAMA BWF-B, 1 CONDUTOR, 450/750 V, SECAO NOMINAL 1,5 MM2",M,1.84,1.84,2026-08,,https://universoeletrico.com.br/eletrico/produto/cabo-flexsil-750-v-150-preto-00003-017/
2017,"Cabo FlexSil 750 V 1,50 Verde 00003.017",SIL,Condutores,alta,alta,0.658,1013,"CABO DE COBRE, FLEXIVEL, CLASSE 4 OU 5, ISOLACAO EM PVC/A, ANTICHAMA BWF-B, 1 CONDUTOR, 450/750 V, SECAO NOMINAL 1,5 MM2",M,1.84,1.84,2026-08,,https://universoeletrico.com.br/eletrico/produto/cabo-flexsil-750-v-150-verde-00003-017/
2016,"Cabo FlexSil 750 V 1,50 Vermelho 00003.017",SIL,Condutores,alta,alta,0.65,1013,"CABO DE COBRE, FLEXIVEL, CLASSE 4 OU 5, ISOLACAO EM PVC/A, ANTICHAMA BWF-B, 1 CONDUTOR, 450/750 V, SECAO NOMINAL 1,5 MM2",M,1.84,1.84,2026-08,,https://universoeletrico.com.br/eletrico/produto/cabo-flexsil-750-v-150-vermelho-00003-017/
2015,"Cabo FlexSil 750 V 1,00 Verde/Amarelo 00003.016",SIL,Condutores,alta,alta,0.641,39252,"CABO DE COBRE, FLEXIVEL, CLASSE 4 OU 5, ISOLACAO EM PVC/A, ANTICHAMA BWF-B, 1 CONDUTOR, 450/750 V, SECAO NOMINAL 1,0 MM2",M,1.53,1.53,2026-08,,https://universoeletrico.com.br/eletrico/produto/cabo-flexsil-750-v-100-verde-amarelo-00003-016/
2014,"Cabo FlexSil 750 V 1,00 Cinza 00003.016",SIL,Condutores,alta,alta,0.659,39252,"CABO DE COBRE, FLEXIVEL, CLASSE 4 OU 5, ISOLACAO EM PVC/A, ANTICHAMA BWF-B, 1 CONDUTOR, 450/750 V, SECAO NOMINAL 1,0 MM2",M,1.53,1.53,2026-08,,https://universoeletrico.com.br/eletrico/produto/cabo-flexsil-750-v-100-cinza-00003-016/
2010,"Cabo FlexSil 750 V 1,00 Azul 00003.016",SIL,Condutores,alta,alta,0.659,39252,"CABO DE COBRE, FLEXIVEL, CLASSE 4 OU 5, ISOLACAO EM PVC/A, ANTICHAMA BWF-B, 1 CONDUTOR, 450/750 V, SECAO NOMINAL 1,0 MM2",M,1.53,1.53,2026-08,,https://universoeletrico.com.br/eletrico/produto/cabo-flexsil-750-v-100-azul-00003-016/
2013,"Cabo FlexSil 750 V 1,00 Amarelo 00003.016",SIL,Condutores,alta,alta,0.648,39252,"CABO DE COBRE, FLEXIVEL, CLASSE 4 OU 5, ISOLACAO EM PVC/A, ANTICHAMA BWF-B, 1 CONDUTOR, 450/750 V, SECAO NOMINAL 1,0 MM2",M,1.53,1.53,2026-08,,https://universoeletrico.com.br/eletrico/produto/cabo-flexsil-750-v-100-amarelo-00003-016/
2011,"Cabo FlexSil 750 V 1,00 Preto 00003.016",SIL,Condutores,alta,alta,0.658,39252,"CABO DE COBRE, FLEXIVEL, CLASSE 4 OU 5, ISOLACAO EM PVC/A, ANTICHAMA BWF-B, 1 CONDUTOR, 450/750 V, SECAO NOMINAL 1,0 MM2",M,1.53,1.53,2026-08,,https://universoeletrico.com.br/eletrico/produto/cabo-flexsil-750-v-100-preto-00003-016/
2008,"Cabo FlexSil 750 V 1,00 Vermelho 00003.016",SIL,Condutores,alta,alta,0.646,39252,"CABO DE COBRE, FLEXIVEL, CLASSE 4 OU 5, ISOLACAO EM PVC/A, ANTICHAMA BWF-B, 1 CONDUTOR, 450/750 V, SECAO NOMINAL 1,0 MM2",M,1.53,1.53,2026-08,,https://universoeletrico.com.br/eletrico/produto/cabo-flexsil-750-v-100-vermelho-00003-016/
2009,"Cabo FlexSil 750 V 1,00 Verde 00003.016",SIL,Condutores,alta,alta,0.656,39252,"CABO DE COBRE, FLEXIVEL, CLASSE 4 OU 5, ISOLACAO EM PVC/A, ANTICHAMA BWF-B, 1 CONDUTOR, 450/750 V, SECAO NOMINAL 1,0 MM2",M,1.53,1.53,2026-08,,https://universoeletrico.com.br/eletrico/produto/cabo-flexsil-750-v-100-verde-00003-016/
103283,Cabo de Controle Flexível 15x1mm²,,Condutores,sem_par,sem_par,0.15,,,,,,2026-08,,https://universoeletrico.com.br/eletrico/produto/cabo-controle-flex-15x1mm2/
103061,Cabo CMX CAT5E 4x24AWG 100MHz Azul Furukawa,,Condutores,sem_par,sem_par,0.314,,,,,,2026-08,,https://universoeletrico.com.br/eletrico/produto/cabo-cmx-cat5e-4x24awg-100mhz-az/
103044,Cabo Manga 4x26AWG com Blindagem,,Condutores,sem_par,sem_par,0.368,,,,,,2026-08,,https://universoeletrico.com.br/eletrico/produto/cabo-manga-4x26awg-c-blindagem/
103119,Cabo Blindado Fita 2x1mm,,Condutores,sem_par,baixa,0.443,,,,,,2026-08,cabo blindado fita 2x1 sem item,https://universoeletrico.com.br/eletrico/produto/cabo-blindado-fita-2x1mm/
103289,"*CABO DE CONTROLE FLEX.0,6/1KV 4X4MM2",,Condutores,revisado,baixa,0.477,34627,"CABO FLEXIVEL PVC 750 V, 4 CONDUTORES DE 4,0 MM2",M,23.64,23.64,2026-08,4 condutores 4mm2 flexivel,https://universoeletrico.com.br/eletrico/produto/cabo-de-controle-flex-06-1kv-4x4mm2/
103288,"Cabo de Controle Flexível 500V 16×1,0mm²",,Condutores,sem_par,sem_par,0.345,,,,,,2026-08,,https://universoeletrico.com.br/eletrico/produto/cabo-de-controle-flex-500v-16x10mm2/
103248,"*CABO ALTA TEMPERATURA – 200° 2,5MM²",,Condutores,sem_par,sem_par,0.288,,,,,,2026-08,,https://universoeletrico.com.br/eletrico/produto/cabo-alta-temperatura-200-25mm%c2%b2/
103234,"*CABO FLEXIVEL 0,50MM2 750V MARROM",,Condutores,alta,alta,0.642,39251,"CABO DE COBRE, FLEXIVEL, CLASSE 4 OU 5, ISOLACAO EM PVC/A, ANTICHAMA BWF-B, 1 CONDUTOR, 450/750 V, SECAO NOMINAL 0,5 MM2",M,0.86,0.86,2026-08,,https://universoeletrico.com.br/eletrico/produto/cabo-flexivel-050mm2-750v-marrom/
103103,"*CABO ACO 3/8(9,5MM)",,Condutores,revisado,baixa,0.501,41954,"CABO DE ACO GALVANIZADO, DIAMETRO 9,53 MM (3/8""), COM ALMA DE FIBRA 6 X 25 F",KG,68.08,68.08,2026-08,cabo aco 3/8,https://universoeletrico.com.br/eletrico/produto/cabo-aco-3-895mm/
103134,"*CABO CONTROLE 3X1,0MM2",,Condutores,familia,baixa,0.433,34618,"CABO FLEXIVEL PVC 750 V, 3 CONDUTORES DE 1,5 MM2",M,7.34,7.34,2026-08,"3x1,0 vs 3x1,5 mm2",https://universoeletrico.com.br/eletrico/produto/cabo-controle-3x10mm2/
103233,"*CABO FLEXIVEL 0,50MM2 750V BRANCO",,Condutores,alta,alta,0.65,39251,"CABO DE COBRE, FLEXIVEL, CLASSE 4 OU 5, ISOLACAO EM PVC/A, ANTICHAMA BWF-B, 1 CONDUTOR, 450/750 V, SECAO NOMINAL 0,5 MM2",M,0.86,0.86,2026-08,,https://universoeletrico.com.br/eletrico/produto/cabo-flexivel-050mm2-750v-branco/
103179,"*CABO FLEXIVEL 0,6/1KV 6,0MM 90G VM",,Condutores,revisado,baixa,0.472,994,"CABO DE COBRE, FLEXIVEL, CLASSE 4 OU 5, ISOLACAO EM PVC/A, ANTICHAMA BWF-B, COBERTURA PVC-ST1, ANTICHAMA BWF-B, 1 CONDUTOR, 0,6/1 KV, SECAO NOMINAL 6 MM2",M,7.74,7.74,2026-08,"cabo flexivel 1 condutor 6mm2 0,6/1kV",https://universoeletrico.com.br/eletrico/produto/cabo-flexivel-06-1kv-60mm-90g-vm/
103114,"*CABO CONTROLE BLINDADO 4X1,5MM2",,Condutores,familia,baixa,0.404,34624,"CABO FLEXIVEL PVC 750 V, 4 CONDUTORES DE 1,5 MM2",M,9.81,9.81,2026-08,"blindado sem item; so 4x1,5 comum",https://universoeletrico.com.br/eletrico/produto/cabo-controle-blindado-4x15mm2/
103192,"*CABO CONTROLE 16X1,5MM",,Condutores,sem_par,sem_par,0.328,,,,,,2026-08,,https://universoeletrico.com.br/eletrico/produto/cabo-controle-16x15mm/
103031,"Cabo de Controle Flexível 0,6/1kV 9×1,5mm² CO9X15",,Condutores,sem_par,sem_par,0.327,,,,,,2026-08,,https://universoeletrico.com.br/eletrico/produto/cabo-de-controle-flex-06-1kv-9x15mm2/
103145,*CABO SOLDA 16MM2,,Condutores,sem_par,media,0.522,,,,,,2026-08,cabo solda sem equivalente,https://universoeletrico.com.br/eletrico/produto/cabo-solda-16mm2/
103093,"*CABO FLEXIVEL 0,75MM2 PRETO",,Condutores,alta,alta,0.663,1011,"CABO DE COBRE, FLEXIVEL, CLASSE 4 OU 5, ISOLACAO EM PVC/A, ANTICHAMA BWF-B, 1 CONDUTOR, 450/750 V, SECAO NOMINAL 0,75 MM2",M,1.17,1.17,2026-08,,https://universoeletrico.com.br/eletrico/produto/cabo-flexivel-075mm2-preto/
103024,"Cabo de Controle Flexível 0,6/1kV 10×1,0mm² CO10X1",,Condutores,sem_par,baixa,0.433,,,,,,2026-08,10 condutores sem item,https://universoeletrico.com.br/eletrico/produto/cabo-de-controle-flex-06-1kv-10x10mm2/
103126,"*CABO CONTROLE 0,6/1KV 3X1,5MM2",,Condutores,revisado,baixa,0.402,39257,"CABO MULTIPOLAR DE COBRE, FLEXIVEL, CLASSE 4 OU 5, ISOLACAO EM HEPR, COBERTURA EM PVC-ST2, ANTICHAMA BWF-B, 0,6/1 KV, 3 CONDUTORES DE 1,5 MM2",M,7.35,7.35,2026-08,"multipolar 3x1,5 0,6/1kV",https://universoeletrico.com.br/eletrico/produto/cabo-controle-06-1kv-3x15mm2/
103023,"Cabo de Controle Flexível 0,6/1kV 9×1,0mm² CO9X1",,Condutores,sem_par,sem_par,0.35,,,,,,2026-08,,https://universoeletrico.com.br/eletrico/produto/cabo-de-controle-flex-06-1kv-9x10mm2/
103030,"Cabo de Controle Flexível 0,6/1kV 8×1,5mm² CO8X15",,Condutores,sem_par,sem_par,0.327,,,,,,2026-08,,https://universoeletrico.com.br/eletrico/produto/cabo-de-controle-flex-06-1kv-8x15mm2/
103111,"*CABO FLEXIVEL 750V 2,5MM2 MARROM",,Condutores,alta,alta,0.637,1014,"CABO DE COBRE, FLEXIVEL, CLASSE 4 OU 5, ISOLACAO EM PVC/A, ANTICHAMA BWF-B, 1 CONDUTOR, 450/750 V, SECAO NOMINAL 2,5 MM2",M,2.92,2.92,2026-08,,https://universoeletrico.com.br/eletrico/produto/cabo-flexivel-750v-25mm2-marrom/
103166,"*CABO FLEXIVEL 0,6/1KV 2,5MM2 VERMELHO",,Condutores,alta,alta,0.629,1022,"CABO DE COBRE, FLEXIVEL, CLASSE 4 OU 5, ISOLACAO EM PVC/A, ANTICHAMA BWF-B, COBERTURA PVC-ST1, ANTICHAMA BWF-B, 1 CONDUTOR, 0,6/1 KV, SECAO NOMINAL 2,5 MM2",M,3.47,3.47,2026-08,,https://universoeletrico.com.br/eletrico/produto/cabo-flexivel-06-1kv-25mm2-vermelho/
103167,"*CABO CONTROLE 750V 18X2,5MM2 C/BLIND.",,Condutores,sem_par,sem_par,0.337,,,,,,2026-08,,https://universoeletrico.com.br/eletrico/produto/cabo-controle-750v-18x25mm2-c-blind/
103022,"Cabo de Controle Flexível 0,6/1kV 8×1,0mm² CO8X1",,Condutores,sem_par,sem_par,0.352,,,,,,2026-08,,https://universoeletrico.com.br/eletrico/produto/cabo-de-controle-flex-06-1kv-8x10mm2/
103263,*CABO CONTROLE FLEX 25X1MM,,Condutores,sem_par,baixa,0.499,,,,,,2026-08,25 condutores sem item,https://universoeletrico.com.br/eletrico/produto/cabo-controle-flex-25x1mm/
103021,"*CABO DE CONTROLE FLEX.0,6/1KV 7X1,0MM2",,Condutores,sem_par,sem_par,0.351,,,,,,2026-08,,https://universoeletrico.com.br/eletrico/produto/cabo-de-controle-flex-06-1kv-7x10mm2/
103225,*CABO CHATO 4X6,,Condutores,sem_par,baixa,0.405,,,,,,2026-08,cabo chato sem equivalente,https://universoeletrico.com.br/eletrico/produto/cabo-chato-4x6/
103019,"Cabo de Controle Flexível 5×1,0mm² CO5X1",,Condutores,sem_par,sem_par,0.388,,,,,,2026-08,,https://universoeletrico.com.br/eletrico/produto/cabo-de-controle-flex-5x10mm2/
103244,*CABO CONTROLE 5X1,,Condutores,sem_par,baixa,0.402,,,,,,2026-08,5x1 sem item,https://universoeletrico.com.br/eletrico/produto/cabo-controle-5x1/
103037,"Cabo de Controle Flexível 0,6/1kV 7×2,5mm² CO7X25",,Condutores,sem_par,sem_par,0.392,,,,,,2026-08,,https://universoeletrico.com.br/eletrico/produto/cabo-de-controle-flex-06-1kv-7x25mm2/
103040,"Cabo de Controle Flexível 0,6/1kV 10×2,5mm² CO10X25",,Condutores,sem_par,sem_par,0.389,,,,,,2026-08,,https://universoeletrico.com.br/eletrico/produto/cabo-de-controle-flex-06-1kv-10x25mm2/
103210,*CABO AUDIOFLEX 2X22 AWG,,Condutores,sem_par,sem_par,0.311,,,,,,2026-08,,https://universoeletrico.com.br/eletrico/produto/cabo-audioflex-2x22-awg/
103038,"Cabo de Controle Flexível 0,6/1kV 8×2,5mm² CO8X25",,Condutores,sem_par,sem_par,0.392,,,,,,2026-08,,https://universoeletrico.com.br/eletrico/produto/cabo-de-controle-flex-06-1kv-8x25mm2/
103074,"*CABO DE CONTROLE 20X1,5MM2 0,6/1KV",,Condutores,sem_par,sem_par,0.389,,,,,,2026-08,,https://universoeletrico.com.br/eletrico/produto/cabo-de-controle-20x15mm2-06-1kv/
103106,*CABO PP 5X4MM2,,Condutores,sem_par,baixa,0.447,,,,,,2026-08,5 condutores sem item,https://universoeletrico.com.br/eletrico/produto/cabo-pp-5x4mm2/
103094,"*CABO FLEXIVEL 0,6/1KV EPR 4X95MM2 PT",,Condutores,sem_par,baixa,0.489,,,,,,2026-08,4x95 multipolar inexistente,https://universoeletrico.com.br/eletrico/produto/cabo-flexivel-06-1kv-epr-4x95mm2-pt/
103235,"* CABO CONTROLE 20X1,0MM",,Condutores,sem_par,sem_par,0.394,,,,,,2026-08,,https://universoeletrico.com.br/eletrico/produto/cabo-controle-20x10mm/
103107,*CABO PP 5X10MM2,,Condutores,sem_par,baixa,0.443,,,,,,2026-08,5 condutores sem item,https://universoeletrico.com.br/eletrico/produto/cabo-pp-5x10mm2/
103032,"*CABO DE CONTROLE FLEX.0,6/1KV 10X1,5MM2",,Condutores,sem_par,sem_par,0.392,,,,,,2026-08,,https://universoeletrico.com.br/eletrico/produto/cabo-de-controle-flex-06-1kv-10x15mm2/
103051,"*CABO PP 0,6/1KV. 4X70MM2",,Condutores,sem_par,baixa,0.401,,,,,,2026-08,4x70 sem item,https://universoeletrico.com.br/eletrico/produto/cabo-pp-06-1kv-4x70mm2/
103036,"Cabo de Controle Flexível 0,6/1kV 6×2,5mm² CO6X25",,Condutores,sem_par,sem_par,0.391,,,,,,2026-08,,https://universoeletrico.com.br/eletrico/produto/cabo-de-controle-flex-06-1kv-6x25mm2/
103105,*CABO PP 5X16MM2,,Condutores,sem_par,baixa,0.446,,,,,,2026-08,5 condutores sem item,https://universoeletrico.com.br/eletrico/produto/cabo-pp-5x16mm2/
103035,"Cabo de Controle Flexível 0,6/1kV 5×2,5mm² CO5X25",,"Material Elétrico > Eletrocalhas, Perfilados, Eletroduto e Acessórios",sem_par,baixa,0.46,,,,,,2026-08,"5x2,5 sem item",https://universoeletrico.com.br/eletrico/produto/cabo-de-controle-flex-06-1kv-5x25mm2/
51020,"Cabo Telefônico CTP-APL 0,50mm 10 Pares CTPAPL10",,Cabeamento Estruturado > Telefonia,revisado,baixa,0.611,11916,"CABO TELEFONICO CTP - APL - 50, 10 PARES, USO EXTERNO",M,8.92,8.92,2026-08,CTP-APL 10 pares,https://universoeletrico.com.br/eletrico/produto/cabo-telef-ctp-apl-0-50mm-10-pares/
51018,"Cabo Telefônico CCE-APL 0,50mm 4 Pares CCEAPL4",,Cabeamento Estruturado > Telefonia,familia,baixa,0.429,11904,"CABO TELEFONICO CCI 50, 4 PARES, USO INTERNO, SEM BLINDAGEM",M,2.29,2.29,2026-08,CCE externo vs CCI interno,https://universoeletrico.com.br/eletrico/produto/cabo-telefonico-cce-apl-0-50mm-4-pares/
51002,Fio Telefônico Uso Externo FE 100 FE100,,Cabeamento Estruturado > Telefonia,sem_par,media,0.516,,,,,,2026-08,fio telefonico FE sem item,https://universoeletrico.com.br/eletrico/produto/fio-telefonico-uso-externo-fe-100/
51013,"Cabo Telefônico CI 0,50 mm² 50 Pares CI50",CobreKabos,Cabeamento Estruturado > Telefonia,revisado,baixa,0.595,11922,"CABO TELEFONICO CI 50, 50 PARES, USO INTERNO",M,29.32,29.32,2026-08,CI 50 pares,https://universoeletrico.com.br/eletrico/produto/cabo-telefonico-ci-0-50mm-50-pares/
51008,CABO TELEFONICO CCI 0.50MM 6 PARES,,Cabeamento Estruturado > Telefonia,revisado,baixa,0.603,11906,"CABO TELEFONICO CCI 50, 6 PARES, USO INTERNO, SEM BLINDAGEM",M,3.56,3.56,2026-08,CCI 6 pares,https://universoeletrico.com.br/eletrico/produto/cabo-telefonico-cci-0-50mm-6-pares/
51005,CABO TELEFONICO CCI 0.5MM 1 PAR,,Cabeamento Estruturado > Telefonia,sem_par,sem_par,0.239,,,,,,2026-08,,https://universoeletrico.com.br/eletrico/produto/cabo-telefonico-cci-0-5mm-1-par/
51010,"Cabo Telefônico CI 0,50 mm 10 Pares CI10",,Cabeamento Estruturado > Telefonia,revisado,baixa,0.59,11919,"CABO TELEFONICO CI 50, 10 PARES, USO INTERNO",M,6.52,6.52,2026-08,CI 10 pares,https://universoeletrico.com.br/eletrico/produto/cabo-telefonico-ci-050-mm-10-pares-ci10/
51012,"Cabo Telefônico CI 0,50 mm 30 Pares CI30",,Cabeamento Estruturado > Telefonia,revisado,baixa,0.591,11921,"CABO TELEFONICO CI 50, 30 PARES, USO INTERNO",M,18.13,18.13,2026-08,CI 30 pares,https://universoeletrico.com.br/eletrico/produto/cabo-telefonico-ci-050-mm-30-pares-ci30/
51017,"Cabo Telefônico CCE-APL 0,50 mm² 2 Pares CCEAPL2",,Cabeamento Estruturado > Telefonia,sem_par,baixa,0.429,,,,,,2026-08,CCE-APL 2 pares sem equivalente,https://universoeletrico.com.br/eletrico/produto/cabo-telefonico-cce-apl-050-mm%c2%b2-2-pares-cceapl2/
51022,"Cabo Telefônico CTP-APL 0,50 mm² 30 Pares",,Cabeamento Estruturado > Telefonia,revisado,baixa,0.639,11918,"CABO TELEFONICO CTP - APL - 50, 30 PARES, USO EXTERNO",M,18.65,18.65,2026-08,CTP-APL 30 pares,https://universoeletrico.com.br/eletrico/produto/cabo-telefonico-ctp-apl-050-mm%c2%b2-30-pares/
51001,Fio Telefônico FI 2×22 Cinza FI 2×22,,Cabeamento Estruturado > Telefonia,sem_par,sem_par,0.122,,,,,,2026-08,,https://universoeletrico.com.br/eletrico/produto/fio-telefonico-fi-2x22-cinza-fi-2x22/
51004,"Fio Telefônico FDG-2×0,50mm² Preto + Laranja 500m Multitoc MUCA0150",,Cabeamento Estruturado > Telefonia,sem_par,sem_par,0.18,,,,,,2026-08,,https://universoeletrico.com.br/eletrico/produto/fio-telefonico-fdg-2x050mm%c2%b2-preto-laranja-500m-multitoc-muca0150/
51011,"Cabo Telefônico CI 0,50 mm 20 Pares Megatron CI20",MEGATRON,Cabeamento Estruturado > Telefonia,revisado,baixa,0.478,11920,"CABO TELEFONICO CI 50, 20 PARES, USO INTERNO",M,12.39,12.39,2026-08,CI 20 pares,https://universoeletrico.com.br/eletrico/produto/cabo-telefonico-ci-050-mm-20-pares-megatron-ci20/
51007,"Cabo Telefônico CCI 0,50 mm 4 Pares Megatron CCI4",MEGATRON,Cabeamento Estruturado > Telefonia,revisado,baixa,0.477,11904,"CABO TELEFONICO CCI 50, 4 PARES, USO INTERNO, SEM BLINDAGEM",M,2.29,2.29,2026-08,CCI 4 pares,https://universoeletrico.com.br/eletrico/produto/cabo-telefonico-cci-050-mm-4-pares-megatron-cci4/
51023,"Cabo Telefônico Preto CTP-APL 0,50mm² 50 Pares CobreKabos CTPAPL50",CobreKabos,Cabeamento Estruturado > Telefonia,familia,baixa,0.53,11916,"CABO TELEFONICO CTP - APL - 50, 10 PARES, USO EXTERNO",M,8.92,8.92,2026-08,CTP-APL 50 pares inexistente,https://universoeletrico.com.br/eletrico/produto/cabo-telefonico-preto-ctp-apl-050mm%c2%b2-50-pares-cobrekabos-ctpapl50/
51021,"Cabo Telefônico Preto CTP-APL 0,50mm² 20 Pares CobreKabos CTPAPL20",CobreKabos,Cabeamento Estruturado > Telefonia,revisado,baixa,0.543,11917,"CABO TELEFONICO CTP - APL - 50, 20 PARES, USO EXTERNO",M,15.72,15.72,2026-08,CTP-APL 20 pares,https://universoeletrico.com.br/eletrico/produto/cabo-telefonico-preto-ctp-apl-050mm%c2%b2-20-pares-cobrekabos-ctpapl20/
51006,"Cabo Telefônico CCI 0,50 mm 2 Pares Megatron CCI2",MEGATRON,Cabeamento Estruturado > Telefonia,revisado,baixa,0.478,11902,"CABO TELEFONICO CCI 50, 2 PARES, USO INTERNO, SEM BLINDAGEM",M,1.43,1.43,2026-08,CCI 2 pares,https://universoeletrico.com.br/eletrico/produto/cabo-telefonico-cci-050-mm-2-pares-megatron-cci2/
103029,"Cabo de Controle e Comando 7×1,50mm² CO7X15",,Condutores | Automação Industrial,sem_par,sem_par,0.124,,,,,,2026-08,,https://universoeletrico.com.br/eletrico/produto/cabo-de-controle-e-comando-7x150mm%c2%b2-sil-co7x15/
103027,"Cabo de Controle Flexível 5×1,50mm² CO5X15",,Automação Industrial | Condutores,sem_par,sem_par,0.345,,,,,,2026-08,,https://universoeletrico.com.br/eletrico/produto/cabo-de-controle-flexivel-5x150mm%c2%b2-sil-co5x15/
103034,"Cabo de Controle e Comando 12×1,50mm² CO12X15",,Condutores | Automação Industrial,sem_par,sem_par,0.201,,,,,,2026-08,,https://universoeletrico.com.br/eletrico/produto/cabo-controle-comando-12x150mm%c2%b2-sil-co12x15/
83119,Módulo Tomada Branca 2P+T 20A Plus+ Legrand 615060,LEGRAND,Interruptores e Tomadas > Módulo de Tomadas,alta,alta,0.604,38102,"TOMADA 2P+T 20A, 250V (APENAS MODULO)",UN,10.09,10.09,2026-08,,https://universoeletrico.com.br/eletrico/produto/modulo-tomada-branca-2pt-10a-plus-legrand-615060/
83118,Módulo Tomada Branca 2P+T 10A Plus+ Legrand 615040,LEGRAND,Interruptores e Tomadas > Módulo de Tomadas,alta,alta,0.601,38101,"TOMADA 2P+T 10A, 250V (APENAS MODULO)",UN,7.89,7.89,2026-08,,https://universoeletrico.com.br/eletrico/produto/modulo-tomada-branca-2pt-10a-plus-legrand-615040/
59145,Conjunto Interruptor Branco Simples + Tomada 2P+T 20A Plus+ Legrand 615073BC,LEGRAND,Interruptores e Tomadas > Conjunto Interruptores e Tomadas,familia,baixa,0.461,38075,"TOMADA 2P+T 20A 250V, CONJUNTO MONTADO PARA EMBUTIR 4"" X 2"" (PLACA + SUPORTE + MODULO)",UN,16.06,16.06,2026-08,tomada 20A vs 10A conjunto,https://universoeletrico.com.br/eletrico/produto/conjunto-interruptor-branco-simples-tomada-2pt-20a-plus-legrand-615073bc/
59051,Módulo Interruptor Simples Branco Plus+ Legrand 611010BC,LEGRAND,Interruptores e Tomadas > Módulo de Interruptores e Pulsadores,revisado,media,0.573,38112,"INTERRUPTOR SIMPLES 10A, 250V (APENAS MODULO)",UN,6.93,6.93,2026-08,interruptor simples apenas modulo,https://universoeletrico.com.br/eletrico/produto/611010bc-modulo-interruptor-simples-branco-plus-legrand/
59085,Módulo Cego Cinza Plus+ Legrand 611047CZ,LEGRAND,Interruptores e Tomadas > Módulo de Interruptores e Pulsadores,sem_par,sem_par,0.345,,,,,,2026-08,,https://universoeletrico.com.br/eletrico/produto/611047cz-modulo-cego-cinza-plus-legrand/
59053,Módulo Interruptor Simples Preto Plus+ Legrand 611010PT,LEGRAND,Interruptores e Tomadas > Módulo de Interruptores e Pulsadores,revisado,media,0.576,38112,"INTERRUPTOR SIMPLES 10A, 250V (APENAS MODULO)",UN,6.93,6.93,2026-08,interruptor simples apenas modulo,https://universoeletrico.com.br/eletrico/produto/modulo-interruptor-simples-preto-plus-legrand-611010pt/
59170,Placa Cega 4X2 Branca Plus+ Legrand 618500BC,LEGRAND,Interruptores e Tomadas > Placas,alta,alta,0.666,38091,"ESPELHO / PLACA CEGA 4"" X 2"", PARA INSTALACAO DE TOMADAS E INTERRUPTORES",UN,2.44,2.44,2026-08,,https://universoeletrico.com.br/eletrico/produto/618500bc-placa-cega-4x2-branca-plus-legrand/
59123,Módulo Tomada Cinza 2P+T 10A 250V Plus+ Legrand 615038CZ,LEGRAND,Interruptores e Tomadas > Módulo de Tomadas,alta,alta,0.645,38101,"TOMADA 2P+T 10A, 250V (APENAS MODULO)",UN,7.89,7.89,2026-08,,https://universoeletrico.com.br/eletrico/produto/615038cz-modulo-tomada-cinza-2pt-10a-250v-plus-legrand-2/
59174,Placa 1 Posto 4×2 Cinza Plus+ Legrand 618501CZ,LEGRAND,Interruptores e Tomadas > Placas,sem_par,sem_par,0.189,,,,,,2026-08,,https://universoeletrico.com.br/eletrico/produto/618501cz-placa-1-posto-4x2-cinza-plus-legrand/
59112,Suporte 4×4 Plus+ Legrand 612124NT,LEGRAND,Interruptores e Tomadas > Suportes,sem_par,sem_par,0.148,,,,,,2026-08,,https://universoeletrico.com.br/eletrico/produto/612124nt-suporte-4x4-plus-legrand/
59144,Módulo Tomada Preta 2P+T 10A 250V Plus+ Legrand 615060PT,LEGRAND,Interruptores e Tomadas > Módulo de Tomadas,alta,alta,0.648,38101,"TOMADA 2P+T 10A, 250V (APENAS MODULO)",UN,7.89,7.89,2026-08,,https://universoeletrico.com.br/eletrico/produto/615060pt-modulo-tomada-preta-2pt-10a-250v-plus-legrand/
59149,Conjunto Tomada Branca 2P+T 10A 250V 4×2 Plus+ Legrand 615080BC,LEGRAND,Interruptores e Tomadas > Conjunto Interruptores e Tomadas,revisado,baixa,0.513,7528,"TOMADA 2P+T 10A, 250V, CONJUNTO MONTADO PARA EMBUTIR 4"" X 2"" (PLACA + SUPORTE + MODULO)",UN,9.27,9.27,2026-08,tomada 2P+T 10A embutir conjunto,https://universoeletrico.com.br/eletrico/produto/615080bc-conjunto-tomada-branca-2pt-10a-250v-4x2-plus-legrand/
33137,CARTUCHO EM PÓ PARA SOLDA N°45,,Aterramento e SPDA,sem_par,sem_par,0.31,,,,,,2026-08,,https://universoeletrico.com.br/eletrico/produto/cartucho-em-po-para-solda-n45/
33242,SUPORTE FIXADOR COLÁVEL PARA CABO É BARRA CHATA,,Aterramento e SPDA,sem_par,baixa,0.467,,,,,,2026-08,suporte fixador sem equivalente,https://universoeletrico.com.br/eletrico/produto/suporte-fixador-colavel-para-cabo-e-barra-chata/
33116,BARRA CHATA ALUMÍNIO 3/4 – 1/4 DE 3MTS COM FURO,,Aterramento e SPDA,sem_par,media,0.573,,,,,,2026-08,barra chata aluminio 3m sem par,https://universoeletrico.com.br/eletrico/produto/barra-chata-aluminio-3-4-1-4-de-3mts-com-furo/
33093,SINALIZADOR TOPO SIMPLES PARA 1 LAMPADA COM RELE,,Aterramento e SPDA,sem_par,media,0.569,,,,,,2026-08,sinalizador topo sem par,https://universoeletrico.com.br/eletrico/produto/sinalizador-topo-simples-para-1-lampada-com-rele/
33042,SUPORTE GUIA 20CM PARA APARAFUSAR,,Aterramento e SPDA,familia,media,0.596,3384,"SUPORTE GUIA SIMPLES COM ROLDANA EM POLIPROPILENO PARA CHUMBAR, H = 20 CM",UN,8.8,8.8,2026-08,suporte guia parafusar vs chumbar,https://universoeletrico.com.br/eletrico/produto/suporte-guia-20cm-para-aparafusar/
33068,CONJUNTO DE ESTAI RÍGIDO TUBULAR 3MTS 1.1/2,,Aterramento e SPDA,sem_par,sem_par,0.248,,,,,,2026-08,,https://universoeletrico.com.br/eletrico/produto/conjunto-de-estai-rigido-tubular-3mts-1-1-2/
33077,MASTRO SIMPLES COM REDUÇÃO PARA 3/4 2X3MTS,,Aterramento e SPDA,sem_par,baixa,0.437,,,,,,2026-08,mastro com reducao sem par,https://universoeletrico.com.br/eletrico/produto/mastro-simples-com-reducao-para-3-4-2x3mts/
33034,BASE PARA MASTRO ALUMÍNIO FUNDIDO Ø 1.1/2,,Aterramento e SPDA,revisado,baixa,0.415,38060,"BASE PARA MASTRO DE PARA-RAIOS DIAMETRO NOMINAL 1 1/2""",UN,59.88,59.88,2026-08,base mastro 1 1/2,https://universoeletrico.com.br/eletrico/produto/base-para-mastro-aluminio-fundido-o-1-1-2/
33218,PARA RAIO FRANKLIN 1D LAT CR 250MM,,Aterramento e SPDA,sem_par,sem_par,0.296,,,,,,2026-08,,https://universoeletrico.com.br/eletrico/produto/para-raio-franklin-1d-lat-cr-250mm/
33022,CAIXA PARA ATERRO EM CIMENTO COM TAMPA ARDÓSIA,,Aterramento e SPDA,sem_par,baixa,0.468,,,,,,2026-08,caixa aterramento sem par,https://universoeletrico.com.br/eletrico/produto/caixa-para-aterro-em-cimento-com-tampa-ardosia/
33021,GRAMPO PARA HASTE ATERRO TIPO CHT1,,Aterramento e SPDA,familia,baixa,0.49,38056,"GRAMPO METALICO TIPO U PARA HASTE DE ATERRAMENTO DE ATE 5/8"", CONDUTOR DE 10 A 25 MM2",UN,37.84,37.84,2026-08,grampo CHT1 medida indefinida,https://universoeletrico.com.br/eletrico/produto/grampo-para-haste-aterro-tipo-cht1/
33019,CONECTOR PARA HASTE ATERRAMENTO 5/8,,Aterramento e SPDA,familia,media,0.563,3379,"HASTE DE ATERRAMENTO EM ACO COM 3,00 M DE COMPRIMENTO E DN = 5/8"", REVESTIDA COM BAIXA CAMADA DE COBRE, SEM CONECTOR",UN,74.18,74.18,2026-08,conector haste: grampo U ou olhal,https://universoeletrico.com.br/eletrico/produto/conector-para-haste-aterramento-5-8/
33918,"HASTE PARA ATERRAMENTO ALTA CAMADA 3/4 3,0MTS",,Aterramento e SPDA,familia,media,0.556,3378,"HASTE DE ATERRAMENTO EM ACO COM 3,00 M DE COMPRIMENTO E DN = 3/4"", REVESTIDA COM BAIXA CAMADA DE COBRE, SEM CONECTOR",UN,109.75,109.75,2026-08,alta camada vs baixa camada,https://universoeletrico.com.br/eletrico/produto/haste-para-aterramento-alta-camada-3-4-30mts/
33014,"HASTE ATERRAMENTO DE BAIXA CAMADA 15,8MM 3MTS",INTELLI,Aterramento e SPDA,revisado,baixa,0.502,3379,"HASTE DE ATERRAMENTO EM ACO COM 3,00 M DE COMPRIMENTO E DN = 5/8"", REVESTIDA COM BAIXA CAMADA DE COBRE, SEM CONECTOR",UN,74.18,74.18,2026-08,haste baixa camada 5/8 3m,https://universoeletrico.com.br/eletrico/produto/haste-aterramento-de-baixa-camada-158mm-3mts/
55049,FITA PERFURADA METALICA 17MM X 30MT,,Aterramento e SPDA,alta,alta,0.664,14152,"FITA METALICA PERFURADA, L = 17 MM, ROLO DE 30 M, CARGA RECOMENDADA = *19* KGF",UN,56.13,56.13,2026-08,,https://universoeletrico.com.br/eletrico/produto/fita-perfurada-metalica-17mm-x-30mt/
154005,KIT BARRAMENTO TRIFÁSICO PARA 28 DISJUNTORES DIN 100A,,"Material Elétrico > Quadros de Comando, Disjuntores e Acessórios",sem_par,baixa,0.469,,,,,,2026-08,kit barramento nao e quadro,https://universoeletrico.com.br/eletrico/produto/kit-barramento-trifasico-para-28-disjuntores-din-100a/
19654,"ABRAÇADEIRA PRETO 151X3,7X1,1MM EMBALAGEM COM 100UN",,"Material Elétrico > Eletrodutos PVC, Mangueiras Flexíveis e Acessórios",sem_par,sem_par,0.297,,,,,,2026-08,,https://universoeletrico.com.br/eletrico/produto/abracadeira-preto-151x37x11mm-embalagem-com-100un/
19652,"ABRAÇADEIRA NEUTRA 200X2,6X1,2MM EMBALAGEM COM 100UN",,"Material Elétrico > Eletrodutos PVC, Mangueiras Flexíveis e Acessórios",sem_par,sem_par,0.278,,,,,,2026-08,,https://universoeletrico.com.br/eletrico/produto/abracadeira-neutra-200x26x12mm-embalagem-com-100un/
154014,QUADRO EMBUTIR CHAPA SEM BARRAMENTO 100A P/28 DISJ DIN,,"Material Elétrico > Quadros de Comando, Disjuntores e Acessórios",sem_par,sem_par,0.358,,,,,,2026-08,,https://universoeletrico.com.br/eletrico/produto/quadro-embutir-chapa-sem-barramento-100a-p-28-disj-din/
154019,QUADRO SOBREPOR CHAPA COM BARRAMENTO 150A P/44 DISJ DIN,,"Material Elétrico > Quadros de Comando, Disjuntores e Acessórios",sem_par,sem_par,0.254,,,,,,2026-08,,https://universoeletrico.com.br/eletrico/produto/quadro-sobrepor-chapa-com-barramento-150a-p-44-disj-din/
29021,QUADRO DE SOBREPOR EM PVC PARA 12 DISJUNTORES 135101,LEGRAND,"Material Elétrico > Quadros de Comando, Disjuntores e Acessórios",alta,alta,0.754,39801,"QUADRO DE DISTRIBUICAO, SEM BARRAMENTO, EM PVC, DE SOBREPOR, PARA 12 DISJUNTORES NEMA OU 16 DISJUNTORES DIN",UN,192.02,192.02,2026-08,,https://universoeletrico.com.br/eletrico/produto/quadro-de-sobrepor-em-pvc-para-12-disjuntores/
44106,QUADRO DE EMBUTIR EM PVC PARA 24 DISJUNTORES,,"Material Elétrico > Quadros de Comando, Disjuntores e Acessórios",alta,alta,0.777,39797,"QUADRO DE DISTRIBUICAO, SEM BARRAMENTO, EM PVC, DE EMBUTIR, PARA 18 DISJUNTORES NEMA OU 24 DISJUNTORES DIN",UN,212.87,212.87,2026-08,,https://universoeletrico.com.br/eletrico/produto/quadro-de-embutir-em-pvc-para-24-disjuntores/
21063,DISJUNTOR TRIPOLAR 50A CURVA C NOVO PADRÃO,SOPRANO,"Material Elétrico > Quadros de Comando, Disjuntores e Acessórios",revisado,media,0.505,34709,"DISJUNTOR TERMOMAGNETICO PARA TRILHO DIN (IEC), TRIPOLAR, 10 - 50 A",UN,73.69,73.69,2026-08,DIN tripolar faixa 10-50A,https://universoeletrico.com.br/eletrico/produto/disjuntor-tripolar-50a-curva-c-novo-padrao/
21041,DISJUNTOR TRIPOLAR 16A CURVA C,SOPRANO,"Material Elétrico > Quadros de Comando, Disjuntores e Acessórios",sem_par,sem_par,0.146,,,,,,2026-08,,https://universoeletrico.com.br/eletrico/produto/disjuntor-tripolar-16a-curva-c/
21031,DISJUNTOR BIPOLAR 16A CURVA C,SOPRANO,"Material Elétrico > Quadros de Comando, Disjuntores e Acessórios",sem_par,sem_par,0.233,,,,,,2026-08,,https://universoeletrico.com.br/eletrico/produto/disjuntor-bipolar-16a-curva-c/
21060,DISJUNTOR BIPOLAR 50A CURVA C NOVO PADRÃO,SOPRANO,"Material Elétrico > Quadros de Comando, Disjuntores e Acessórios",revisado,media,0.505,34623,"DISJUNTOR TERMOMAGNETICO PARA TRILHO DIN (IEC), BIPOLAR, 40 - 50 A",UN,59.22,59.22,2026-08,DIN bipolar 40-50A,https://universoeletrico.com.br/eletrico/produto/disjuntor-bipolar-50a-curva-c-novo-padrao/
21057,DISJUNTOR MONOPOLAR 50A CURVA C NOVO PADRÃO,SOPRANO,"Material Elétrico > Quadros de Comando, Disjuntores e Acessórios",revisado,media,0.508,34686,"DISJUNTOR TERMOMAGNETICO PARA TRILHO DIN (IEC), MONOPOLAR, 40 - 50 A",UN,15.56,15.56,2026-08,DIN monopolar 40-50A,https://universoeletrico.com.br/eletrico/produto/disjuntor-curva-c-novo-padrao/
21021,DISJUNTOR MONOPOLAR 16A CURVA C,SOPRANO,"Material Elétrico > Quadros de Comando, Disjuntores e Acessórios",sem_par,sem_par,0.256,,,,,,2026-08,,https://universoeletrico.com.br/eletrico/produto/disjuntor-curva-c/
37076,ETIQUETA DE SINALIZAÇÃO EM ALUMÍNIO 220V,,"Material Elétrico > Quadros de Comando, Disjuntores e Acessórios",sem_par,sem_par,0.132,,,,,,2026-08,,https://universoeletrico.com.br/eletrico/produto/etiqueta-de-sinalizacao-em-aluminio/
21002,INTERRUPTOR DIFERENCIAL 30MA BIPOLAR 25A,SOPRANO,"Material Elétrico > Quadros de Comando, Disjuntores e Acessórios",sem_par,sem_par,0.244,,,,,,2026-08,,https://universoeletrico.com.br/eletrico/produto/interruptor-diferencial/
21111,TERMINAL DE CONEXÃO TIPO PINO CURTO 6-25mm,,"Material Elétrico > Quadros de Comando, Disjuntores e Acessórios",sem_par,sem_par,0.243,,,,,,2026-08,,https://universoeletrico.com.br/eletrico/produto/terminal-de-conexao-tipo-pino/
84101,"CONECTOR DE EMENDA 2P 0,14 – 4,0MM 32A",WAGO,"Material Elétrico > Quadros de Comando, Disjuntores e Acessórios",sem_par,sem_par,0.278,,,,,,2026-08,,https://universoeletrico.com.br/eletrico/produto/conector-de-emenda/
63017,PROTETOR CONTRA SURTO 275V 45KA,CLAMPER,"Material Elétrico > Quadros de Comando, Disjuntores e Acessórios | Aterramento e SPDA",sem_par,sem_par,0.256,,,,,,2026-08,,https://universoeletrico.com.br/eletrico/produto/protetor-contra-surto/
21104,BARRAMENTO PENTE MONOFASICO 12 POLOS 63A,,"Material Elétrico > Quadros de Comando, Disjuntores e Acessórios",sem_par,sem_par,0.258,,,,,,2026-08,,https://universoeletrico.com.br/eletrico/produto/barramento-pente/
21101,BARRAMENTO NEUTRO E TERRA 12 FUROS 6MM,,"Material Elétrico > Quadros de Comando, Disjuntores e Acessórios | Aterramento e SPDA",sem_par,sem_par,0.366,,,,,,2026-08,,https://universoeletrico.com.br/eletrico/produto/barramento-neutro-e-terra-12-furos-6mm/
79037,CANTONEIRA ZZ GALVANIZADA,,"Material Elétrico > Eletrocalhas, Perfilados, Eletroduto e Acessórios",sem_par,baixa,0.465,,,,,,2026-08,cantoneira ZZ sem par,https://universoeletrico.com.br/eletrico/produto/cantoneira-zz-galvanizada/
45083,CANALETA SISTEMA X COM FITA ADESIVA COM DIVISOR,ENERBRAS,"Material Elétrico > Eletrodutos PVC, Mangueiras Flexíveis e Acessórios",sem_par,sem_par,0.367,,,,,,2026-08,,https://universoeletrico.com.br/eletrico/produto/canaleta-sistema-x-com-fita-adesiva-com-divisor/
45085,CANALETA SISTEMA X COM FITA ADESIVA SEM DIVISOR,ENERBRAS,"Material Elétrico > Eletrodutos PVC, Mangueiras Flexíveis e Acessórios",sem_par,sem_par,0.367,,,,,,2026-08,,https://universoeletrico.com.br/eletrico/produto/canaleta-sistema-x-com-fita-adesiva-sem-divisor/
38070,CANALETA EVOLUTIVA SEM TAMPA 2METROS,LEGRAND,"Material Elétrico > Eletrodutos PVC, Mangueiras Flexíveis e Acessórios",sem_par,sem_par,0.228,,,,,,2026-08,,https://universoeletrico.com.br/eletrico/produto/canaleta-evolutiva-sem-tampa-2metros/
19746,CANALETA PARA PISO,ENERBRAS,"Material Elétrico > Eletrodutos PVC, Mangueiras Flexíveis e Acessórios",sem_par,media,0.505,,,,,,2026-08,canaleta piso sem par,https://universoeletrico.com.br/eletrico/produto/canaleta-para-piso/
19673,CANALETA ABERTA PVC 2METROS,HELLERMANN,"Material Elétrico > Eletrodutos PVC, Mangueiras Flexíveis e Acessórios",sem_par,sem_par,0.342,,,,,,2026-08,,https://universoeletrico.com.br/eletrico/produto/canaleta-aberta-pvc-2metros/
76081,ELETRODUTO SOLDAVEL PVC 3METROS,,"Material Elétrico > Eletrodutos PVC, Mangueiras Flexíveis e Acessórios",sem_par,media,0.562,,,,,,2026-08,"soldavel vs roscavel, sem bitola",https://universoeletrico.com.br/eletrico/produto/eletroduto-soldavel-pvc/
76103,CURVA 135° PVC,,"Material Elétrico > Eletrodutos PVC, Mangueiras Flexíveis e Acessórios",alta,alta,0.738,1880,"CURVA 135 GRAUS, DE PVC RIGIDO ROSCAVEL, DE 1"", PARA ELETRODUTO",UN,4.37,4.37,2026-08,,https://universoeletrico.com.br/eletrico/produto/curva-135g-pvc/
76060,CURVA BOLSA E BOLSA PVC RIGIDO,,"Material Elétrico > Eletrodutos PVC, Mangueiras Flexíveis e Acessórios",sem_par,media,0.571,,,,,,2026-08,curva bolsa sem par,https://universoeletrico.com.br/eletrico/produto/curva-bolsa-e-bolsa-pvc-rigido/
76048,CURVA 45° PVC,,"Material Elétrico > Eletrodutos PVC, Mangueiras Flexíveis e Acessórios",alta,alta,0.703,1927,"CURVA DE PVC 45 GRAUS, SOLDAVEL, 25 MM, COR MARROM, PARA AGUA FRIA PREDIAL",UN,2.92,2.92,2026-08,,https://universoeletrico.com.br/eletrico/produto/curva-45-pvc/
76094,NIPLE EM PVC RIGIDO 20CM,,"Material Elétrico > Eletrodutos PVC, Mangueiras Flexíveis e Acessórios",sem_par,baixa,0.46,,,,,,2026-08,niple sem par,https://universoeletrico.com.br/eletrico/produto/niple-em-pvc-rigido-20cm/
76038,NIPLE EM PVC RIGIDO 10CM,,"Material Elétrico > Eletrodutos PVC, Mangueiras Flexíveis e Acessórios",sem_par,sem_par,0.375,,,,,,2026-08,,https://universoeletrico.com.br/eletrico/produto/niple-em-pvc-rigido-10cm/
76029,CURVA S PVC RIGIDA,,"Material Elétrico > Eletrodutos PVC, Mangueiras Flexíveis e Acessórios",sem_par,media,0.524,,,,,,2026-08,curva S sem par,https://universoeletrico.com.br/eletrico/produto/curva-s-pvc-rigida/
76020,LUVA PVC RIGIDA,,"Material Elétrico > Eletrodutos PVC, Mangueiras Flexíveis e Acessórios",alta,alta,0.603,3876,"LUVA PVC, ROSCAVEL, 1"", AGUA FRIA PREDIAL",UN,5.67,5.67,2026-08,,https://universoeletrico.com.br/eletrico/produto/luva-pvc-rigida/
76011,CURVA 90° PVC RIGIDO,,"Material Elétrico > Eletrodutos PVC, Mangueiras Flexíveis e Acessórios",alta,alta,0.762,1884,"CURVA 90 GRAUS, LONGA, DE PVC RIGIDO ROSCAVEL, DE 1"", PARA ELETRODUTO",UN,5.59,5.59,2026-08,,https://universoeletrico.com.br/eletrico/produto/curva-90-pvc-rigido/
76002,ELETRODUTO PVC 3 METROS,,"Material Elétrico > Eletrodutos PVC, Mangueiras Flexíveis e Acessórios",familia,media,0.582,2674,"ELETRODUTO DE PVC RIGIDO ROSCAVEL DE 3/4"", SEM LUVA",M,5.19,5.19,2026-08,eletroduto PVC sem bitola,https://universoeletrico.com.br/eletrico/produto/eletroduto-pvc-3-metros/
58147,ELETRODUTO FLEXÍVEL CORRUGADO AZUL,ARQUA,"Material Elétrico > Eletrodutos PVC, Mangueiras Flexíveis e Acessórios",alta,alta,0.691,2690,"ELETRODUTO PVC FLEXIVEL CORRUGADO, COR AMARELA, DE 32 MM",M,4.67,4.67,2026-08,,https://universoeletrico.com.br/eletrico/produto/eletroduto-flexivel-corrugado-azul/
58137,FITA DE ADVERTÊNCIA ALTA TENSÃO,,"Material Elétrico > Eletrodutos PVC, Mangueiras Flexíveis e Acessórios",alta,alta,0.605,404,"FITA ISOLANTE DE BORRACHA AUTOFUSAO, USO ATE 69 KV (ALTA TENSAO), LARGURA DE 19 MM",M,4.33,4.33,2026-08,,https://universoeletrico.com.br/eletrico/produto/fita-de-advertencia-alta-tensao/
58046,CONECTOR DE EMENDA PARA DUTO CORRUGADO,,"Material Elétrico > Eletrodutos PVC, Mangueiras Flexíveis e Acessórios",sem_par,baixa,0.473,,,,,,2026-08,conector emenda duto sem par,https://universoeletrico.com.br/eletrico/produto/conector-de-emenda-para-duto-corrugado/
58039,TAMPÃO PARA DUTO CORRUGADO,,"Material Elétrico > Eletrodutos PVC, Mangueiras Flexíveis e Acessórios",alta,alta,0.764,2668,"TAMPAO / TERMINAL / PLUG, D = 2"", PARA DUTO CORRUGADO PEAD (CABEAMENTO SUBTERRANEO)",UN,6.14,6.14,2026-08,,https://universoeletrico.com.br/eletrico/produto/tampao-para-duto-corrugado/
58024,CONDUITE REFORCADO TIPO HELIFLEX,,"Material Elétrico > Eletrodutos PVC, Mangueiras Flexíveis e Acessórios",sem_par,sem_par,0.358,,,,,,2026-08,,https://universoeletrico.com.br/eletrico/produto/conduite-reforcado-tipo-heliflex/
58005,MANGUEIRA LISA PRETA REFORÇADA,,"Material Elétrico > Eletrodutos PVC, Mangueiras Flexíveis e Acessórios",sem_par,media,0.565,,,,,,2026-08,mangueira sem par,https://universoeletrico.com.br/eletrico/produto/mangueira-lisa-preta-reforcada/
58002,MANGUEIRA LISA PRETA PESADA,,"Material Elétrico > Eletrodutos PVC, Mangueiras Flexíveis e Acessórios",sem_par,media,0.566,,,,,,2026-08,mangueira sem par,https://universoeletrico.com.br/eletrico/produto/mangueira-lisa-preta-pesada/
58089,DUTO CORRUGADO PEAD,,"Material Elétrico > Eletrodutos PVC, Mangueiras Flexíveis e Acessórios",alta,alta,0.664,2668,"TAMPAO / TERMINAL / PLUG, D = 2"", PARA DUTO CORRUGADO PEAD (CABEAMENTO SUBTERRANEO)",UN,6.14,6.14,2026-08,,https://universoeletrico.com.br/eletrico/produto/duto-corrugado-pead/
58021,MANGUEIRA CINZA CORRUGADA,,"Material Elétrico > Eletrodutos PVC, Mangueiras Flexíveis e Acessórios",sem_par,baixa,0.437,,,,,,2026-08,mangueira corrugada sem par,https://universoeletrico.com.br/eletrico/produto/mangueira-cinza-corrugada/
58108,ELETRODUTO FLEXÍVEL CORRUGADO LARANJA,ARQUA,"Material Elétrico > Eletrodutos PVC, Mangueiras Flexíveis e Acessórios",alta,alta,0.715,39245,"ELETRODUTO PVC FLEXIVEL CORRUGADO, REFORCADO, COR LARANJA, DE 32 MM, PARA LAJES E PISOS",M,8.01,8.01,2026-08,,https://universoeletrico.com.br/eletrico/produto/eletroduto-flexivel-corrugado-laranja/
58105,ELETRODUTO FLEXÍVEL CORRUGADO AMARELO,ARQUA,"Material Elétrico > Eletrodutos PVC, Mangueiras Flexíveis e Acessórios",alta,alta,0.699,2689,"ELETRODUTO PVC FLEXIVEL CORRUGADO, COR AMARELA, DE 20 MM",M,2.52,2.52,2026-08,,https://universoeletrico.com.br/eletrico/produto/eletroduto-flexivel-corrugado-amarelo/
80064,CURVA HORIZONTAL 90° PARA ELETROCALHA,,"Material Elétrico > Eletrocalhas, Perfilados, Eletroduto e Acessórios",alta,alta,0.782,43920,"CURVA HORIZONTAL 90 GRAUS PERFURADA, PARA ELETROCALHA, EM CHAPA DE ACO GALVANIZADO ESPESSURA #22, 100 X 50 MM (L X A), SEM VIROLA, SEM TAMPA",UN,19.55,19.55,2026-08,,https://universoeletrico.com.br/eletrico/produto/curva-horizontal-90-para-eletrocalha/
80112,CURVA VERTICAL EXTERNA 90° PARA ELETROCALHA,,"Material Elétrico > Eletrocalhas, Perfilados, Eletroduto e Acessórios",sem_par,sem_par,0.293,,,,,,2026-08,,https://universoeletrico.com.br/eletrico/produto/curva-vertical-externa-90-para-eletrocalha/
80160,CURVA VERTICAL INTERNA 90° PARA ELETROCALHA,,"Material Elétrico > Eletrocalhas, Perfilados, Eletroduto e Acessórios",sem_par,sem_par,0.297,,,,,,2026-08,,https://universoeletrico.com.br/eletrico/produto/curva-vertical-interna-90-para-eletrocalha/
80456,CRUZETA HORIZONTAL PARA ELETROCALHA 200X100MM,,"Material Elétrico > Eletrocalhas, Perfilados, Eletroduto e Acessórios",sem_par,sem_par,0.356,,,,,,2026-08,,https://universoeletrico.com.br/eletrico/produto/cruzeta-horizontal-para-eletrocalha/
80423,FLANGE GALVANIZADA PARA ELETROCALHA,,"Material Elétrico > Eletrocalhas, Perfilados, Eletroduto e Acessórios",sem_par,sem_par,0.388,,,,,,2026-08,,https://universoeletrico.com.br/eletrico/produto/flange-galvanizada-para-eletrocalha/
80818,ACOPLAMENTO PARA PERFILADO DE 38X38MM,,"Material Elétrico > Eletrocalhas, Perfilados, Eletroduto e Acessórios",sem_par,baixa,0.446,,,,,,2026-08,acoplamento perfilado sem par,https://universoeletrico.com.br/eletrico/produto/acoplamento-para-perfilado-de-38x38mm/
80208,CURVA DE INVERSÃO 90° PARA ELETROCALHA,,"Material Elétrico > Eletrocalhas, Perfilados, Eletroduto e Acessórios",sem_par,media,0.577,,,,,,2026-08,curva inversao sem par,https://universoeletrico.com.br/eletrico/produto/curva-de-inversao-90-para-eletrocalha/
80279,TE HORIZONTAL 90° PARA ELETROCALHA,,"Material Elétrico > Eletrocalhas, Perfilados, Eletroduto e Acessórios",alta,alta,0.781,44036,"TE HORIZONTAL 90 GRAUS, PARA ELETROCALHA, EM CHAPA DE ACO GALVANIZADO, ESPESSURA #22, 50 X 50 MM (L X A), SEM VIROLA, SEM TAMPA",UN,19.87,19.87,2026-08,,https://universoeletrico.com.br/eletrico/produto/te-horizontal-90-para-eletrocalha/
80746,SUPORTE BALANÇO HORIZONTAL PARA ELETROCALHA,,"Material Elétrico > Eletrocalhas, Perfilados, Eletroduto e Acessórios",sem_par,baixa,0.444,,,,,,2026-08,suporte balanco sem par,https://universoeletrico.com.br/eletrico/produto/suporte-balanco-horizontal-para-eletrocalha/
80198,TE VERTICAL DESCIDA LATERAL PARA ELETROCALHA,,"Material Elétrico > Eletrocalhas, Perfilados, Eletroduto e Acessórios",sem_par,sem_par,0.364,,,,,,2026-08,,https://universoeletrico.com.br/eletrico/produto/te-vertical-descida-lateral-para-eletrocalha/
83341,TE VERTICAL DE DESCIDA PARA ELETROCALHA,,"Material Elétrico > Eletrocalhas, Perfilados, Eletroduto e Acessórios",sem_par,sem_par,0.394,,,,,,2026-08,,https://universoeletrico.com.br/eletrico/produto/te-vertical-de-descida-para-eletrocalha/
80132,REDUÇÃO CONCÊNTRICA PARA ELETROCALHA,,"Material Elétrico > Eletrocalhas, Perfilados, Eletroduto e Acessórios",alta,alta,0.783,43970,"REDUCAO CONCENTRICA PARA ELETROCALHA, PERFURADA, EM CHAPA DE ACO GALVANIZADO ESPESSURA #22, (75 X 50 MM) X 50 MM (L X A), SEM VIROLA, SEM TAMPA",UN,10.53,10.53,2026-08,,https://universoeletrico.com.br/eletrico/produto/reducao-concentrica-para-eletrocalha/
80054,TAMPA DE ENCAIXE GALVANIZADA PARA ELETROCALHA 3MT,,"Material Elétrico > Eletrocalhas, Perfilados, Eletroduto e Acessórios",sem_par,sem_par,0.133,,,,,,2026-08,,https://universoeletrico.com.br/eletrico/produto/tampa-de-encaixe-galvanizada-para-eletrocalha-3mt/
83333,TERMINAL DE FECHAMENTO PARA ELETROCALHA,,"Material Elétrico > Eletrocalhas, Perfilados, Eletroduto e Acessórios",sem_par,baixa,0.405,,,,,,2026-08,terminal fechamento sem par,https://universoeletrico.com.br/eletrico/produto/terminal-de-fechamento-para-eletrocalha/
80004,ELETROCALHA PERFURADA SEM VIROLA 3MTS,,"Material Elétrico > Eletrocalhas, Perfilados, Eletroduto e Acessórios",sem_par,sem_par,0.208,,,,,,2026-08,,https://universoeletrico.com.br/eletrico/produto/eletrocalha-perfurada-sem-virola/
79060,CAIXA DE TOMADA REDONDA GALVANIZADO PARA PERFILADO,,"Material Elétrico > Eletrocalhas, Perfilados, Eletroduto e Acessórios",sem_par,baixa,0.409,,,,,,2026-08,caixa tomada perfilado sem par,https://universoeletrico.com.br/eletrico/produto/caixa-de-tomada-galvanizado-para-perfilado/
79022,PERFILADO GALVANIZADO PERFURADO 38X38MM,,"Material Elétrico > Eletrocalhas, Perfilados, Eletroduto e Acessórios",alta,alta,0.641,39029,"PERFILADO PERFURADO DUPLO 38 X 76 MM, CHAPA 22",M,13.84,13.84,2026-08,,https://universoeletrico.com.br/eletrico/produto/perfilado-galvanizado-perfurado-38x38mm/
79052,JUNÇÃO GALVANIZADA RÁPIDA 38X38,,"Material Elétrico > Eletrocalhas, Perfilados, Eletroduto e Acessórios",sem_par,sem_par,0.135,,,,,,2026-08,,https://universoeletrico.com.br/eletrico/produto/juncao-galvanizada-rapida-38x38/
79332,VERGALHÃO GALVANIZADO COM ROSCA 3MTS,,"Material Elétrico > Eletrocalhas, Perfilados, Eletroduto e Acessórios",sem_par,baixa,0.457,,,,,,2026-08,vergalhao sem par,https://universoeletrico.com.br/eletrico/produto/vergalhao-galvanizado-com-rosca-3mts/
7055,ABRAÇADEIRA GALVANIZADA TIPO GOTA 3/4”,,"Material Elétrico > Eletrocalhas, Perfilados, Eletroduto e Acessórios",familia,baixa,0.442,400,"ABRACADEIRA EM ACO PARA AMARRACAO DE ELETRODUTOS, TIPO D, COM 3/4"" E PARAFUSO DE FIXACAO",UN,1.63,1.63,2026-08,"gota: tipo D, fixacao indefinida",https://universoeletrico.com.br/eletrico/produto/abracadeira-galvanizada-tipo-gota/
7020,ABRAÇADEIRA TIPO ÔMEGA 3/4”,,"Material Elétrico > Eletrocalhas, Perfilados, Eletroduto e Acessórios",familia,media,0.509,39138,"ABRACADEIRA EM ACO PARA AMARRACAO DE ELETRODUTOS, TIPO U SIMPLES, COM 3/4""",UN,0.71,0.71,2026-08,omega vs U simples,https://universoeletrico.com.br/eletrico/produto/abracadeira-tipo-omega/
7002,ABRAÇADEIRA GRAMPO U VERGALHÃO 3/4 X 1/4″ GE,,"Material Elétrico > Eletrocalhas, Perfilados, Eletroduto e Acessórios",familia,baixa,0.435,39138,"ABRACADEIRA EM ACO PARA AMARRACAO DE ELETRODUTOS, TIPO U SIMPLES, COM 3/4""",UN,0.71,0.71,2026-08,grampo U vergalhao diferente,https://universoeletrico.com.br/eletrico/produto/abracadeira-grampo-u-vergalhao/
7011,ABRAÇADEIRA TIPO D COM PARAFUSO 3/4”,,"Material Elétrico > Eletrocalhas, Perfilados, Eletroduto e Acessórios",alta,alta,0.696,400,"ABRACADEIRA EM ACO PARA AMARRACAO DE ELETRODUTOS, TIPO D, COM 3/4"" E PARAFUSO DE FIXACAO",UN,1.63,1.63,2026-08,,https://universoeletrico.com.br/eletrico/produto/abracadeira-tipo-d-com-parafuso/
7029,ABRAÇADEIRA TIPO D COM CUNHA 3/4”,,"Material Elétrico > Eletrocalhas, Perfilados, Eletroduto e Acessórios",alta,alta,0.708,39128,"ABRACADEIRA EM ACO PARA AMARRACAO DE ELETRODUTOS, TIPO D, COM 3/4"" E CUNHA DE FIXACAO",UN,1.67,1.67,2026-08,,https://universoeletrico.com.br/eletrico/produto/abracadeira-tipo-d-com-cunha/
8222,UNIDUTE CONICO ALUMINIO,,"Material Elétrico > Eletrocalhas, Perfilados, Eletroduto e Acessórios",sem_par,sem_par,0.37,,,,,,2026-08,,https://universoeletrico.com.br/eletrico/produto/unidute-conico-aluminio/
8213,UNIDUTE RETO ALUMINIO,,"Material Elétrico > Eletrocalhas, Perfilados, Eletroduto e Acessórios",sem_par,baixa,0.456,,,,,,2026-08,unidute sem par,https://universoeletrico.com.br/eletrico/produto/unidute-reto-aluminio/
8140,UNIDUTE MULTIPLO ALUMINIO S/ROSCA,,"Material Elétrico > Eletrocalhas, Perfilados, Eletroduto e Acessórios",sem_par,sem_par,0.332,,,,,,2026-08,,https://universoeletrico.com.br/eletrico/produto/unidute-multiplo-aluminio-s-rosca/
15020,LUVA GALVANIZADA,,"Material Elétrico > Eletrocalhas, Perfilados, Eletroduto e Acessórios",familia,baixa,0.463,3915,"LUVA DE FERRO GALVANIZADO, COM ROSCA BSP, DE 4""",UN,190.89,190.89,2026-08,luva galvanizada sem bitola,https://universoeletrico.com.br/eletrico/produto/luva-galvanizada/
15044,CURVA GALVANIZADA 45°GRAUS,,"Material Elétrico > Eletrocalhas, Perfilados, Eletroduto e Acessórios",familia,baixa,0.447,1110,"CALHA PLATIBANDA DE CHAPA DE ACO GALVANIZADA NUM 26, CORTE 45 CM",M,32.31,32.31,2026-08,curva 45 sem bitola,https://universoeletrico.com.br/eletrico/produto/curva-galvanizada-45-graus/
15035,CURVA GALVANIZADA TIPO S,,"Material Elétrico > Eletrocalhas, Perfilados, Eletroduto e Acessórios",sem_par,baixa,0.448,,,,,,2026-08,curva S galvanizada sem par,https://universoeletrico.com.br/eletrico/produto/curva-galvanizada-tipo-s/
15011,CURVAS 90° GRAUS GALVANIZADAS,,"Material Elétrico > Eletrocalhas, Perfilados, Eletroduto e Acessórios",sem_par,sem_par,0.348,,,,,,2026-08,,https://universoeletrico.com.br/eletrico/produto/curvas-90-galvanizadas/
16002,ELETRODUTO PESADO G.F. EB-342,,"Material Elétrico > Eletrocalhas, Perfilados, Eletroduto e Acessórios",sem_par,sem_par,0.131,,,,,,2026-08,,https://universoeletrico.com.br/eletrico/produto/eletroduto-pesado-g-f-eb-342/
14002,ELETRODUTOS A FOGO,,"Material Elétrico > Eletrocalhas, Perfilados, Eletroduto e Acessórios",sem_par,baixa,0.402,,,,,,2026-08,eletroduto a fogo sem par,https://universoeletrico.com.br/eletrico/produto/eletrodutos-a-fogo/
15003,ELETRODUTOS SEMI PESADOS,,"Material Elétrico > Eletrocalhas, Perfilados, Eletroduto e Acessórios",sem_par,sem_par,0.366,,,,,,2026-08,,https://universoeletrico.com.br/eletrico/produto/eletrodutos-semi-pesados/
15032,ELETRODUTOS LEVES,,"Material Elétrico > Eletrocalhas, Perfilados, Eletroduto e Acessórios",sem_par,sem_par,0.4,,,,,,2026-08,,https://universoeletrico.com.br/eletrico/produto/eletrodutos-leves/
199055,PROGRAMADOR ENDERECAVEL 80E COMPACT,SEGURIMAX,Prevenção Contra Incêndio,sem_par,sem_par,0.202,,,,,,2026-08,,https://universoeletrico.com.br/eletrico/produto/programador-enderecavel-80e-compact/
199042,PAINEL REPETIDOR SMART,SEGURIMAX,Prevenção Contra Incêndio,sem_par,sem_par,0.236,,,,,,2026-08,,https://universoeletrico.com.br/eletrico/produto/painel-repetidor-smart/
199058,MODULO DE ENDERECAMENTO COMPACT,SEGURIMAX,Prevenção Contra Incêndio,sem_par,sem_par,0.288,,,,,,2026-08,,https://universoeletrico.com.br/eletrico/produto/modulo-de-enderecamento-compact/
199043,FONTE AUXILIAR SMART,SEGURIMAX,Prevenção Contra Incêndio,sem_par,sem_par,0.324,,,,,,2026-08,,https://universoeletrico.com.br/eletrico/produto/fonte-auxiliar-smart/
199048,DETECTOR DE TEMPERATURA ENDER.TERMOVELOC,,Prevenção Contra Incêndio,sem_par,baixa,0.438,,,,,,2026-08,detector termovelocimetrico sem par,https://universoeletrico.com.br/eletrico/produto/detector-de-temperatura-ender-termoveloc/
199059,DETECTOR DE TEMPERATURA CONVEN. TERMICO,SEGURIMAX,Prevenção Contra Incêndio,sem_par,sem_par,0.397,,,,,,2026-08,,https://universoeletrico.com.br/eletrico/produto/detector-de-temperatura-conven-termico/
199072,DETECTOR DE GÁS CONVENC 12/24 V – GLP/GN,SEGURIMAX,Prevenção Contra Incêndio,sem_par,sem_par,0.189,,,,,,2026-08,,https://universoeletrico.com.br/eletrico/produto/detector-de-gas-convenc-12-24-v-glp-gn/
199040,CAIXA QUEBRA VIDRO (PORTA CHAVE),,Prevenção Contra Incêndio,sem_par,baixa,0.475,,,,,,2026-08,caixa quebra vidro sem par,https://universoeletrico.com.br/eletrico/produto/caixa-quebra-vidro-porta-chave/
152041,TERMINADOR OPTICO ACO 12F PRETO,,Cabeamento Estruturado > Fibra Óptica,sem_par,sem_par,0.283,,,,,,2026-08,,https://universoeletrico.com.br/eletrico/produto/terminador-optico-aco-12f-preto/
152043,DIO INTERNO PRO FS 24F SM/SC APC,,Cabeamento Estruturado > Fibra Óptica,sem_par,sem_par,0.239,,,,,,2026-08,,https://universoeletrico.com.br/eletrico/produto/dio-interno-pro-fs-24f-sm-sc-apc/
152001,"CORDAO OPT DUPLEX MM OM3 2,5SC UPC/SC U",,Cabeamento Estruturado > Fibra Óptica,sem_par,sem_par,0.273,,,,,,2026-08,,https://universoeletrico.com.br/eletrico/produto/cordao-opt-duplex-mm-om3-25sc-upc-sc-u/
49061,INTERFONE AZ-S BRANCO,,Cabeamento Estruturado > Telefonia,sem_par,sem_par,0.297,,,,,,2026-08,,https://universoeletrico.com.br/eletrico/produto/interfone-az-s-branco-2/
149001,CABO OPTICO CFOA SM ASU80 4F,,Cabeamento Estruturado > Fibra Óptica,sem_par,sem_par,0.258,,,,,,2026-08,,https://universoeletrico.com.br/eletrico/produto/cabo-optico-cfoa-sm-asu80-4f/
49060,PORTEIRO ELETRONICO C/INTERFONE F8-S,,Cabeamento Estruturado > Telefonia,sem_par,sem_par,0.259,,,,,,2026-08,,https://universoeletrico.com.br/eletrico/produto/porteiro-eletronico-c-interfone-f8-s/
49059,FECHADURA ELETRICA DE SOBREPOR PRETA C90,,Cabeamento Estruturado > Telefonia,sem_par,sem_par,0.144,,,,,,2026-08,,https://universoeletrico.com.br/eletrico/produto/fechadura-eletrica-de-sobrepor-preta-c90/
49067,CENTRAL HDL 32P,,Cabeamento Estruturado > Telefonia,sem_par,sem_par,0.288,,,,,,2026-08,,https://universoeletrico.com.br/eletrico/produto/central-hdl-32p/
125369,PLUGUE RJ45 CAT 5E,,Cabeamento Estruturado > Fibra Óptica | Cabeamento Estruturado > Racks,revisado,media,0.531,39602,"CONECTOR MACHO RJ 45, CATEGORIA 5 E (CAT 5E) PARA CABOS",UN,1.73,1.73,2026-08,conector macho RJ45 cat5e,https://universoeletrico.com.br/eletrico/produto/plugue-rj45-cat-5e/
125011,PATCH PANEL 24P CAT 6 UTP LCS2,,Cabeamento Estruturado > Fibra Óptica | Cabeamento Estruturado > Racks,sem_par,sem_par,0.389,,,,,,2026-08,,https://universoeletrico.com.br/eletrico/produto/patch-panel-24p-cat-6-utp-lcs2/
125178,CABO CAT6 LSZH AZUL,,Cabeamento Estruturado > Cabos de Rede,revisado,media,0.588,39599,"CABO DE REDE, PAR TRANCADO UTP, 4 PARES, CATEGORIA 6 (CAT 6), ISOLAMENTO LSZH",M,8.3,8.3,2026-08,cabo cat6 LSZH,https://universoeletrico.com.br/eletrico/produto/cabo-cat6-lszh-azul-caixa-com-305mts/
125103,VENTILADOR DUPLO P/GABINETE LINKEO 220V,,Cabeamento Estruturado > Racks,sem_par,baixa,0.487,,,,,,2026-08,ventilador gabinete sem par,https://universoeletrico.com.br/eletrico/produto/ventilador-duplo-p-gabinete-linkeo-220v/
125072,PLACA ACABAMENTO. 14X19″ PA-1U P/RACK TORRE,,Cabeamento Estruturado > Racks,sem_par,sem_par,0.143,,,,,,2026-08,,https://universoeletrico.com.br/eletrico/produto/placa-acabamento-14x19-pa-1u-p-rack-torre/
125111,ORGANIZADOR DE CABOS HORIZONTAL 1U 19″ LINKEO,,Cabeamento Estruturado > Racks,sem_par,sem_par,0.095,,,,,,2026-08,,https://universoeletrico.com.br/eletrico/produto/organizador-de-cabos-horizontal-1u-19-linkeo/
125105,BANDEJA FIXA PARA 600MM LINKEO,,Cabeamento Estruturado > Racks,sem_par,sem_par,0.292,,,,,,2026-08,,https://universoeletrico.com.br/eletrico/produto/gabinete-rack-20u-1048x600x600-linkeo-copia/
125122,GABINETE RACK 20U 1048X600X600 LINKEO,,Cabeamento Estruturado > Racks,sem_par,sem_par,0.089,,,,,,2026-08,,https://universoeletrico.com.br/eletrico/produto/gabinete-rack-44u-2115x600x600mm-linkeo/
125002,CONECTOR FEMEA RJ45 CAT5E KEYST. BR LCS2,,Cabeamento Estruturado > Racks,revisado,baixa,0.45,39600,"CONECTOR / TOMADA FEMEA RJ 45, CATEGORIA 5 E (CAT 5E) PARA CABOS",UN,16.31,16.31,2026-08,conector femea RJ45 cat5e,https://universoeletrico.com.br/eletrico/produto/conector-femea-rj45-cat5e-keyst-br-lcs2/
12274,"CABO FLEXIVEL 0,6/1KV 240MM² PRETO",,Condutores,alta,alta,0.605,1015,"CABO DE COBRE, FLEXIVEL, CLASSE 4 OU 5, ISOLACAO EM PVC/A, ANTICHAMA BWF-B, COBERTURA PVC-ST1, ANTICHAMA BWF-B, 1 CONDUTOR, 0,6/1 KV, SECAO NOMINAL 240 MM2",M,307.27,307.27,2026-08,,https://universoeletrico.com.br/eletrico/produto/cabo-flexivel-06-1kv-240mm%c2%b2-preto/
79056,GANCHO CURTO GALVANIZADO PARA PERFILADO,,"Material Elétrico > Eletrocalhas, Perfilados, Eletroduto e Acessórios",sem_par,baixa,0.491,,,,,,2026-08,gancho perfilado sem par,https://universoeletrico.com.br/eletrico/produto/gancho-curto-galvanzado-para-perfilado/
199036,Acionador Manual com Sirene 12V/24V CONVENCIONAL,,Prevenção Contra Incêndio,sem_par,sem_par,0.201,,,,,,2026-08,,https://universoeletrico.com.br/eletrico/produto/acionador-manual-com-sirene-12v-24v-convencional/
